rainfall_24h,rainfall_7d,soil_moisture,slope_angle,elevation,ndvi,risk_score,risk_level
93.63502971184062,216.74749015136572,65.75967026268742,40.65413247428021,1814.6564136711193,0.36759469569669373,82.21422067859035,High
237.67857660247904,205.11325126687987,84.4345863439989,14.481249915784142,1733.843360812163,0.3329752817966928,100.0,High
182.99848545285127,725.941118611619,80.81287438321272,52.98170098451482,284.59778672522623,0.19973082562743105,100.0,High
149.66462104925915,207.1414978811098,32.311992375501895,38.72139314880828,2310.30239201921,0.5661766695862648,81.57754167062284,High
39.00466011060913,224.8402836416185,31.939957579317912,13.646213595632483,1442.756895284208,0.45513053643233453,39.54490317442662,Low
38.99863008405066,609.9246273101913,41.453949419593066,57.928593161466374,941.1275267824263,0.7858458434754031,85.82535908928857,High
14.520903042049865,365.2944755359266,48.88597810728298,33.510100483442635,1903.5195295635012,0.07729314340974952,69.68594701427119,Moderate
216.5440364437338,623.6013399945931,52.67644651267861,9.009414852941024,680.5453730840035,0.5972877384218575,99.36636959933887,High
150.2787529358022,61.63926447586434,74.37577734666762,39.475809742828694,1749.099100763485,0.6985065467348269,80.90406871385782,High
177.01814444901137,395.1812430019736,24.534434573266832,18.92593988570456,147.29245855200568,0.695563583810061,70.53337544076787,High
5.146123573950612,36.554744144793275,22.77381633808531,49.203139853251635,2106.549692142716,0.8031628720311964,38.21543440514794,Low
242.47746304049858,59.49603072973007,51.35284503551272,49.98021404614048,1148.0185752022303,0.66967868140507,98.49367296405852,High
208.11066020010543,726.0855881420847,75.77309537103844,58.842104572006406,1609.8976401769573,0.8386385524005419,100.0,High
53.084777669569036,120.00384318290018,35.47482743651861,32.602824206347705,592.032658526375,0.3327581098477577,47.68368295873302,Moderate
45.45624180177516,430.6123389974215,71.32035850050013,30.02262838502554,1708.8305960131975,0.47772800423881157,76.69297844041984,High
45.85112746335845,334.76552605455817,40.786251035223955,46.441158299556434,1941.9886759385276,0.061967713790457075,81.19033234195562,High
76.06056073988444,284.4012277444857,90.8868887050813,12.28588609880596,1209.372307866777,0.055913949207797534,74.08970005678553,High
131.18910790805947,720.8683430929452,91.65519554132932,35.08035325862183,1563.430963951396,0.2541076273837919,100.0,High
107.98625466052894,27.240483452636706,43.78297634250612,35.0436180071968,1167.9985133648765,0.13568611756822246,64.7022920905007,Moderate
72.80728504951048,534.3938520787153,38.39950031705924,9.921021754571296,2240.5238546817213,0.27117966274539057,72.3711334151959,High
152.96322368059487,771.0816030287049,52.9043177652985,27.989124702880247,1269.779492260082,0.2004868003491378,100.0,High
34.87346516301046,452.5328649348551,39.242526814411896,51.93066392119611,2112.4313371206063,0.074242021112851,89.57762413062636,High
73.03616213380454,750.0897450061425,73.79070746333629,52.08844920970631,2013.312542762109,0.8229085244451421,100.0,High
91.59046082342293,51.28372463595878,86.08517476386284,10.458071570582455,1055.7368123034735,0.0569896616805578,60.10309396061534,Moderate
114.01749605425898,340.8467220685875,73.84737047289735,9.989648551130697,613.7070050508138,0.6756698226865226,65.08861337305304,Moderate
196.2939903482534,215.5246548600204,85.94803577994796,19.44825123510644,1044.901224771439,0.17932570388158903,96.53857465900914,High
49.91844553958993,587.3485623347765,51.75937297659793,53.11213344046964,2074.2325706492893,0.8253951786996601,91.7877200247336,High
128.5586096034029,785.2247014928249,32.50535765670887,12.089642179042443,607.6997127575113,0.8088765486514029,81.48497160377067,High
148.1036422155106,212.65874933095577,79.03607579180738,44.59982414450955,1334.869047351486,0.6058159744138688,93.81269237605088,High
11.61260317999943,526.7979351645188,48.83796041132431,10.564109078720676,2024.9370325038312,0.6213990273305144,54.62021050460663,Moderate
151.8862129753596,166.4971298801947,73.7016660183306,39.272581956130395,916.0198140645281,0.054538270674235265,94.64088292256115,High
42.631030921822884,456.6109011115718,41.65151535854125,24.583701451552965,1623.4136106566086,0.8871408311965617,57.39887451231209,Moderate
16.262898246319878,376.5066644837856,26.49837078453381,48.39026796312269,651.7973564195956,0.7961577130394423,54.49957084199541,Moderate
237.22138431333332,777.8842104089143,99.40654363902107,17.852974685394997,317.7346411519918,0.8108402918705783,100.0,High
241.40800826863983,490.7365454302086,32.49612063444794,40.156100616447794,1996.241351477498,0.6103578564932411,100.0,High
202.09933702911528,286.1100339485868,99.07367951707849,17.962539401673673,292.47312735133175,0.34306888935635604,98.31333627787426,High
76.15344229334268,100.13567006146737,98.18239460531578,44.25131557116846,714.8844179449823,0.8096013517269087,69.98156876971821,Moderate
24.418028501595966,129.4849947005983,83.50544831264317,53.05229190084118,2145.018083893728,0.2977893889285135,78.04157160048213,High
171.05825662803923,188.00037466147572,72.7538369665598,11.974098951971802,898.8497533427346,0.5283048118408724,73.50691650018474,High
110.03812343490033,208.26366245883543,66.22456402008677,52.662762872752694,2433.9611063096945,0.13477132649230003,100.0,High
30.509558711194707,681.9866856944989,89.28812363022678,37.646638992786386,2450.3491201959564,0.8336622856128376,96.13388095246066,High
123.79422752781754,453.3660027431947,43.15516172955903,11.991076997686319,707.2762501112139,0.16965488910553134,75.66003203473187,High
8.597130278804599,423.4788199857495,57.41449699879016,28.51480204478416,150.3966445122316,0.24116228487084618,59.47013038411466,Moderate
227.33010051969552,100.6674087766818,69.55119754932015,13.847316141680384,1777.4050463031788,0.5244140344089827,85.36635400997642,High
64.69499540000423,689.5103577460536,52.895238069559284,43.519133887661326,1154.916931488442,0.6994790501810343,92.94349065479538,High
165.6305710884955,581.0232995347021,54.19891632722144,46.73774739298723,296.8444677009619,0.5764486100458541,100.0,High
77.92776902235273,63.45800590100125,46.422773400166754,10.818808615003942,1783.430906496205,0.24731382588013273,46.37615282541891,Moderate
130.0170052944527,569.1897268115173,65.13854533476288,32.837691898205435,126.378527324207,0.05080158614836679,100.0,High
136.67756983581992,439.3951917006904,88.04596224120928,49.80437808142545,2181.9818917059933,0.6935779932613233,100.0,High
46.21361388138176,74.56302313995482,36.12227024050503,56.48896728530481,389.6986963275941,0.8874262270244296,48.17010764509915,Moderate
242.39615694113965,372.0575068076386,94.75464310027532,33.24348267079735,361.91410292947626,0.7384261522601768,100.0,High
193.78320584027864,392.91006683273713,75.12701229985836,57.265357298627386,480.3971300230321,0.441175625433123,100.0,High
234.87473539104727,140.96188672898785,85.86185701440242,34.462893375081634,2402.652578305563,0.8182021721892406,100.0,High
223.70683760691222,757.101536130223,64.49525541040093,26.680477202994936,1748.2649326219228,0.3983705221505975,100.0,High
149.47499470277128,681.4805434697229,82.36133611392508,51.65117207040925,2013.36026188591,0.4961939716069474,100.0,High
230.4685587557792,538.5276464899956,21.296031787157375,32.1140490751949,1024.205715045245,0.45556030228633076,100.0,High
22.123125512979875,375.2134931904797,85.47043398236282,30.954638081048767,873.9661823871411,0.4304802917656962,69.76272781182807,Moderate
48.9957156047863,335.29477785176175,23.211108726829323,31.967186917540555,624.4858166187663,0.7089121538998199,49.00075853150593,Moderate
11.306822227634516,524.2690390492538,91.193070109029,51.573175102836,1227.587669365402,0.49775357117906815,92.00250214819071,High
81.33258269081608,440.8911768314553,99.35701977909146,50.756784792842865,1401.9803971587128,0.3192095537214336,100.0,High
97.1693224223705,59.19575364668964,43.525396974142225,27.193599584211615,1597.8483669492507,0.26943444250970655,58.80187684327464,Moderate
67.83725794347397,414.87709252856206,36.82548450286349,23.331492292878877,679.9403347968016,0.08208521942231839,67.95210536489058,Moderate
207.18437728798233,647.0588576139432,81.22906910864326,32.05604132215211,2374.202498212327,0.5457158876005891,100.0,High
89.18833167339731,372.79950330159687,40.242107273620256,36.50248803554099,465.90832060748284,0.24546720309087905,75.69978451883253,High
70.23362742184518,51.045696267872046,89.24499065377628,18.10854658453983,2415.85027817771,0.1759138337139256,65.97099466899994,Moderate
135.67402078956212,631.1597775133862,28.227407372598137,48.667529659357484,86.39750014338429,0.6057554692535261,97.34837676902211,High
35.23105624369066,169.07738788741977,30.076415710348662,31.75655211528326,1228.7579449512718,0.6290278691483165,42.38144731498251,Moderate
200.54924518850993,214.31045956155063,98.33212440804925,23.372505163097777,866.7512033855788,0.6893316584190161,93.59701335897915,High
18.637660919942707,140.11801921151377,73.90711186160037,10.875154613019482,1150.3523641291144,0.47804036188780274,38.89538591868612,Low
246.72173415012932,270.8699012484831,87.75097795431623,18.13648382219838,1448.1282185029331,0.8099464144233036,100.0,High
193.06119232416435,607.8336894940217,45.94635018812144,57.2104644465791,1117.1934371311372,0.8458913403884937,100.0,High
49.6789203835431,420.3148290081105,74.11869996164836,21.780482775073963,1066.3747832389076,0.736265298823616,64.62027455452814,Moderate
1.3805292809005998,171.85620657906293,67.53934618468777,14.287260915186943,1845.172367762601,0.5902544597069591,38.7648938509075,Low
203.86535711370854,703.4857617401123,68.25200960983577,30.337003541024625,1730.3968739618383,0.3081628105525103,100.0,High
176.71433596190428,704.8696654117081,74.60259676301773,21.88982588481368,2091.514640987827,0.885503183377188,100.0,High
182.25179201024682,697.7569557863454,66.02873385032788,6.933758764915678,662.3995040367641,0.28301574211314756,100.0,High
192.81758667148642,198.64900699141603,54.324989544213274,22.772986950367947,1543.3448488974557,0.2222583836918664,89.15482120624881,High
18.51116293352259,366.4790819029806,42.07381555044375,34.925974316670775,1483.727224212492,0.4258309967185953,61.13890691065069,Moderate
89.61643213606816,788.1418283512913,81.48650647305615,35.344180461098176,955.8576366380875,0.0983144851055302,100.0,High
28.96726488128243,619.8898562848924,38.101794400254896,24.61074066472888,1240.8409776615683,0.8817202949710222,61.32694898195535,Moderate
215.77585646889838,31.462262768192257,75.38834449235313,29.601651593893035,818.7662510990353,0.5501685229539611,85.40679891530947,High
155.82453170688947,61.51162709578872,38.66662581194613,58.10348550291215,397.51877416161375,0.5234092779145489,79.90557479008594,High
82.7245062131623,376.5057876817429,70.02641359635632,25.75416624766714,573.8129661236954,0.6074268379147619,70.47325251584357,High
15.889587571505908,728.2839626306326,79.76626137032231,19.202474729299063,308.50843368294267,0.4724701006106256,76.64231436613379,High
77.74558042891555,435.57442038264423,37.497111112523136,18.390687423671807,1723.520459215804,0.07725398953036035,73.66860356099623,High
81.29583050668676,403.2718813470893,24.795464068904664,30.177053698727377,1668.7821131174212,0.5704645955143373,67.21066756346968,Moderate
182.40154458451602,93.32422296573816,30.477899439533928,46.773608179431925,2378.9856103706884,0.6587477954129661,85.31147606944879,High
159.38936783880328,528.8562827321923,68.47975738168203,16.329350130366024,1837.7121134357412,0.40423670153044516,99.86734262734147,High
221.80318564408162,659.4614968741781,87.95571249805884,44.01128699274224,177.51230495252204,0.693701236260514,100.0,High
118.05373129048732,310.53180593097426,23.59974569883395,6.1632402842178955,2216.400676125938,0.2429511044376575,62.398642634909336,Moderate
29.898561484575424,622.7333622310088,78.7321007233317,28.04131378911703,2163.554149217028,0.2380851024062564,92.32040834316523,High
178.31119680574875,771.9365565816412,47.305491676004166,47.67257858615328,1136.1347858931117,0.18720443953443788,100.0,High
190.19626215422437,170.9755027108744,58.2822695935618,23.630312567593727,1485.3644737934078,0.36619554582078756,85.78139442777913,High
140.31929939237406,423.4304086438456,94.30876398764525,36.005540579496966,2441.391914557671,0.769960230080721,100.0,High
192.74179498864024,236.83898688681467,46.557720378867636,16.273857805425095,1354.1456914280072,0.7537252528267047,74.36253170415569,High
123.44889909109769,636.354991036733,57.22695471515888,45.80974651193948,2268.03847952142,0.3754005767689782,100.0,High
130.68320734549852,466.2987590461144,21.09459318085449,7.8753506797817785,253.44495663495678,0.5507509255832012,59.5292951775682,Moderate
106.88525458963741,511.32010986473995,26.52789760038707,51.88984546815252,518.077078336273,0.6626938690036783,86.54262718563504,High
6.354781686023797,640.3521860965564,40.68732729078272,15.900801253191748,1129.8496114312286,0.2550257584338195,63.41968654387545,Moderate
26.972856748326112,322.81667340333934,22.228179265685952,53.09189174395819,1482.6541804263966,0.192919923010535,70.42192459005307,High
7.857296421683563,732.9211540415641,70.51002608386008,24.389108271528453,2049.7582370638606,0.8762815942304644,77.1855251460867,High
159.1026028159451,431.0928051244506,54.111868544129806,44.74759659609676,2471.242182100808,0.5749237162281757,100.0,High
78.58899526908166,134.78431003992495,63.85161621824176,22.557391378240364,1002.6861663615853,0.8842033635586143,48.29219711067509,Moderate
127.1426727911757,559.760303353354,33.971774871706366,54.82514191790562,166.16830854320807,0.3370925890623947,100.0,High
226.89161848152327,636.6764668462209,43.67456235492929,11.96504190351059,2012.8701830735458,0.6475769449780118,100.0,High
62.32305728721874,260.2417248833461,73.10595798821801,14.818588409992929,1530.73276175288,0.23921309106005206,64.23727412883316,Moderate
102.59573075890744,687.1716130290148,97.22421789043199,32.11665688373412,536.4300042270941,0.272020145582826,100.0,High
188.88778463576216,725.8531712649554,24.033341888176736,9.506614147098038,1262.3297187224794,0.48511680307918037,96.0753507960189,High
57.199541372905614,228.75454502846904,91.23074566842129,15.778910158596906,1868.6601015576248,0.3216754066818605,67.48783029487639,Moderate
19.24497745719825,786.9819634450254,66.15049610489667,56.90715102166079,1937.5088783181773,0.19247832926449682,100.0,High
72.43786322844201,121.16210715851915,65.1135653404499,58.70693136313379,1274.0651093969668,0.2734485966909271,82.34788213448846,High
40.3053218135011,169.59237803796708,60.02228281662083,25.694263113173207,797.7755988157048,0.08038613529598494,56.2925969085479,Moderate
232.42441308564327,155.53762299804063,25.55152687233467,55.78073115576646,2435.669325994309,0.6487600782558637,100.0,High
202.03009489110423,716.2518709062176,27.19014813889285,34.96535716203874,1675.2383968434074,0.4682991585229824,100.0,High
158.35093912760587,526.8911163367198,68.07296045272689,19.835835623057186,1050.1819223984319,0.13010660644384678,100.0,High
217.86514754692942,130.16238374559558,47.27668571484466,43.63192965943293,737.1348993013984,0.19593989415921753,98.44259187978608,High
200.91801922477862,357.8555005109957,93.38144532621445,41.239599361617145,1841.2023083587271,0.1371543573957474,100.0,High
46.64251472150896,496.0854398051436,52.52724298875778,59.401892550980335,643.3494417047309,0.570703887034495,87.33995992370788,High
223.13974962249443,75.9366271416128,31.46251669621129,19.57760080751058,470.689472985536,0.13007880907061972,75.82316688084734,High
134.83556047891267,707.1089310417976,77.17750668016288,41.963272646395446,1348.0930279570723,0.6911399830799337,100.0,High
201.86003879101563,644.8467929988128,43.46827371528079,7.861306526619579,760.4691119781476,0.0674342814223325,100.0,High
224.0228249808733,409.1133511255442,62.03762458847145,11.250532128319566,1590.817605062857,0.2619694197965083,100.0,High
79.50086874296596,774.0300260547447,75.8266228404136,5.21551062231013,338.949753441872,0.8070666745081211,77.23761006942604,High
27.51298113191919,340.03117362732877,92.02112889616564,59.970337458282025,1654.6057061899378,0.6607516204039091,89.42128364707428,High
56.98379063548542,787.4471520388332,83.37529558413408,49.125053343111276,744.0764935943704,0.11202308298683455,100.0,High
106.77694715656408,537.6567990548654,74.10888542981793,48.269765810344744,50.59518936455619,0.7479571888124028,96.14809627160501,High
204.50369148062327,511.39030587061376,74.37065459161148,33.034934140849884,360.99334130173213,0.46907985330917407,100.0,High
215.18264581408587,141.10436728367014,95.67397152256692,21.503689559799195,2337.3576756959806,0.7697655730935049,96.31704184955547,High
1.7380326327976758,706.7229290606688,43.66592779972288,13.319535645447175,2175.0188658326265,0.5606288082828345,65.32699521238524,Moderate
127.68682564439143,347.716853457286,20.08896753569499,20.6571106365555,622.3421284887803,0.6295580772279299,60.18759027601401,Moderate
104.35275078719475,138.1643905681587,41.7563647518559,25.67841720610265,1957.0111661364535,0.894476326336352,54.14983117342379,Moderate
55.52695261768256,19.959940780849642,37.43131037013952,46.597055333916174,1541.000403276237,0.24748521403541546,58.181273264572226,Moderate
29.9663418334207,452.2069900743222,72.94676680911985,34.68139838967338,2428.71654305218,0.5803537385471801,79.84916902524722,High
84.403792850907,426.6457014769143,70.69692798124233,9.261599460551547,965.3338658584448,0.4412731815487886,68.28044662095964,Moderate
235.7274259781298,578.2893616716352,67.4769106163779,5.991595492740173,1719.5785006670696,0.08353415998428773,100.0,High
80.8007330051888,713.3038618840637,21.299475456756298,10.628269874373473,205.66251993860052,0.06230004527743528,73.77952281425418,High
129.6976554358415,72.73120186799332,78.3022443560518,27.577429253355863,1020.8059997001945,0.1513442911451799,76.69319138734933,High
175.75473972379447,587.8822273688862,45.88243299883932,56.32561043769601,2411.353269911042,0.6017279794577659,100.0,High
90.9074005948235,158.05543583708996,73.2044791205305,40.05713646650719,1370.5031424027954,0.5320886247263834,74.75635718741447,High
242.94552068024018,687.9598719941596,64.52627428017226,49.100424493153334,755.3047831703692,0.5204151269891684,100.0,High
240.61182373552782,657.0601759507083,47.418474034232574,30.65060269775017,344.6638596650868,0.07707824814902108,100.0,High
62.945573956341036,437.22706643858004,30.76610136832862,24.891634575727352,1773.6444334447497,0.448907546906006,66.27892946434683,Moderate
124.31212647309636,571.0918109124161,27.553511812838476,10.962020499414251,1629.8973064028307,0.8359293951661493,70.10830076632043,High
75.21957745419242,258.33658941516126,86.52146664897788,53.17631622024127,966.1498483292478,0.3879530889140496,90.41714158387555,High
71.2101235943669,382.22264015692355,93.47180336652464,48.07380159653466,2379.806312071294,0.5811840993201879,99.32681542047413,High
9.221736838633198,659.0931491912726,71.98304374114397,14.246495367874882,104.39689182023328,0.712845874279672,60.12026488950459,Moderate
152.39108349497423,372.819505766839,28.27472918883867,33.17433101319433,794.1234364979732,0.7163364872706045,77.01750304175157,High
125.66975580721537,292.660629607099,52.162177351059256,31.805614435668467,2306.6202414339746,0.4913880700359806,84.21740258903783,High
12.869687812497338,400.4278333277369,78.31513600841258,39.38003539775907,836.2918238826289,0.7792591535919859,66.1033594842382,Moderate
69.66161605915286,664.3169094254025,82.38567072080545,57.040279169519366,668.0194429451675,0.3826713793591849,100.0,High
227.06647149166344,274.8143574229895,29.457489783287087,36.887429296936375,1358.840004331556,0.8053892325670786,91.55475498699047,High
59.89047266674311,147.2716585772376,20.002457507630595,34.71194967282402,2068.3142873053175,0.2541930914362135,56.34180383161727,Moderate
36.22371802280577,572.4910760613168,76.9709636704484,7.767761311406517,302.7095641519846,0.2881839459419854,66.78525327604922,Moderate
122.36319006939075,662.5227880393846,48.52769407889645,8.459911180991316,2360.4007386320536,0.09515253056915093,96.81777773185789,High
246.41261352765017,89.50360803359133,40.35850652946082,15.304073522973388,1997.928558893852,0.7262445610609405,78.5534319022418,High
60.513817877875105,199.50054907719633,21.031797583162035,6.785892443046155,494.06312610130226,0.40449695079779974,31.192812756839036,Low
168.03388685146965,122.15787191118518,63.223952540919974,45.88440925635068,1794.4195049354985,0.24474912182468916,97.65559253273145,High
190.4049038321794,284.8737151499116,88.09205883407854,44.783166719667975,993.148870462015,0.24702173597409272,100.0,High
59.409385998099914,365.777273335276,96.61053170180703,12.483092893740363,1035.6219612869809,0.8161899500448482,62.60056191679952,Moderate
182.05408715296488,601.5728062010121,65.25959604906313,50.98433954374045,1969.0607264752227,0.7588291103918814,100.0,High
91.9457831798133,524.4065920565225,61.156906219191534,13.513231916536158,2408.8227795527937,0.5205012525536058,81.49823178625529,High
158.07645764839486,500.53356830796065,26.80451083913929,21.564657284854736,360.3068884756251,0.573694180353363,78.34225446403947,High
158.38242769022366,288.37620782162696,63.90982412340798,18.693729453875076,1080.5440803531076,0.45317673496774735,80.7161171155341,High
133.94367101868963,674.7435669369604,50.39832631723157,25.476890421517627,1228.3069398065436,0.3829165614469875,100.0,High
22.572442513602077,382.31686224455,68.57082247068615,19.006507123947905,971.9639515397441,0.8281553490355817,50.78344893449568,Moderate
208.8256238973095,783.4929010319721,51.09810783012374,31.892300954114862,939.8133531047513,0.15677079799225677,100.0,High
80.19501624293396,510.9722892536321,39.22392987602934,27.407433474507698,178.05823552591153,0.40567977125879373,71.47130694487348,High
46.629627599963555,109.74914583595717,27.59722201827012,59.26132199286296,1729.569620378427,0.342877621789694,66.118543632669,Moderate
10.19378538869098,544.1802740395929,45.19347556711166,8.075949257052411,1118.725321944111,0.4734281122134761,50.772779504983134,Moderate
147.72323579706045,266.8321721910422,27.73158674302018,12.81997570130434,527.2448164776206,0.4389870933633988,59.89595883741662,Moderate
169.3910904605706,552.198485382017,34.15175606591872,7.9054241649731365,2049.2820806400678,0.4910561019034192,87.18940212019349,High
4.146957231964038,65.01650704830054,98.98689268636367,39.42126572403067,2016.2738329714884,0.16893113064294496,67.17382035374358,Moderate
128.02326457482025,148.1563353690079,55.52828455252949,7.9980102577545775,1241.65948881779,0.4861702762862855,56.36892283283607,Moderate
56.623943799484486,686.0324345355712,62.549741320401324,51.00418555568678,781.2041198120133,0.25605599180412925,100.0,High
161.29319760236245,189.47185004857675,89.88948229897723,33.156624687506024,1613.3271782013082,0.20668164663996258,99.71783146349364,High
43.59160725124786,671.2624889419227,99.64551203925502,33.985419351984355,755.9727326546375,0.10510908596826254,100.0,High
172.73443452561648,230.62810987898425,66.61715594757453,35.88769792417068,628.2194292930944,0.6982546749427198,85.72392562085449,High
96.68383657513435,517.876708946379,84.99790568353373,14.39475384684159,1839.7609023645002,0.41332563272807593,88.95795141153658,High
234.18249718418363,558.3789530727665,46.155281946934025,15.872966671296815,148.79683731632923,0.5826471308149946,99.44323531722127,High
34.38023603649831,414.9972549845918,44.459516595783285,22.534952758015258,282.1827540347552,0.6684543418090318,49.82779711616124,Moderate
85.26658776256463,251.1954345904177,52.21629767956482,37.64230287020183,66.63102635779495,0.6274191655165205,63.00237170518152,Moderate
28.368380310147266,177.98905733316593,73.80058101389193,16.5564776767118,424.71080686479405,0.4499256112262299,43.847164934504434,Moderate
231.1734045696407,36.219590104316715,74.5753351404079,11.398244992329367,219.0255213406257,0.3797137496089703,77.07306431245809,High
219.33483834524526,250.1176569801718,45.21915477195606,58.35642875301377,2489.7158010608005,0.36956592319456416,100.0,High
64.4854069287889,525.9986045197136,30.656793930930295,6.20899981452926,757.5844263875194,0.5940414773905479,52.07476939314722,Moderate
164.99601150854477,751.2608065743013,70.59170051724068,49.14835729348119,415.7066310396558,0.47057520170059236,100.0,High
204.30555005030396,698.2515409878112,30.266068975101163,48.34193322662622,640.4408320899989,0.771762410790234,100.0,High
138.80020289986558,615.1911734628891,66.2794006583464,21.34677626148028,2343.50765027333,0.7934966866777053,98.64133770437783,High
132.41264458900162,632.8734011701059,75.47377024450472,12.459463880402238,1324.3925464097695,0.1949763213055407,100.0,High
60.46307272511292,535.3380737460362,76.04891971155612,13.009575568798288,943.8043359542494,0.1657986038138668,78.42770726859439,High
23.2756919514748,215.62661747714236,80.27776885276774,43.358738948045584,2189.8090718775875,0.5858407871305996,70.7286714410501,High
224.30393948833168,726.6840742576056,89.82875372525316,40.35436250973955,1017.7261628451296,0.3060418858529375,100.0,High
225.1045142908326,539.8785264056089,59.996719357183075,48.05101208382627,870.7709963963547,0.06578511095033403,100.0,High
158.27536431831697,452.74809847454753,78.4199351623657,56.56146448195076,557.8421802468522,0.8053462689585119,100.0,High
84.75744776217518,97.68168067865005,69.53381882926693,43.05600497966256,975.6022185780581,0.242865652157237,73.8605175880183,High
87.30239365316523,363.17387960707606,34.93119518381461,13.57183451032939,825.8766722414688,0.8398885539329377,49.30939975739386,Moderate
181.48891971755984,373.68303424952177,22.055171589552653,18.389343922097588,1709.3947002804455,0.6598192832465156,77.58839582202864,High
224.27756498814426,693.0052515229092,42.7633108541547,51.3206551980213,759.4776264432815,0.6982554664247617,100.0,High
221.77160606627933,441.8520939483529,55.44269650700955,16.51183417088147,1464.1393787352756,0.22124227142418634,100.0,High
194.96888646440595,310.5164336866236,69.3684755542925,8.988727432496479,211.43580432833312,0.249065261774291,84.7513608504816,High
160.50791153857193,781.6722595234208,87.99674644025643,43.680402972323776,518.6584339064602,0.4930775907504559,100.0,High
21.034991248762207,97.46926872778938,35.69965733649325,27.13894955195781,1048.1429154478046,0.19628487475238282,40.53365543981174,Moderate
40.40717852365344,343.81325836643623,30.04398319187817,55.6022028900247,2345.5256720763036,0.3096169387805774,80.82752507560056,High
224.6385471317698,43.19949338541018,97.0783957979462,40.76402891015138,974.2673650034537,0.3232431062556338,100.0,High
151.60726491489748,594.524255405875,28.643564750112567,9.973043778541342,1676.9815969395936,0.18568544326484948,89.14317149264627,High
2.2992629041574117,735.280476237329,58.27928560857514,57.13211119895134,674.9636949324255,0.22440540838588663,98.57784549876146,High
25.367885716508027,231.22949034488664,66.84509830346414,19.220649500213526,361.23226113441774,0.7202690657070181,40.842974067448765,Moderate
165.87544227701395,688.0899246713055,63.30995367259506,23.546686972345718,193.4146701961228,0.1921164763651781,100.0,High
1.2653959615546717,240.85240206489922,26.882572562635456,27.12432275259481,798.2630714297408,0.07418878306733412,43.08103005534994,Moderate
40.202012854374665,729.508427698693,24.56215312028955,7.817336302237229,436.2695156524245,0.5849517012345977,56.71707997846443,Moderate
137.18344734164654,605.6299038414593,28.438674196882854,32.308348222683264,476.3255976395043,0.8795856514835825,82.59926751095182,High
172.97379942317332,645.8763537047365,66.847014709809,11.782517009141074,1913.8603055480276,0.33153174242965316,100.0,High
162.99031487565014,24.225178924359057,63.54759101074569,27.053367967859348,88.80327381494183,0.15085734771681444,71.6889306006089,High
56.067327365139946,770.6201820884805,38.69926336293954,24.289038339564637,1416.6348080518144,0.5348292265624012,83.42592483737434,High
178.04480533688397,584.0700837355554,71.02193134764732,47.506204588457685,979.6803824539887,0.8204010794312993,100.0,High
59.312271874200015,250.75336535504533,85.60540016445195,49.17437813980021,1291.0474997759407,0.716452512854207,79.29795984133642,High
81.34992453981693,665.2217852384891,23.3263167877275,13.43770853139984,1428.934081175777,0.5791384881508086,70.26287371396154,High
186.62285127950602,232.40174674779468,59.85039548384339,25.16031530585744,817.7508514203315,0.31779802211645947,87.67884553932474,High
162.40822476180367,699.4755332572411,75.14483296821523,25.534423856750742,773.016707451499,0.5105981472847869,100.0,High
212.3058526235445,98.93850842543024,40.184954165574965,13.327574416484678,1846.834530870519,0.12755811510861706,80.30013428549061,High
164.40322307508583,565.9119221940286,44.621672423451926,48.914942777815476,2184.628620896835,0.6271036106385695,100.0,High
142.0771508338679,437.1517965494792,69.0910322391507,43.89755805844828,521.8249995233933,0.6663316160630033,97.3619592946392,High
23.418691957023118,86.26223145439825,91.83482347549895,15.47099824633691,289.1659633111149,0.870276879473431,33.71528800661147,Low
91.92895076485839,201.0961243244828,84.79395362423195,25.16970497265895,2249.5997256604637,0.2713377549333109,80.45254998673845,High
66.30059192043136,19.799188659078684,66.65041752796668,10.819276367108282,907.2438859361267,0.06568795618656925,46.155572657372396,Moderate
60.9974108447709,380.3266927169596,78.41773742057994,39.55136284011742,1400.7276071238946,0.513767194763078,83.22856755100155,High
243.2526386881114,247.9995560004003,49.185797616623894,11.675455850174082,930.8807040740085,0.6507719287372923,83.68084826210763,High
98.2744311666901,482.7024125952295,71.27724224790062,59.22637927437048,358.21572404782574,0.7218463545005398,99.260683054326,High
223.01163879427833,244.81786808980758,57.294527290204556,47.93751410783243,1493.8625301219338,0.21467809307108898,100.0,High
157.78465649931573,246.9360980905179,35.19489091660488,26.463120227119727,1336.5950868355926,0.2724899386814701,79.06644227580132,High
198.7028258854121,597.1226269979667,76.13906191018057,36.82101627536449,547.3342200184331,0.48570228647720187,100.0,High
125.65927327629802,48.03284042289923,64.51717098790576,55.12379989190248,1157.0791593980807,0.33101068847450155,85.53983517671723,High
144.22597115658976,723.2870462016699,48.68972655628731,35.475460421770435,2002.5213848383323,0.7814347635993283,100.0,High
123.12942345471598,683.2884607690333,92.90713520629046,14.597416751887534,1496.5439526143339,0.4526961306779122,100.0,High
48.81074694951113,537.5656997488611,21.67472942613866,25.82868455696376,287.4474513141374,0.7296418474867026,54.587054105502204,Moderate
180.61302881537634,478.6450403848336,45.26185209995968,51.37296757663599,1392.6526682113808,0.5435267964100007,100.0,High
70.19309061021394,714.9189735303253,24.550511822211725,40.431715879428985,1771.7088332594878,0.7071266203745452,88.11365221391456,High
6.078991607863459,156.4108418276844,81.32218529773017,40.789841138359016,1992.1233441628408,0.33277203855077525,65.60280101954369,Moderate
161.36807397679195,72.3856381307546,76.16859632910341,52.6751817128669,1591.3380676539537,0.7567041286407645,91.26957759757002,High
44.277669851762234,199.2130342285351,46.50817749890536,54.168518160437756,424.01250312492016,0.2833864682183683,67.87496556274992,Moderate
235.11464608822857,637.7168401731503,74.05303217656584,55.588591447869,1789.9245031458936,0.5141839868027972,100.0,High
238.48214425064685,37.38951071392182,51.67497809567599,10.216705628923586,1709.487522899715,0.2319060461977931,81.22592324841904,High
228.71609755511213,470.41739971595683,80.50030331379475,34.92693010797055,109.84586320455139,0.4541975433822643,100.0,High
92.5396750638611,796.3956377911348,56.334693018936484,45.72802366700752,1058.7817855960957,0.32044892808239767,100.0,High
3.864154132216857,685.9999141316562,52.98237822653324,46.63097648198576,865.7281050578146,0.27669791604163213,87.5630349747775,High
232.07964064693135,421.94209434443565,94.77839323906407,38.369391108350214,1690.0595574214265,0.8719372653238319,100.0,High
107.04603707932858,60.27631833644745,40.07032799125602,14.17330343510208,579.5327401617558,0.18606298966372103,47.948982774694095,Moderate
241.6637047609174,666.7850763647108,29.635787199725236,48.858130466791536,1497.6362112869333,0.719226961838786,100.0,High
240.90499427231322,483.1930214599963,66.76344906075666,44.60612334332201,2287.3546064447223,0.8865402155607327,100.0,High
213.25236386684003,100.7970676770578,97.5457449827343,9.737467435196995,2004.615811911089,0.06691626117906616,97.37500779735886,High
73.61222301739642,84.1472550104514,50.227137098174936,30.509540357090692,2307.5714537304993,0.6441733019357808,56.085604559824176,Moderate
96.27443215048132,728.605187354908,24.96294109030252,14.568756973699196,2447.3396189850905,0.26497503472284406,89.32240814430986,High
212.78416787921424,538.668207721082,47.144421384765394,23.561237514213452,76.14181116509877,0.08441465067905879,100.0,High
79.23050128906942,665.1365714602368,60.474532345564675,5.994460071312699,1575.71612712482,0.3924561421131362,80.19203339881979,High
42.37318667152312,704.3933312229912,32.9538405305771,27.018142762591705,1061.4565245093208,0.8449351386452438,69.1320960229045,Moderate
139.20031561458754,461.70015811817456,72.64817744451936,35.243230663591575,2156.6435013210485,0.06000033021194803,100.0,High
234.03869354019525,418.7826178864826,99.81995112081604,39.07704260548977,666.9460199223727,0.5497028381403144,100.0,High
174.00744916874325,350.03765415358225,56.13915807851551,41.49196898207905,2453.5222483319367,0.47618700680602566,100.0,High
142.51529252234124,260.38780435498427,48.37828453841701,50.9960222206353,1553.5845253821808,0.7923765397153903,88.14267733318604,High
24.294123442692133,353.3308090783823,52.05633334675733,16.850459900165152,1994.166635460636,0.12140145734253181,60.899861586367365,Moderate
153.75180667479245,621.3649280268236,29.21169427161609,11.626500234115737,259.7189044157824,0.6292971254036528,77.39927284853698,High
247.5134625260658,485.51951050195396,90.6618881140979,51.83454445438591,499.47181765921937,0.6280932436682857,100.0,High
35.02100380913101,715.0933990643284,53.186052441708156,13.613704819095744,1908.088998933798,0.6187180143329408,73.81846938346926,High
129.58241309093418,360.2702113595583,50.98195291398731,58.61180447349074,103.86697899634284,0.8509843206947815,88.71821946601983,High
219.34326798198887,489.6007671878157,72.77522183443794,51.339602616925035,2051.351065439768,0.7496243996558484,100.0,High
185.1921544385511,508.7329669426711,55.36267367448988,32.54821332392795,84.17509579518307,0.08567681730698011,100.0,High
174.253935248817,477.44075822199716,71.85867750462768,58.97817837071139,1659.9411557001197,0.4504204230988362,100.0,High
175.6210209967773,565.0806807375579,24.915703210463,10.355720100940232,944.4801045679244,0.38826009777113346,84.48111325525375,High
89.8727878049388,197.57244001609695,85.0978674977782,21.66861686463059,1548.162389162038,0.3136251379271817,73.33588039251661,High
73.39796106612334,414.76738426117464,95.2403162303522,40.10234282723363,1755.2769471233285,0.43363621638098265,96.64314503778408,High
202.3402888696284,92.33759421859466,71.90123089275087,24.25037776602483,889.0642870064453,0.37656505718708083,85.0553844258401,High
202.52834866979518,313.7639488394019,96.36527430870485,56.060490358943554,314.5079978715471,0.41748381489686553,100.0,High
216.76807964502592,395.25698421079886,32.11458514959706,8.609434849779966,220.63237598325082,0.8823725857673461,71.85536010789376,High
228.3101381391178,525.2571650409233,58.1932951584283,35.21765076335305,1492.8932552782421,0.12533802853714365,100.0,High
127.83559971523445,760.9195315431008,68.14453871563578,37.4976447067313,1325.6056166485732,0.8338962393629203,100.0,High
125.3790736717999,484.51434257320113,66.53893179369493,40.90004680774732,1868.3924723467746,0.45820120645037266,100.0,High
199.5737947416938,597.4391937794823,52.11694232712346,19.061642283249796,1298.851999509646,0.58018090867461,100.0,High
162.4909826944413,409.95018700121017,47.04675274930091,25.051153513592546,1084.9921855756538,0.7556555216250398,82.56546456010268,High
175.49171931442584,510.94218478730176,30.145921804033506,51.40242913157377,1025.3135866787657,0.3563935747768672,100.0,High
198.94816735902526,66.03645074568101,51.33939604498225,15.72185229335879,114.79491136428528,0.41585862187477185,66.44032603097983,Moderate
222.50133545439158,210.96934886505912,33.01286520843881,50.47773159453491,872.1151441568101,0.39809070823690684,100.0,High
84.49878921288395,295.86394363205955,78.74925411937747,35.94604825965084,2441.2493859350107,0.36852136915539585,88.90414013422225,High
93.89573815998601,383.2697504551457,36.7064748395672,46.92031311567452,2190.2111617563673,0.8366999233998608,81.05385058714859,High
23.49548496021725,46.06250894688315,24.68522442276271,44.24840514449094,856.9762642338333,0.7545904075140603,34.80204188472479,Low
144.57003524904349,120.61903706712097,64.18929102537874,16.413132246168345,1490.0987424126117,0.14264999138352968,73.8506671135994,High
8.985568449185521,228.68330315513157,67.61837861755212,36.28470050386301,2125.87702656196,0.14190484960553162,67.64349000081553,Moderate
116.39950453311504,777.51082581183,89.75304490244044,52.72477340428008,1131.1221250376682,0.4136890876250425,100.0,High
135.66115867689416,271.7641356114101,66.15852899341455,28.766393024106115,93.99676618786985,0.1338587702228877,82.75754317622204,High
71.6353130320711,390.8124359085452,47.63846829787566,58.16249236228242,232.55063145566817,0.5762291309804517,82.09630434604483,High
147.7083151422527,164.91719306333042,84.24095052210563,29.87183050559449,1300.4621673043312,0.17213786617247384,90.48366514578066,High
7.625062484762357,492.51625614985693,63.22231145499369,12.853210016733659,2425.1264704059017,0.4940172743717809,61.78309047635157,Moderate
9.337047187303604,231.7397402576197,26.34242277049534,26.418907404272026,1748.363378436226,0.056136954953160095,48.764903143613644,Moderate
205.65014016491457,173.52413696635716,65.26804482505973,57.34363235147954,223.74466902449535,0.3191068961507497,100.0,High
90.04766035281573,418.09237647232345,92.64148363373299,22.58464671369198,513.9341456900638,0.6256121151217572,78.67714597623724,High
31.765128162971195,14.349581336732449,51.70501003985764,52.745398792688455,1939.7417008812827,0.46143309919367115,59.03822802218272,Moderate
130.5608150137011,16.05458579288801,43.70606415198401,53.46878749250394,2111.5274118927996,0.8815290630991399,72.24329948998977,High
192.4983882746527,183.06435919046766,31.477556561441602,24.260258838257858,1563.3517361620477,0.7929882266562792,72.08891278614895,High
53.9552568742108,39.0098763756487,32.11564175482859,9.579171192784766,1628.8367655930506,0.3552101621866785,31.82230380522902,Low
155.72261895475006,95.34034576324619,54.62171874734551,44.850685003735,119.42675343929238,0.0886635602514334,84.52004747514187,High
21.336866248442,277.69991297761374,67.65438593292237,22.13317644576923,2079.899135974696,0.768782355097766,52.600399111054465,Moderate
12.920430292151924,644.0426868680522,26.44923241356814,48.06079878416648,1981.2742600185327,0.8245491637674707,75.72383116241339,High
132.838657892037,461.91842826174764,95.16548712201326,29.346016654323822,684.6361030532005,0.7475332844061813,94.5317487898222,High
135.15878040252662,415.007503505569,80.41068939561568,31.689670828844186,1786.2579639154922,0.15875744978180012,100.0,High
159.35747537455163,241.8561703344161,66.92991346269301,47.78501737116952,576.3937857412453,0.8982278642504447,87.42311750473264,High
181.5228334306654,746.085438351925,86.27509367511927,26.029983208389535,148.80889457620682,0.26979658831985776,100.0,High
243.96301986563364,323.6418825773814,26.414940544969063,29.3720039927603,542.7845293464243,0.6655741758871145,90.84024956463126,High
129.07508707529882,78.80328576865948,58.14711021864995,25.69047578232922,487.6407480480338,0.8218296448853634,54.912928759097916,Moderate
80.7391182353115,497.48254773306303,70.40745014893307,25.203728340250397,877.4825920003757,0.250334047181103,84.997617452337,High
198.79654869217592,99.93233084651511,86.29223248946315,33.92706172958027,1075.2012680798723,0.8220197714755062,88.25109088797596,High
67.70806281551856,282.72628281333675,82.67756480394141,49.48396944756329,1295.9202841693843,0.3130593423156369,89.67173362947831,High
109.74285517640902,410.855431587069,42.16553997707197,24.897257155741123,1218.046994995404,0.8799512390264478,67.87874585088841,Moderate
19.61409533556649,700.6357945012888,95.27041356473634,33.83400962957552,713.1527846149589,0.2890710173234034,95.28896458380048,High
6.337685853864378,399.90179846869376,29.947667314469626,41.890002899343045,121.46813800648243,0.8604204510441599,46.720973446123196,Moderate
240.66210366948127,564.7844251650148,90.01068948969217,19.819169546701026,1532.498974481019,0.09551295325877368,100.0,High
208.99503012805147,794.3253028092656,97.67521996836949,20.26375426963159,1019.5748331260182,0.6528812099193411,100.0,High
173.9935515234245,113.87640471940549,34.17228185781005,56.33772198629001,781.7467855994968,0.5022944637614531,86.84980304704058,High
102.23823610356747,227.03790516042042,77.76528513630282,44.79440153320987,2174.0055549347553,0.45619551555432103,91.21914128458333,High
43.32358001771144,321.7150997221407,23.222841502239877,36.745267192281986,1879.5211041054915,0.239970167117464,64.76351222529333,Moderate
39.10926066777151,343.2442610456768,52.433826011132396,40.62460299313366,2151.5255935124833,0.6497564213100182,70.39684514250902,High
62.56072454114883,334.70664945978115,61.302663935813925,6.61146937068801,1262.7078470455294,0.21218806772936105,59.02816665443016,Moderate
137.30666617653011,727.0126920196784,66.45161807277073,38.99566310589333,370.7815677106048,0.519915526587053,100.0,High
178.6489806750156,574.0857891288166,94.87497985988476,33.02298802733111,1755.7425184971173,0.26525855858421316,100.0,High
165.0493441794328,490.24511913165594,73.78005498353558,35.01623238786896,554.8807608460793,0.8622781728141526,97.87352710812573,High
69.9834742364857,254.40444711159785,58.50223609753896,24.76831047569494,1131.0126892747062,0.0743365147603049,68.62770997787416,Moderate
238.71632016579852,660.7944035348228,84.77400290127115,9.481064374211805,209.2519329247768,0.21976903809455106,100.0,High
184.47422917394212,764.4978040731413,96.04262567635271,15.633657848662871,2072.005585936307,0.25596401542933056,100.0,High
138.58851312785018,658.746643214679,21.765291894583267,57.29095922669695,358.5545705663764,0.40195765190264393,100.0,High
152.93018655858805,11.236433101263595,98.6017017804831,27.478475924901367,2262.5888922708086,0.2478207055895455,88.61251867503822,High
104.90001560694748,512.7570824448916,26.890571125094425,30.66757357069753,2167.364975540815,0.46764672672846747,84.26370633529532,High
61.93274737528937,50.39695133925957,85.15094234150091,7.899038441939145,1188.2277728761528,0.7915956947697582,39.021095551155064,Low
88.99316966281539,213.50970406364027,42.426780204113,7.066142624918932,1873.702100544777,0.6552539081977952,47.28404649223258,Moderate
189.46152761609227,57.02451327473963,30.574372620309738,44.44497958757167,1567.6404308544754,0.5429676834548444,81.22933924212437,High
3.598372157438967,486.99840783001633,55.18845117710679,34.595206526661116,2017.5353237274749,0.1256527012852777,76.8808939354017,High
29.018160126729057,552.4060316591593,71.51652635580908,32.97882913189467,1107.9224969254844,0.6398932921308843,76.44108719617572,High
11.500660505438187,100.44523407206505,50.476147601878,18.37184917324678,1975.2307863986575,0.19145214166429886,42.07142098073002,Moderate
10.182200579742535,313.23271760553376,24.365232662615917,45.96129023964572,1183.0192018096125,0.7184122780674433,51.20213064226395,Moderate
213.8651460027518,370.4268420748782,67.95689117269733,14.253011850967054,2355.366180214845,0.2625482447336302,100.0,High
175.9144648450059,301.5518871911241,92.19226208885398,15.446410901356101,1241.6116470216116,0.40449141907276576,93.41935390170468,High
118.5434572718313,105.60975038330251,50.65722927578014,30.339169424155152,1183.4172162376374,0.3478996719702387,66.98866651695982,Moderate
24.45854016275037,340.9687542481056,37.30662221046616,20.745392416156747,1973.426060830606,0.7799918274736283,46.34277323396086,Moderate
122.90396877920809,603.4306577686503,55.40618767462523,18.61046396782305,2062.865344814053,0.1575627899063969,99.44156698477246,High
118.36794269514142,66.09605498127182,23.869016883902468,40.48807045043324,1408.4983300868685,0.5307981500270703,60.97278649970684,Moderate
43.300467477503794,73.34221112470372,85.63900675842198,40.80344598701995,490.50464306293475,0.1707523680266029,65.51955802245845,Moderate
108.46291230949326,290.26932055042755,86.10726487601494,50.34843883899611,1196.0076658460698,0.6490764607123587,94.13332668567402,High
99.62618359934336,753.9633121789508,67.04003707437028,27.973971183513672,2421.777632128712,0.819316408625309,100.0,High
153.96252451305412,538.1723909111021,48.24823111507116,9.019680006438264,1894.8161729460035,0.4194165057871654,88.42394394680528,High
158.77341271691094,546.1492657713262,83.98266915566268,20.051651170680174,2037.348379503874,0.4648784212252295,100.0,High
11.326002443011129,295.9167927619133,64.37496198306937,58.90030047582493,130.42247210713833,0.838309411010348,63.40695496973368,Moderate
93.6531536566178,478.99202505474534,86.0745846840013,37.794221637798614,1196.2556834536917,0.49284268035195355,96.84194494844343,High
156.4649789285591,18.00363538191727,70.51670340664165,44.03553966405612,1634.2217774610106,0.4644586723421268,85.09147807597378,High
125.78406464502193,512.5158766635384,82.75243785702378,5.4046806293978,2083.580074888783,0.5415797372986585,87.43168569100088,High
214.12246029708058,731.496688585227,67.88503945742079,33.501315270038646,170.72045127779012,0.6358452759085091,100.0,High
164.67340790473625,493.93303999240715,53.1312854572533,7.064076164249172,2138.475269822589,0.14085086882397668,94.55222799280573,High
40.733606770357426,700.2218888384126,96.635668794091,36.30766166502964,1393.5822950176837,0.7479439485802887,97.07030794092317,High
17.64218685010746,581.9387138182141,63.289105990307576,55.64239672998414,533.4192279113468,0.42017927333527033,89.05576282722032,High
160.6048195515789,105.2411489589153,68.40716148324307,58.26305217752243,827.2752803017651,0.11149623341286272,100.0,High
6.6278276354054535,722.9381127558149,37.639011153179936,34.73039714639083,740.7274017913238,0.7182552688184811,69.47591250647007,Moderate
146.44389531836583,62.49063704106216,70.05206315418212,30.20126428887188,1350.6046340067658,0.37040747593333123,76.69922452975943,High
235.0575603562394,431.83430331273337,65.72861195863551,56.97594018366717,176.62991578227297,0.13531237083079584,100.0,High
143.86854446896973,122.28832779683155,34.78707183576199,42.04854075981823,438.4135883248126,0.588712183611763,68.351301132206,Moderate
97.04248155163047,19.24822247741421,24.7669677882515,8.56946037461252,2041.0979562706668,0.7981116504185954,31.34395894379576,Low
160.82205461058828,343.4070655008348,68.34874557718169,30.614906771712366,374.8797773296871,0.8045904830018884,83.7813592117615,High
114.56322262287915,243.08215904678343,81.09538154802564,18.213476015536713,621.8208601724111,0.8640139535876272,63.51306553063173,Moderate
136.40419732898374,393.94039010010636,61.87210967376066,30.839237679677485,1160.7579837301855,0.7875496408016849,83.88038059652196,High
235.3662021941313,465.98791052029515,38.14181002557166,30.050606460349893,1316.9461758776597,0.05181978144365394,100.0,High
96.52565945019356,44.55386712406841,73.32175813544279,37.01796415481081,1920.8456750546886,0.3732049914513817,72.85361977689513,High
240.29764095597855,107.17260314775905,26.40845812876818,24.62237696920882,1145.96444533216,0.7457611929196776,75.52904042190362,High
226.33766048901595,451.32749319583604,55.34669638415637,14.034874720076044,1985.16832153707,0.36131505509870304,100.0,High
48.94778369732411,281.1022090064,33.06934067187362,32.70456890244759,1564.9484522613707,0.5613162304227503,56.53446705564568,Moderate
17.340325218791364,586.0470551640639,34.75672408479067,50.66115863901691,327.094361588365,0.5653694052683522,73.79328771188761,High
25.194500344356662,525.3104023876323,36.18351593265629,41.52067254371813,433.01202406245454,0.3602715084329996,70.58507912074835,High
4.555456412887432,678.0274467620264,50.93656456351823,23.610232625886873,1120.7326273519384,0.8188028381890945,63.17667984179475,Moderate
23.6107401889821,557.069333068688,24.09201644963181,56.45376625173715,1022.379013068147,0.4777440935781999,79.05357720514915,High
170.7516933540892,349.645551138217,51.823475274327855,55.17141641870502,1871.6834606113716,0.4450665750468757,100.0,High
17.797162115057247,541.6436316916016,60.936595769176066,16.51416196612543,1472.805992503512,0.8978866838126115,56.6312472294336,Moderate
79.74390757344032,227.55112766178064,58.663542797306015,7.1679671816199635,1000.9260484555108,0.46947530946172417,50.009043505075,Moderate
211.21882774236363,251.98766403478803,50.622728032243245,45.77197895929192,468.3626944534448,0.2016385141392939,100.0,High
5.817983933956467,633.2982763374267,87.1317286456602,50.51856437420343,605.7509006974631,0.4861090094339223,92.53323081632304,High
203.61712064723395,362.6714179572499,31.62613539364033,58.23255112732454,1459.9774952491946,0.7419142251919405,100.0,High
70.46369369334998,640.7204690094985,60.455739502509914,53.94100167485709,1087.4250720044915,0.7103312778635392,99.79477605099575,High
29.541206905414064,659.71367519794,24.963313356524345,38.02941225135282,1311.5723967086465,0.7202945003422003,71.88255897878776,High
174.18429134103766,687.4742467524142,25.69245431023278,34.15287865668094,468.1597164904725,0.6518202163982251,100.0,High
157.235711694971,734.1418363145538,65.9092679741677,6.531257819442246,1674.1203182441861,0.266085154706685,100.0,High
219.36800338176323,350.478324205504,65.28147399102568,18.56610457646278,2138.719915097119,0.7827714729641968,97.54578343045672,High
183.76776095097145,261.9047864736997,90.24268102755656,30.278811345310952,681.9517916279065,0.8094269455698253,91.73730021823746,High
200.87023259621213,469.93700980934995,64.62989405280585,39.56771450459623,1254.2098532879752,0.21502979212576667,100.0,High
70.50864314282663,303.22621451572576,96.78328163238801,35.648850832512586,2440.0419561012095,0.16088729106868482,95.2164504344847,High
44.3598859449307,484.848591772184,23.89558787199438,45.84497943249298,866.4422643492827,0.8792642233007453,64.32345870926754,Moderate
187.6536879102146,567.4128314886215,27.840614782459284,20.387181198787246,1507.8635450632148,0.7880753691028127,90.28639452497943,High
201.708684816816,553.8399646087881,23.525268925630513,36.07239342088603,270.9794654905987,0.8092507251284548,94.8993292126327,High
247.62628550016834,305.89678074589585,34.8221480266832,9.847823386493566,1534.7367560746359,0.8034199269307359,82.89144435963651,High
103.15441922785662,141.8195593420147,63.301608875334246,27.751603797076385,269.59784459631385,0.5104338004286691,60.39235173661477,Moderate
93.00452144819579,350.11817738514395,71.64577451419424,46.258845812503054,2400.126816543364,0.5994414761659298,94.24075500582705,High
194.1032401854992,122.64937382470791,23.646812635893504,43.13704693859742,1803.3734975771629,0.5135584243135954,84.96761542138978,High
85.20088506325446,713.1766577952086,95.67767118764795,59.485350544469846,1980.9914809324807,0.09352539681177971,100.0,High
232.68933140089118,283.24319398290737,87.37323013203049,20.28401192932658,1775.0556838905102,0.6836776225498568,100.0,High
214.60318796075296,132.0232003064258,43.72899857256745,32.400411454568854,1494.8361383873412,0.4795322283354982,88.15566096888894,High
107.24850684375458,30.103730325543193,26.175002418117437,23.12417275756982,1152.286313659488,0.6005527135716954,43.23559106702113,Moderate
187.71776694787434,520.1996851663225,33.59096585752458,29.233171273254612,2153.014780414603,0.47724383422920497,100.0,High
188.6357185211706,513.1528307892472,30.155553100397814,52.13225714281635,2394.2473854805044,0.46803962397408755,100.0,High
25.780967208983153,279.0772915992204,29.86270234391575,42.63149913536677,1272.6386236149992,0.1960207430561018,61.92055516615781,Moderate
225.63822666989168,66.6523921896443,61.48493509325871,53.534265524117,2332.260870430392,0.2869066578699766,100.0,High
126.31309311196429,333.6068269672333,39.66779539947203,16.193110958253754,1479.165629471868,0.1850247881523624,74.2965328059895,High
206.6143665269354,255.86182110008093,48.651177322331556,53.03486148127909,1369.0412578962614,0.21631635128154109,100.0,High
80.01240025765294,544.9253053906574,99.16042667074579,8.286925079811143,1163.482695740624,0.8770307733572592,75.46373524149652,High
223.8808071240501,488.56560706762536,74.74513991402759,53.872960424043384,562.7550157487937,0.18014642890636867,100.0,High
97.30041968354078,298.0290452760566,95.91845336376011,23.099057870340037,59.113169004245016,0.2788798606594265,78.35348702494296,High
2.70941287007459,182.13511786144218,31.404524402649248,22.302319837773656,641.6902557973501,0.5520012090777973,28.71447263403699,Low
226.3454941048159,790.5484132629176,50.57115798660554,33.16487171842651,1298.8217704287347,0.5686517898011456,100.0,High
22.82166919653339,368.66128074493076,64.37854426258835,56.737960324777745,980.9018830363938,0.1808780102822547,84.98238678791661,High
79.82840939760372,553.7366462663873,26.14064495109904,7.627975057477295,1148.788808606453,0.7246598119174305,56.28689354466454,Moderate
237.51549176270123,121.03684438690502,20.33499549023663,24.372703628890992,2452.5881379319217,0.7174224377259013,80.80771166745211,High
237.65178673438902,393.6158627309243,73.6347467037534,52.111459377583465,908.1673081398526,0.25172004857330743,100.0,High
143.35947203082154,31.754008696877733,71.34556134411483,26.78299625895067,1157.8482014322644,0.2953663572741414,72.72958691637257,High
157.95930304244982,409.30954314925543,52.86310479996894,15.953629367838685,377.1131008144079,0.8472896856405725,72.17276094992185,High
112.11138049457995,771.5737516229849,59.17152608256261,28.363679973227647,167.49644447061974,0.7518207290825564,94.45148771242052,High
73.30269292451614,313.52330325878216,53.23544004736717,26.205387582041812,1949.753310751612,0.6431274781031453,66.11459652935926,Moderate
82.16613634247899,40.80684993418015,21.92040358759111,55.34789108066869,1448.1737789263477,0.11989823828401044,68.15991187562773,Moderate
168.1296140192596,34.45507482628139,46.82972849739699,46.90639066587034,1913.7267748075428,0.40552446876718934,85.86308549207712,High
188.09363235942,316.50954035802687,34.16658043178319,32.78135556592035,417.1638572720515,0.525406591265303,84.55752743152202,High
197.89476093146214,136.4196998059233,27.8739351281095,59.36038116968641,1450.9804893975927,0.2092995947862104,100.0,High
197.40453569863848,28.44815609926687,96.53763471114799,30.590264220175783,671.4240621363701,0.4309925947919908,89.58010298054114,High
22.80152576217259,607.4087550206397,67.94877800337325,8.203080695115137,608.7514514050488,0.5608719958653865,60.12555815320146,Moderate
123.60507617564537,372.2331770166936,78.29250273892822,19.425087699824168,78.23873442981387,0.32827017809808934,80.12349567259123,High
14.389690004161071,238.50336985839706,45.2290994612894,28.983876412062195,369.33477274422614,0.7138030961079141,38.882401632425186,Low
137.38222058093388,721.0657145830197,51.45177035952122,13.629644328036607,807.7068731742536,0.7643821443929847,88.06248709066433,High
110.38262534334426,101.74977855841523,38.95391951173788,57.116081947822366,336.3529634478007,0.32506804901896014,75.03133334354426,High
221.92604568957495,765.1758748747022,27.75725367723398,47.17668937997752,2465.353179006797,0.7628585813185886,100.0,High
87.72875313801967,258.03370672810877,34.3225309953267,19.755796023527495,806.1499888836792,0.13804008118756278,59.466403290984005,Moderate
29.266754106901466,711.8389011238581,83.80112362371887,37.49424934348537,369.293669420704,0.7620697338292579,86.78983226950783,High
35.74792051320897,486.32487241877465,74.20366441470208,44.679703641026464,537.7516664284965,0.1798378669174741,87.79861827673822,High
190.37765792936807,663.098814195775,63.75431007883815,56.77034108987389,1489.8729094366174,0.12048807963326713,100.0,High
154.55451582906525,787.3703989362668,58.00718982934144,53.489944204647585,206.90663346873185,0.5955090937748596,100.0,High
25.28066903069756,237.84029587680914,93.79474269248996,33.335572437601755,2162.9636188458344,0.4511467608920002,72.3328862297233,High
21.02670152874936,769.2970334719985,25.818795822293474,47.60589408861597,2405.674214131011,0.8217070103509079,86.7108111332719,High
175.24228286478,317.69069697291206,42.448065059033276,35.917961460517176,654.5311806350832,0.3587108166772218,90.51169971865791,High
18.190751591048382,314.55440474216863,47.99502828565713,35.39871395250471,1152.7334080476055,0.2940794239219844,60.753139599028266,Moderate
205.46501482258904,278.9058123610595,82.59406497702302,11.310807708600555,104.22940502226783,0.4756246702225686,86.02679946743552,High
176.56055678912406,437.7120098045923,99.4011696129577,11.937571190888363,1619.7400505816927,0.4375542579033621,100.0,High
20.33719516047494,131.7745841110048,39.253641180572245,34.12434882623516,1064.1188422288428,0.34276383928461,45.48842217721054,Moderate
21.20942852129798,447.4320734328288,89.94458673096645,19.787384973845363,711.6432419488115,0.6396801038935793,63.401149272604336,Moderate
246.65989462529387,437.94680180390316,86.4498208345433,6.157029635325775,556.7509210106907,0.695627558826822,100.0,High
93.56769893903008,611.9024319578473,37.97259181134133,44.75615621451168,1652.356540263963,0.7750363736756162,92.09344674205117,High
92.66053676672273,668.5834699306926,51.94660641593781,6.786762817959072,1069.7317260291704,0.8769281140037914,70.0596566190529,High
203.19989181437563,357.948666746815,52.77382954340153,37.740226260723,490.16525812328445,0.2766577633126288,100.0,High
236.81214434596467,248.84326698768007,98.25765348212467,34.65565867700229,1738.317249642719,0.6586794601164673,100.0,High
246.50026595571774,214.87456888050463,34.47135211031187,58.284807981779245,1434.4270934398994,0.3851195001713834,100.0,High
188.3445463147354,163.75283099684881,83.93263768838256,31.63172266412029,2153.7465345772657,0.625519676158442,96.51075958928004,High
94.06489638272895,55.54158993722966,46.73541713384879,8.498079000778855,337.8159522474076,0.45458443679683724,37.077708989989006,Low
20.875179174667192,280.53390327942355,78.46962766209283,35.342838229355394,1974.8831747639176,0.8947071373527419,61.707994164371286,Moderate
194.2867289818592,223.49567678331877,53.60088034365303,51.26028938388558,1700.1161277022845,0.6695668154221375,100.0,High
139.60106243395126,773.4697348344619,66.2687810493232,59.826710635479195,331.77679522883966,0.8596176053691759,100.0,High
106.05550231174406,450.5899727375347,86.60894186609049,28.668874552898988,1752.3107881857159,0.7597241170590079,90.0715797259137,High
226.588596273684,284.34886083410095,84.33324519871073,22.616430837320838,1131.7908577555845,0.8174658594888654,97.85564525210665,High
27.799370576537836,468.56940478501986,89.31385468317602,54.86593133235994,2365.2127246118157,0.7422563176324737,95.15248749060085,High
123.15627607271479,119.96539406309945,24.769386027572722,15.518317099186675,396.9478090138533,0.4402852608195247,45.86963065284421,Moderate
2.8384111918547674,360.7945618697403,75.36404424317959,38.848590326810964,1624.941807498558,0.2640201853448517,73.50526686105894,High
117.16516049853156,504.72511392264045,31.198990137741028,27.314293329952125,985.8511113842176,0.36477214913294387,81.53718672335467,High
14.075818920459337,396.2292871160366,53.265485441472876,7.25953007255554,2394.1959429476506,0.06720079774395787,58.330142924413224,Moderate
29.70447906701798,327.40525251691616,63.88707320437508,24.100866086813376,858.4384934611774,0.49539419234496707,56.386082468596626,Moderate
29.381561694276222,795.1402272307615,52.21915877974646,19.587568737647103,2407.3554782549104,0.4792991302298474,85.97941756711832,High
162.30257552901588,705.4486620976523,61.5689340642406,42.73501346689178,2258.640335196835,0.49646289510591496,100.0,High
186.51121981635583,502.4907069459577,99.72210470388953,57.183477373055496,712.438926511108,0.8779265412262542,100.0,High
145.84219127428992,459.8081153340034,30.817385097028378,19.742595305825077,2018.6773532247478,0.8247359029366135,76.9998119915435,High
240.54313711863549,500.3217790614214,74.03648362691405,49.630626653342496,2489.2302944185894,0.1874558615805918,100.0,High
93.71764488092602,169.03656517972226,51.680077310849214,8.044789931612524,669.0243553196417,0.3635501433225058,48.29443163018307,Moderate
71.42802157046518,322.1588171788117,30.6407839125863,34.59665555218972,1120.104064842133,0.41036275254377264,64.93774583735302,Moderate
217.14978204736508,41.17303098381046,32.698941069944766,8.880253504044202,1324.442804588561,0.3564529801739006,66.03124138787368,Moderate
55.89895962986316,385.68136961459305,95.94184849964935,56.37181451218516,772.5812827194676,0.7287215690633261,91.6088054487181,High
240.80563486015282,438.9894213265539,90.36811973694097,47.14932043065646,87.39885713277292,0.49543201938744885,100.0,High
3.0386186724540853,189.92229152153558,92.56335683320175,41.187245116252576,589.3166482839404,0.5362848444258813,59.89800601651058,Moderate
242.46970667690977,771.5827892607558,99.32262206619092,50.31430098935653,740.7453666373082,0.7750615251397367,100.0,High
10.78997798764403,728.4691426404212,36.66523120068143,40.61358875635897,1136.8192682295585,0.7350389304030549,75.93374136143753,High
222.78577842451776,580.4931560101656,48.43514698912494,58.29194184458601,469.2010721128346,0.16237979439725475,100.0,High
131.92527727157497,431.3754367246364,73.53752239398933,44.267687132562436,2189.473173894598,0.6568273964710891,100.0,High
248.24119902982508,697.2756361216711,58.70420318885178,55.85622352702357,1777.0322751917734,0.4201207095667302,100.0,High
18.449141183849715,113.2153516205357,53.47116267026668,33.44225406058509,258.74117002117185,0.30045156760312536,44.516123731388994,Moderate
138.4635711003302,634.5027374771591,48.62489994684744,11.438542714002445,1642.726505292832,0.0925159977668584,97.10301720551873,High
242.32563390477475,108.60844303381016,67.50245055547617,34.04977467826594,1651.45836719377,0.4641621262936333,100.0,High
130.7744610425372,637.4264234140303,66.04747429120656,11.978005543470132,2392.741875426888,0.3521211786158517,100.0,High
157.34965953381564,227.856378918572,32.91662672513921,37.587141354702275,57.401134822595054,0.26378608372494067,78.13379389771605,High
173.9371722461543,702.9015590043692,57.73918700147512,31.53711832902146,657.4345020242276,0.6404709701574139,100.0,High
113.6352661919433,755.7932541220642,64.27774209678799,39.241646880802996,2323.089124469523,0.704062579218249,100.0,High
156.88952002101587,127.54881583004135,65.62295509851124,5.552583958015738,2333.7280927257934,0.2580710911750111,72.48805027916835,High
146.07857798077507,375.51372800166087,36.80857543298814,15.716227041045025,1815.4367274580616,0.09203032117744517,83.34686889854217,High
225.28950262274725,784.9800287485212,79.38171138018294,32.0231737551672,1926.1201365664729,0.7714397954804497,100.0,High
11.361595085364467,391.89187441878585,22.01592758568557,57.277695887402416,274.13324692763547,0.05846578002365782,70.16662618063692,High
70.24079739805758,692.2025427864907,48.38654844345301,26.098497219533712,1308.9957952066723,0.8465456198332513,79.77227353952976,High
237.60287101913968,475.0979024837427,82.41701188285069,28.34046143294991,617.3783286580485,0.5834768928853,100.0,High
222.56594597272908,306.51062725648546,65.11143368443219,44.30828489536422,493.9842068533623,0.3235696399211222,100.0,High
113.91418819642823,235.76900886543746,40.89299460086882,38.20860165073649,2035.2430828521647,0.25950622314022576,81.81585478611657,High
155.03314945038417,170.54624195800895,75.59624954744382,21.440938255408327,380.8434348673412,0.05765481462480396,81.82198263790386,High
69.34529574528317,611.8205711883808,65.39127553248588,27.59490175620853,1198.1965106411437,0.2501507044592456,91.00753800948573,High
47.03028993094033,315.367000390192,83.69948875651097,16.973488937147785,2349.516686985781,0.16706905628956994,74.15163866603439,High
115.92460123499554,413.9076151385934,78.80201489518586,58.13118025216147,505.28853613508926,0.5703412876146738,100.0,High
88.33805700651321,398.9371292009337,68.80863376289878,12.184890985654786,2446.0838881586747,0.1915637503047311,80.71564149834239,High
145.91402796271802,466.0504330941737,59.05421402486512,25.45102315115307,2486.0055651145944,0.4993353619061264,97.76553270442011,High
19.43365924124621,693.8059450433963,30.654570053401873,6.421143472100615,1411.262028971887,0.5515989589928002,56.401404891552936,Moderate
243.59870191654161,784.7840814309093,40.9066414308307,17.19787205634505,466.8497134340369,0.3033354435948773,100.0,High
246.55268611990073,331.9915247733154,53.52795783336682,47.92591261090852,824.4569754551943,0.0798052066659109,100.0,High
174.54042850493627,663.7399484639794,67.9439429605111,16.06463777588837,1090.007440057511,0.08166579852206668,100.0,High
134.0240915860301,613.976957777227,61.09662841722439,9.403487139093109,807.8443496776462,0.07239523236482996,93.50128034695936,High
77.38190407158194,463.08787164990287,43.05476207676236,31.09492489144878,737.5571706974637,0.6782559670660643,69.41659944351076,Moderate
203.44875492673717,765.2772434534271,20.517148623176844,5.548307910398517,2431.962787580076,0.3203082490921534,100.0,High
171.1827931384698,168.3748672674382,59.69913775206511,9.662138493448325,425.74382716857684,0.7268551580725141,60.99816416340822,Moderate
40.65423483622283,96.31872614460092,42.85007908497945,49.41942282596363,1846.6533763563125,0.41697290026642175,61.42845847200124,Moderate
227.7317961234606,684.6299538947835,78.76866405684281,47.43103396727835,51.00520912597843,0.4350483857054692,100.0,High
205.63431073079224,356.92835514066115,21.915701221638678,55.33263512226928,1510.6475400358233,0.48595021213313766,100.0,High
237.449978322981,679.1053948235777,66.78622490446327,51.998348975091226,2294.0603596874284,0.6560767379188384,100.0,High
181.42987709708999,715.5412621043778,95.31793900048524,42.574655978189995,755.4385305283865,0.282477435955251,100.0,High
153.35379898394746,59.341498959066435,33.95274136891996,7.878307151536456,504.538639381412,0.15334924710349787,52.367454522231206,Moderate
104.56075907265472,707.9371627589879,57.73195926004763,48.056673989266166,1646.6154974521462,0.5226487349127423,100.0,High
233.18212083850332,364.1720537418435,27.313759345371054,51.503094596230824,1795.8734478810632,0.32793097975632834,100.0,High
216.51597237510208,413.24166631334344,70.05455298090821,48.94951801745749,1735.6747714323542,0.42611761661783176,100.0,High
11.304667526547352,505.0080837636361,64.04253444769805,32.96634694194144,832.3263560523664,0.5999047020867097,66.79174487093098,Moderate
6.591743624313001,741.8422593167685,52.589241937026586,17.809601125721493,667.8958852903606,0.47000687997008,68.19308805617227,Moderate
94.1158417195124,25.101714599513585,61.7101617178993,51.49314866287997,2392.0010599070083,0.5772369945357164,75.76492259839746,High
202.63833269545822,386.7063399710755,91.72597267752082,44.993954535707616,2312.0837952613274,0.5125700017965836,100.0,High
246.8190323287361,553.3004135201429,35.70354418488536,58.94186459138684,1170.4256942374097,0.6788269161456844,100.0,High
37.60422277588204,580.9384965816005,21.80516093642778,13.56309287657631,2123.174972078215,0.650046125054877,57.40184206569631,Moderate
148.53267883803377,557.1006209143153,88.93319077592808,17.411552067863028,1158.1925202040252,0.5040614080373264,100.0,High
95.22271415775538,116.20375223241626,66.16936659103251,16.64889824348265,1089.7530942776505,0.6270675677307509,52.75536533645937,Moderate
242.4785994536508,246.52251481362816,91.2526764369474,48.58968721917352,434.0692216182719,0.7925256619317209,100.0,High
210.52973078392716,293.3852650794406,67.75561787305381,15.2799013047565,1094.6948384053335,0.4174305946199433,92.13800137610598,High
209.58217617778448,645.5053940668089,84.8128871967762,8.666290640281835,1366.6714995695272,0.4008486118364746,100.0,High
117.17328994874256,230.22029920749688,54.373869068411835,59.92084436220957,105.13560220028184,0.6996087777245231,82.78477130909293,High
103.7048755844163,176.4569214550905,79.9887945030615,6.364946629483203,1138.0768626797458,0.545170761485695,57.41365218261577,Moderate
68.35176798267656,766.3839350400959,93.04331735118848,50.93842330873761,1964.3227350682407,0.11035576318920026,100.0,High
14.09387416273178,17.00199523964043,65.7698370977765,25.095176285285905,1716.112838116961,0.8082952133374192,34.19483809545947,Low
216.1805940637633,798.2784759887628,34.462812044990365,51.28885028667984,1606.1346227166407,0.07616563690199411,100.0,High
203.2252522825194,544.6888260973425,41.50380920241585,35.50412701661297,2278.410799671146,0.6861369027782817,100.0,High
249.92941832153264,664.4907465648025,35.89156615179246,54.589717621749806,94.17842407181352,0.694975021298666,100.0,High
249.15920926847633,242.7493231134926,39.74856220765864,55.940614252804465,1414.7665861709736,0.860144422489641,100.0,High
138.85792640065685,21.309069356977382,44.51323594808291,5.50039997044268,1979.0046786037824,0.09601424714197265,56.92328567923917,Moderate
192.24685379512763,592.9169196636087,64.41070294025508,9.147669679603354,1376.2716876181048,0.5573283316668174,99.98796765665111,High
236.191432470607,668.9742316305338,67.03933035710662,18.76973012639705,843.544103821929,0.41366448503299497,100.0,High
212.41184766935285,594.9761442432801,54.11997977934889,41.812347899992595,383.81388447534573,0.3310380116306107,100.0,High
61.83702543579941,122.85172696766249,69.23366238566683,53.85497080813283,2224.529525949669,0.12677077625421207,85.59185261209453,High
112.63603382752338,605.2080585830056,26.525994048909276,30.29680732116795,1203.3678613496272,0.5282560017206128,85.25136520624453,High
32.289853787873746,617.4489978650364,27.023058964652797,38.3835213950846,2201.3822326149684,0.4571846168234216,79.9845023616885,High
238.51275681468059,530.2470073793434,33.746356828612676,15.367491903755862,1485.3376999612624,0.13887128942837063,100.0,High
151.54365861272,615.2315869085131,61.44619984322758,49.273175863492696,1701.770685706752,0.5706160810325209,100.0,High
57.16070137586568,678.2779373454084,37.119574295865085,58.20304612444084,2020.4398282272025,0.6772601522149977,100.0,High
167.92517110146417,494.74725024759215,42.662752279406185,19.772941310302862,1664.9310842703292,0.7021865558956011,87.9649076079272,High
154.53206011447395,79.99772403604646,52.025026893839524,32.21542733803005,1025.2343596633973,0.8195672100230633,65.71841452312029,Moderate
89.54067950821012,395.22596963709657,84.94928992083038,9.73638607785056,1308.401790625195,0.3980501306054606,74.60305219911167,High
28.389398049907257,71.342974390568,21.10897087302881,35.75251610546326,2017.4615354559057,0.8601118533288165,34.703367082234266,Low
167.8932988981999,331.95899451562036,71.95030561892979,32.653089301567434,965.4432261138113,0.7856149943202831,90.34981139304293,High
130.07692522594832,331.61412640924584,73.51012248325483,12.944006628529268,1000.8975690828179,0.3020263353703482,78.54842599653168,High
193.07959793390984,62.14777687079085,83.89246242853092,29.313641721494125,284.4407843421028,0.1853905817470397,88.51315745550188,High
130.04087527799834,285.56822183588866,94.62023512482506,23.37575586476098,2290.7318662932817,0.4200809867088114,93.21559929156292,High
213.04537507963502,97.68849804513872,21.611027915943186,33.70069814178541,273.0389716163322,0.3916139017625716,75.43619919352689,High
137.9767096936214,648.5058159072855,32.30269644105729,37.210988448583954,1638.1124847489618,0.5393614095315237,100.0,High
140.23449288384657,758.673540511932,90.89370352447945,5.467256823396523,1062.3264730668543,0.5458782974785858,100.0,High
219.16340066458625,67.1300154537715,56.68148497496123,46.85532906222554,1043.7675061258337,0.687488936722979,92.54819512598579,High
100.87071655309926,764.5410137604441,65.16725111467707,44.21578605239574,1714.9019996030756,0.4834064559747686,100.0,High
33.50380711266018,422.83551347602867,73.0421762978518,25.14575124135872,214.37964494320286,0.13909924479965072,69.56647138790797,Moderate
7.195669078334744,246.65688558356038,74.325328359651,7.911476456285005,1504.5791682310148,0.7795476352201403,37.313556943920375,Low
188.78431391840476,70.72103946816918,94.53923226532066,46.521289688177774,1941.4778756322692,0.313299895707409,100.0,High
155.07738783836618,405.49317177563006,99.75595339293358,57.53463382629729,2079.121256822156,0.8756028412606033,100.0,High
176.01994202480589,637.6672801476915,77.61259687447522,18.20833778121078,467.7994540147495,0.15018109237780464,100.0,High
53.241040377227684,568.5983170406915,42.977696736412064,22.793853755537086,2248.6766726915257,0.8645134963976278,69.22038229575463,Moderate
34.092868896692444,49.678549056539275,90.38019218354749,15.109708921499823,1657.5579250262335,0.12736003585013944,53.411821534532486,Moderate
3.6361664169704824,67.59244994064377,23.93767316326093,36.73148678396618,2210.544262010673,0.24638071725500055,42.53014036619179,Moderate
87.64688970164924,328.26989327978333,38.4864682299597,13.516276705610021,1238.9377569199858,0.08959295077356036,63.89204532946009,Moderate
147.47942171365827,243.27949029787518,91.79085739709718,24.59066689037587,1377.9816954881449,0.6493461746431457,85.7651102266149,High
98.06101127493308,193.58361521427778,40.495321155148396,43.33571576638446,2301.6437787202444,0.772753926086023,71.10389921208916,High
109.36873050593226,231.99355413788373,37.65208476973988,35.806379065514164,2254.778381218946,0.4189604195435833,76.28311013739452,High
226.0396736234371,644.7513672045388,31.05002345121978,26.255441038036437,1147.994139754055,0.8392437637860652,100.0,High
87.06386675582509,744.0901623691645,88.72894061175332,28.113728099414804,722.3109475074203,0.5517542109922596,100.0,High
128.4973722899527,330.0311286767775,60.00466073528693,35.916098544277624,1013.2675646824472,0.5855060651295447,83.94538054984322,High
195.91325318528578,725.8276916846727,73.99145624433238,5.322560033793872,1000.0226048978868,0.7686063214456544,100.0,High
99.13569558031755,263.9816039858267,39.125310726002375,9.318042764948542,752.8238437078452,0.30228017429406306,53.766146363082825,Moderate
155.52167505696838,386.38521921159537,80.64323368089731,53.46919372696564,708.0200306157681,0.35112586312848193,100.0,High
215.5909271866863,188.56290827463977,80.80044359696788,9.283344400020992,2159.6041943753125,0.8200591313154477,85.05504202485189,High
237.38015591441052,515.9760733189167,45.00784199266401,43.874197791577785,221.1617056774211,0.8158189716329493,100.0,High
36.768370232259485,783.395080988099,52.85461064082263,55.602099025997894,1710.1473961440056,0.8800103597707403,99.80104437437515,High
231.6469062903736,486.7595458742691,36.77522219441607,19.88759823659521,473.4091260683081,0.8165625689754205,91.79631703723402,High
123.02907326988455,292.6731264497036,98.12488186583235,25.377029038273285,894.0394388154549,0.15826623062835676,92.180722183751,High
64.56109707473959,521.7757823325173,71.64820616467293,36.2906773214594,200.7804336303503,0.7501656432164393,78.09431099500009,High
114.78393905956533,107.10733598765617,94.76351045724124,53.49399333012216,711.435410295882,0.3983627063931549,91.26570389051815,High
245.00814382136926,712.0406734096649,44.270843490330655,56.80480729932311,1932.6316242372432,0.8921811525540472,100.0,High
123.1545234982174,407.4363211160707,82.55127303975118,45.675978646119745,2218.2875451407835,0.4514388196794809,100.0,High
82.18790257187705,364.9862962113172,81.26869151077936,9.764086847008173,592.7415221607993,0.5207606701268875,64.29779579080112,Moderate
158.35021357918146,472.8331828782802,75.33245214932333,41.80347855441679,1185.6922061843586,0.5003086779682787,100.0,High
60.03640469454827,503.57925160362794,97.25111802134404,27.566704702996415,1202.2939174461555,0.3234764753795361,90.70535062276831,High
18.96583202716598,66.7028869189453,51.48442688850524,30.888554972008386,2190.2594991113488,0.11376877555898045,52.60100459496535,Moderate
32.21993047766231,549.2676047664879,30.457385887180585,7.703161468984737,1918.8576795457232,0.8113035458416308,49.179536284648506,Moderate
32.01145973944311,201.12602744926838,73.73670873952486,15.5084176640497,1307.0391850017222,0.7322744406473438,44.66582288647976,Moderate
37.97567337807359,574.0225796802059,78.3447840381765,48.478248414350624,1693.330641155845,0.16859776347571886,100.0,High
34.70679316235253,659.8024875635155,66.00484587670518,29.96773581763229,2126.0198820779488,0.710253030647562,84.34967065273466,High
160.21868620080366,645.127220966491,36.5454314506717,21.591423289713187,73.37043736258511,0.5819696661430186,88.84519699191992,High
45.47002109978621,446.4757642522324,60.35647533354843,26.121049068072697,1037.0805760726191,0.39777221972997895,69.90307791662217,Moderate
86.4168208309658,420.93421492549345,44.97517892553035,51.991973232912414,2272.745759828843,0.2659179767312283,98.13229497537635,High
224.19710247650295,122.87200945813525,54.19732225333512,46.19494595727263,1863.7669255676808,0.7807694659768977,98.24657890080074,High
118.4904100657181,622.5234588184771,71.61748606757311,19.977346844959552,1379.961367118483,0.6451600203999451,93.17674548145565,High
166.8894346302568,224.41341055290434,79.61717941526676,11.462601211680532,1347.6290912360769,0.5155789230487663,78.97404970530573,High
43.07996780040746,402.38938402617777,38.57797527210745,18.859902190423945,902.0367391308725,0.5681332538136945,51.73707009007597,Moderate
48.0722547021677,234.5765334127382,52.42602885175627,55.64160480801036,1325.2753074217105,0.12740625476985384,80.87840377122599,High
10.217154066619717,115.72440676975758,41.53292567933033,36.987386081736545,1655.6888386854605,0.45283179677451313,45.82038880925572,Moderate
42.23376576804114,507.3505805444719,35.89052910894953,34.34141148096306,1074.989444150543,0.2146452488678467,74.33287223807969,High
69.64758475798966,52.92230751009402,82.67097759966707,37.80164798308538,1799.6752086608262,0.22712612715750158,72.78027732073808,High
44.2526210691867,601.429734959698,92.74021555495939,25.131554616058338,2160.018956787945,0.6121083679438367,89.76108006067935,High
22.175633439263905,260.89356825628215,49.61857485476614,49.3908861175732,428.9778780529099,0.8245677290591449,54.82457215206736,Moderate
30.158967775150202,10.106407473543403,80.10231394990134,33.780743711513736,1156.2902059026899,0.39319311890659453,51.93350984559473,Moderate
115.19469200818145,413.79201999741156,91.75962314915289,11.421134652283754,1049.6492236484487,0.22658688206036182,86.29166015153065,High
51.58342960144813,47.01300773680647,87.68993684241852,12.098581865598462,1734.2887699218338,0.6014348966511561,46.18580995177989,Moderate
91.06746526201887,228.17395067851058,34.625071083138074,34.52725305764401,662.1752898819269,0.7905089893977701,55.63722985101458,Moderate
125.85431771371422,568.5114250900158,96.50335052106891,56.51136199389615,1618.6147416330768,0.6860709809541172,100.0,High
172.59870715734132,59.524801081274035,50.134115234357,21.95936669219093,2199.8486422421456,0.7884436459560991,67.66428414372366,Moderate
9.828034960274735,673.0774089612419,47.13925289390691,52.824764287257004,1074.4224194943756,0.5060714703591794,87.28751051483073,High
199.85259972726067,13.017738900280655,24.994506182222427,47.02525726183836,2281.988464949089,0.6890948077138123,81.81964113477267,High
156.97509737272694,204.99085666950276,58.89389232839064,18.629684359879874,2483.251160387022,0.169054875455096,85.98470339835258,High
20.439757987217977,595.3142043601364,28.721089251274297,6.998741157393335,309.9255223724826,0.34603342305871276,48.70213354328968,Moderate
218.3946560266943,259.85341828615236,39.88318567419408,10.60159958283105,620.9803105629037,0.38111678980929403,78.73882419038752,High
230.21810013295328,90.4949865721507,45.35540974138251,45.06716636160921,2378.4303911311285,0.48460138430912936,100.0,High
15.269489963715937,294.584795852338,84.70610587933473,15.981835592235567,2397.9028318793976,0.8397149062183001,53.709046289378904,Moderate
69.21941203680093,223.61069624377518,90.03909203167171,25.419900627796657,289.3828246975583,0.7931520761888482,59.34975219238058,Moderate
201.55031994826533,675.7424027068383,44.19730539691757,32.593454130353365,86.74632592398487,0.16434666844580686,100.0,High
187.0649225959146,257.54485489226306,88.69584969956591,44.90074926475896,444.6950569782345,0.19687120410009373,100.0,High
46.130254839094334,633.2566527030457,88.57847498958328,11.227717279251895,2490.2313192865086,0.35399446715057464,88.09487014289441,High
52.33733083417758,714.5789944004805,81.17207603078988,27.350152290260382,490.9990606961828,0.2971322860070728,93.62478840080772,High
92.6180256978455,352.71576146545834,31.735609121214523,31.679010002848248,1281.2416364689568,0.572555310182823,67.7511631787232,Moderate
121.13074629775534,728.8550836449697,75.22582775205832,34.745488518434684,2128.623429754752,0.8173596405998632,100.0,High
154.563692882574,308.08126263092237,95.6019251664455,50.009835276736915,99.98394618610553,0.8679478104216988,98.55271781517422,High
92.2284098924431,771.6219490271855,74.60323830137256,14.44230072737693,1530.9980065332256,0.6055625096549425,95.11089894005255,High
115.63367903328697,80.53872437520262,46.52934792862672,49.430729850464225,728.7123497305796,0.7624353211909237,66.28023759844132,Moderate
186.86773453343915,552.7452205375617,60.0463453944665,43.10831352331587,2162.7205452773424,0.4964218701961775,100.0,High
9.170800722649474,400.11309196097363,71.65800346808429,35.57289478094276,744.479815696994,0.22707790483103374,70.27914111620575,High
63.10923608600519,316.2425563099612,60.84563269828028,43.47403287214146,1732.5515146906769,0.4959851502794558,79.10542136231803,High
178.3373964711381,509.84238421139474,29.596235338477584,27.6609756423411,1701.8380994961224,0.5218202112220034,95.79970174088362,High
223.80170942179984,566.0471023911216,44.96512357216165,12.611867228246851,592.659194706118,0.6810889295815231,95.59014822733539,High
127.91936052891653,13.44698302374418,84.1916824442906,41.6170882145952,135.2580396774578,0.2369005412512467,77.6697708264252,High
133.0283713163289,141.892940110287,88.91344368764139,33.85697686770922,1052.6614557742232,0.36306382477372195,85.1890445994571,High
26.793002834944012,573.3063800011117,30.98400261724562,40.165614029852655,758.5232223163807,0.35942334883238136,73.01868916093134,High
111.85309170586366,536.4444767267831,96.19094019189797,23.58993295656695,2031.995486553586,0.8655236563799902,95.565638876163,High
133.15431661375578,773.177529051655,46.30580942788875,54.87766175369097,2010.892261715596,0.42735321627771106,100.0,High
60.61762590868241,611.2198542981185,72.9850990984576,37.30534277165673,1169.7086828719325,0.6918298722034245,89.54867720360942,High
67.31080773734524,761.1104391077571,80.1460116765345,9.69713663599806,1535.9549520418864,0.6881896741682733,86.11430699022095,High
94.32104077615566,565.0069962124975,84.95569877103067,29.739219488743576,1530.4358141679668,0.27571255708275516,100.0,High
5.017799444431592,245.4612448251601,95.65997617807442,46.599583010899885,2076.537463647677,0.5360892359659722,75.55239344864269,High
80.51979139579457,93.23828857817661,45.03356384230581,48.67740089527498,1091.2559146018339,0.8101574593208509,59.33247646161974,Moderate
52.86200174913616,627.6408520424991,88.68051636412436,32.202837902006735,724.8443654867473,0.453918061538407,92.27778777264399,High
81.87433804447866,518.8778849659736,30.53495227489656,54.21111639572156,699.3355494443413,0.8533498812411642,81.67911869231246,High
29.940532954812802,48.06694979070402,76.40327250828742,19.721764045686363,1363.6710842414002,0.23228949492553735,47.84820713223075,Moderate
222.63182018497375,294.43986806177287,79.35821836111887,27.582928348104662,1150.4130966939208,0.11303523990792612,100.0,High
148.39811338851217,765.8718542325861,74.21785929610564,54.422830081293355,1128.2958889130937,0.8077357921730369,100.0,High
169.7755797861224,405.316905111059,40.18517889081224,54.29411940593684,273.2864807697827,0.7705290182678841,96.51328321574009,High
197.29280965183457,351.85601745556664,89.84345176121627,42.71420228535745,1810.5791646909793,0.8937013945437681,100.0,High
124.61054973226432,371.5826880758422,33.5086770696316,52.243930091722106,573.6548855556812,0.6274844648955622,85.29399396581582,High
21.73007202185592,175.01735196407935,24.290783321666467,9.882529682592796,532.5363940113673,0.8461847376670771,16.42389294488777,Low
134.27663545463693,301.2786649831882,77.39719924895297,52.5747236914277,1061.257884679614,0.7529066713214942,96.7642792127365,High
146.71027950521977,302.15247222986955,58.0380572186187,22.634094860262472,608.0569369636135,0.7677623831520739,71.74955043777747,High
186.3598685460825,51.3604659481032,87.92784159669408,14.808233183551899,1480.4527549046377,0.533770334886128,77.8789008319142,High
107.91488655741985,616.3784265291554,50.671771284660714,18.165340998812546,960.0851813694552,0.3750099082292042,85.78323122772967,High
31.895075698890942,339.0385012040644,33.462287080617024,27.98826794076379,1149.8337203523358,0.8443743616617896,46.14071710353091,Moderate
70.94397644968112,659.5221105849744,86.91537539758957,18.8155602532457,1366.0648379298707,0.4172995992735103,92.80265964064105,High
90.77057409965877,681.7749208847174,63.91277053120574,22.631217230907446,548.6620300804218,0.5079964621622187,88.3595177459417,High
161.4793103329003,177.47530321193986,35.13566339122839,12.423816733940315,431.591476020548,0.42919716105640954,59.22255484147154,Moderate
142.69457616722798,529.3092509144016,77.63071988691566,21.289722105744918,2207.033662040332,0.5300955668661675,100.0,High
89.02418147446156,383.1026252887556,60.88909107916004,36.475609799810066,1112.6230719369814,0.4499293171434781,82.01173878643374,High
246.62881219824493,705.3238229579732,68.34503857922559,29.301953945008517,1059.6293435997209,0.0907724247925545,100.0,High
151.4437048392218,180.43513654939875,56.871867056526554,24.069531867975115,137.24976816846163,0.7997409581065439,63.14139068365904,Moderate
59.30669793399862,545.4724282449349,86.29671870544051,46.05486708714127,1270.0419413391135,0.4277347460784043,100.0,High
25.445618155100934,490.12417657965085,86.36501725464399,54.14304842663248,1407.7158179469502,0.5506021012312464,93.23571451017789,High
38.21478479608301,243.2881672817479,76.7511057459509,46.62340725963184,1419.160133838933,0.16830963234428897,80.40131642158656,High
61.48943209612703,117.91471388442636,28.43211019171698,23.260038616472354,1782.2263648410667,0.05287967078524327,52.210513802506604,Moderate
40.17034331488892,524.7954107770485,87.1083089523255,45.94431923106545,484.83049572797887,0.2584965795970965,94.09271440768082,High
46.64175601282644,593.4919919245413,73.68103844263278,13.358910036072816,667.9466788650161,0.6488981273133477,68.31787599721626,Moderate
71.27379217346177,259.3456015730465,75.76193328034395,12.167489345021,2036.289639814511,0.1343153505959468,69.64219031925673,Moderate
43.34339882368871,519.4177571776279,49.03862723230973,24.00948703698874,2370.5680112663154,0.8225543243284977,68.0652301340234,Moderate
224.1913561566063,322.15341701308756,90.34236449256053,49.42363029742314,383.0352310499356,0.23276918395275686,100.0,High
20.05843641541055,573.433437793268,78.0297280187886,18.549153598326605,1269.2414085377845,0.2239045721480094,76.60065526756001,High
131.12784739256367,167.38006716630196,29.007237322335556,8.478937489427377,574.7318192119877,0.2042817673782712,52.30099830442165,Moderate
102.59920674741538,713.2698520825777,52.622242752493015,12.24402443634953,197.179262469707,0.061884456025660034,88.98528142264779,High
245.5946542271516,237.05358120780798,90.91042895681133,52.230973269126906,847.4831784090318,0.7060346482064994,100.0,High
28.009725542013086,300.5509303273608,23.775736135790318,39.85808066110082,402.03468170132123,0.7937793515584698,44.95781378979131,Moderate
99.46389976143541,55.89264214347633,96.91332957136396,18.92606398534872,1789.3360299139033,0.5720382972237691,65.2615477375519,Moderate
242.3676083188422,98.09464773380836,74.33300546556502,35.54127039304997,1357.627263495039,0.20996998442788295,100.0,High
216.37678147349507,417.5309031427392,70.51007821147013,34.01687923339427,402.39445392626163,0.2924862973997478,100.0,High
204.26801773731998,221.3982146150975,41.64474051903931,41.04897881423637,72.6418915935102,0.45453769276021877,89.57964615236529,High
64.47570676123496,670.0293783363336,39.90334309913416,17.825315493188896,2029.984770109321,0.8611940588798057,72.59230697867483,High
42.721896847516454,21.607777037413534,95.36465755908763,52.54216429569187,481.67629510240647,0.2602486660450814,71.180993475325,High
167.16080498110776,309.4842984508296,43.86179633872982,22.015270914400705,1535.2307734408766,0.6718990183319049,78.39487153610298,High
232.34399728189643,276.50298194758324,82.04042373751994,43.17724096869303,875.4586870380266,0.42353098979898224,100.0,High
139.19072325348245,25.268828424904818,51.44974385656633,5.886855550471819,1484.440548871837,0.3031702461060185,53.36460640048786,Moderate
142.90317236747495,108.25103521040307,31.14032566277632,25.496142144178098,823.3513861066939,0.4375285464687967,60.08959322011246,Moderate
69.99477341507104,336.77771318572184,20.857223815628714,24.344039987734455,263.0019236960227,0.11052570991004765,57.011852919274205,Moderate
192.37323329798423,399.36302171348285,63.540586961220065,34.891643572065796,596.2275209664963,0.7288842652908081,97.88685786817221,High
46.76093713938084,329.3889003313466,98.06230548391461,9.000494397745808,510.7434878737352,0.25680663878552207,63.25095113548302,Moderate
80.91980910106092,429.4407659455541,49.53089550473636,48.45722555493596,1098.6474134771274,0.6666003047140249,83.41970080362913,High
106.35910965410419,480.1540231754884,48.575386719443586,16.97794409721627,1662.7952693940854,0.10809611573096552,84.18477145726892,High
126.90259467111376,17.83981869099015,47.527329427955365,42.23707981851056,696.324883618576,0.8618337727408332,58.6698771682808,Moderate
60.60243310377006,376.6351759682681,61.64350698438867,49.17666677842512,79.57134148651397,0.21406273759484384,82.9332587729438,High
28.709206184800884,771.1644003011947,55.253190673943486,35.90323259328322,1321.3965424486544,0.8003307647760184,84.69997671281996,High
152.65501061040814,420.0355013023435,90.39317013816115,45.7485763697092,1534.1107489294816,0.7380522281731193,100.0,High
72.15763831006394,545.258391292573,60.44166333787922,41.4023171718253,2409.0327103044337,0.8726809354692036,89.97109578189516,High
145.30955535565306,256.3724477543377,60.62062705508551,24.55413884336042,1494.2034675784548,0.45620706180388715,80.75611763363617,High
38.59067881855058,621.4531887406824,31.069727577644528,49.48721964684609,1204.3727704764476,0.6682876997690589,81.25743696480457,High
120.28502546370437,620.6079706821309,98.61916327283087,21.208575343704037,1454.8339834493743,0.3651040584821164,100.0,High
133.14735813789648,421.82387764676974,39.99783126950638,36.41671047633345,2323.3565431619663,0.20671300231673972,98.16801131372058,High
12.955884205606727,781.0509203905788,25.86912539676821,45.996875652784674,2079.5264567240333,0.4266145429934315,90.0906270517471,High
84.15106954848015,109.18466966249616,73.05169991801671,25.84257503968792,841.2978967413296,0.19088666308018665,64.54802877988085,Moderate
33.60366923474356,23.388655262768985,67.6293096125498,21.652218418958377,631.2731909599863,0.8847379293684263,30.38994462966587,Low
15.843742618191936,618.4249872881059,53.211652319419656,30.26403055950525,693.4523502968804,0.13180951746960892,77.32092860982434,High
247.4900580974863,647.6528745182572,53.77537871045425,49.987992189203446,1285.831547302272,0.5508299649347274,100.0,High
80.58846124368074,104.96371100525523,82.8051136837145,56.14569697301156,1872.9211555100155,0.5824942769659476,84.24323006365998,High
202.4686114636587,219.8104380372988,35.65701120797193,34.97958770729396,1282.8870575982571,0.5073676114429461,88.44737445839374,High
63.66016369094096,23.866367059636836,85.62026551559117,41.38064129280085,216.10116977887583,0.6128580028550585,58.069776328086455,Moderate
170.3756805559823,241.7138025166461,71.89976911160144,54.68004922314028,1822.7727160779532,0.14875365876010732,100.0,High
190.05696497242164,620.7820803957505,53.517581902361954,10.420076827711831,2024.626815243837,0.5217657455744974,100.0,High
148.90968515196107,419.1888168929374,56.64228932670949,17.76432178263908,759.2697695433131,0.2941306854582573,84.95295221320387,High
117.89404713753959,284.9955186029476,40.531776574887665,43.98950034383704,1677.1080612442086,0.8491496538058981,76.88997622011081,High
102.96022853681713,303.6740429760009,80.16914661575798,50.30594540517648,1095.1501575832638,0.6977609054237669,90.53735584504044,High
87.21706663574882,11.069364315219842,61.029979384421424,52.136596558181786,2228.3424215322348,0.8766373098357813,67.41193862753964,Moderate
232.38228606195645,246.84241677653637,45.668363419987486,27.830894727021292,2120.8026174938127,0.08192265927916112,100.0,High
207.6548519469323,520.7024058939651,67.68400926087602,9.913694626052676,1337.3083958586235,0.2923631989036024,100.0,High
241.25672766662814,779.6136106149221,99.65875616410584,29.077981251479095,1744.1885872433065,0.21610919864259664,100.0,High
31.074305871386183,679.1780533172806,54.820982372524306,17.690402461387958,2214.206767504155,0.05948139921505593,85.53245545405102,High
182.71686880091107,28.64002206996801,93.65531206228957,21.01580502481433,1264.506674691775,0.2559768707093732,85.38792904590488,High
234.58511420525946,719.8628776931231,47.60134719396529,47.47471562606282,817.4643141976138,0.6269595859923646,100.0,High
45.30826654141504,628.7267465059145,24.37861655399887,9.153989731423778,1896.482037878474,0.2464255838143833,66.00185140182477,Moderate
16.624066841694372,626.4971376210746,36.33936850947431,50.51696696143862,589.1623242224948,0.48265292866022547,79.24302094544304,High
185.28016232251477,371.8166496128215,53.49561146621474,28.521799720329298,1001.901312614803,0.8046453977202489,88.18437734991055,High
143.61827829497798,324.42418143405723,37.57079428756552,37.78351621053273,2171.0317309116444,0.639694232296714,86.23265840727191,High
210.457194189568,249.30342577822216,20.01816305746044,9.930872717962345,1824.834733659822,0.38543470942012714,75.90565335104877,High
34.94309415657237,61.89893857394896,93.20012301980218,23.55474930965038,1039.3369628563732,0.36659859807529205,53.26995103502286,Moderate
198.81682796497256,190.3059371600223,87.51035289847432,9.933550545816518,576.1240309004756,0.437375441907212,82.8758343063909,High
50.40683001193613,204.81687163263945,79.38337851895577,57.884904758461026,922.1225575389794,0.2004852249009204,85.82059528874903,High
40.913985716426126,392.4208850710593,33.42516765168229,49.39939071294378,746.0551656072108,0.5889006523035899,67.81354830736687,Moderate
41.06644948274823,600.4810812113882,29.629086096798886,30.279801489605312,481.4187554624421,0.3595298962389147,69.56963620118277,Moderate
203.64368005784553,384.3097644343778,25.40837995779065,17.29814015780191,1871.1656382358588,0.7745105468727371,82.14113891616715,High
166.29930517405003,55.69711506325688,77.9223351018337,56.34003078874187,667.5712227829202,0.6930697610491439,90.78799500034874,High
130.76635619227983,766.6539427806811,94.30463685503082,23.95281276498345,1162.7103019110214,0.5689361894783361,100.0,High
89.70762103087563,754.7522120843487,54.44286567304296,13.854143742805611,995.3556447484672,0.35957188925208866,88.86334670379483,High
219.30013520327708,630.2997390872426,29.531253759683853,35.97404136496752,2456.0895776572956,0.22844205692246172,100.0,High
98.11127685565884,793.1490422357342,60.991425658568524,56.90757661896489,1008.1759981631403,0.7097290844897794,100.0,High
204.14985986789426,440.1410429122077,47.90655259669041,5.210665977517742,245.95708285204924,0.4634477341424235,81.96805660975949,High
109.78372714255461,770.5869967000328,49.985993947999816,18.09686637896993,270.07309380160586,0.24103753245075388,94.15809098898885,High
94.2361073562269,69.7279820872331,69.70644993245658,56.61462022257242,1497.3466173150089,0.21589842278400528,86.22762214447589,High
115.6699464174016,298.88779112648336,77.49744906097618,14.409728177143911,1518.4407017587507,0.19059076882615517,80.15778338277673,High
75.34446854103552,188.051201725345,28.848287909852868,11.228389840190093,1075.9595266825047,0.7105870167747558,36.40102628309486,Low
186.90234504406277,164.7081364660733,22.84721846451811,36.360296868989245,1108.0170461644727,0.24463910750526496,82.62594389758424,High
125.68009752311978,121.2343296252141,99.54642421485718,52.40141028121565,182.13482796013446,0.4976459239964178,90.80157268771167,High
58.05317378670433,501.70677683713734,38.618267913244146,31.241039973165936,1315.5389504536925,0.433814406827098,73.535296629215,High
224.89364331864212,627.244266040371,24.306441992676724,59.70103411764886,1286.6117146818617,0.5426692643440413,100.0,High
95.97280534330285,466.8557355420849,35.1900263276736,42.35444347458961,416.3958304645141,0.7955816653155151,74.97426664148036,High
135.88821527849714,126.10054057468564,23.116627707877136,9.074119896574626,304.40649597177253,0.787585281569471,37.64010345249554,Low
226.61802774113673,650.787778247442,51.34487156937374,59.60576724250865,352.7526019687517,0.4334146610511307,100.0,High
156.05949897849803,512.4042186593455,84.19214275610594,27.434183022910474,297.5192039035834,0.06306131312451481,100.0,High
29.224510177091016,316.65090784032645,47.29955598061765,20.80713936150154,1543.7850790650616,0.4124772348571577,53.437289256437374,Moderate
234.95803090336878,542.5629334734897,55.53467255026932,35.68335509678371,531.3824983871507,0.5652645068105193,100.0,High
156.92701326785448,215.32493360183796,74.0469418853951,21.73691755014754,666.0038728592855,0.5241000452333525,77.68273645834878,High
83.72640366427153,282.7018447104263,60.71152560559042,9.755162891608379,475.25175317102736,0.6036356899301747,51.44704939709988,Moderate
34.818018165846816,734.8138160742723,88.91565488170593,5.07855886935472,2396.6964958988324,0.18096437260212095,90.45067646319096,High
198.506297317574,239.4985594804221,89.28285400366052,29.727084410614427,2143.8127847219966,0.5995548339636227,100.0,High
155.01818898212838,381.29073184476994,20.79285563929229,51.02748822246257,614.7123515112262,0.2052538759322064,95.76616151391922,High
133.36527299408039,713.2114985428516,82.24370451865593,36.477335209654214,852.5374201092087,0.6879453835922367,100.0,High
223.47314576273942,569.0998667113467,56.85868801933391,59.95640144188925,564.2374636472431,0.338224471273278,100.0,High
197.14930280613268,59.14054867011517,99.10724330429305,20.776565510596,1255.0961006790183,0.6534111183742356,84.67230048339027,High
37.918719933187795,126.36940498038656,58.65856607003481,20.425028561803042,98.0458045619213,0.09068575907019102,45.6560064298531,Moderate
77.93051694888706,16.194856709814285,98.95167563106381,13.78622031286693,1694.8516217971494,0.3966810217522764,58.096950741471424,Moderate
62.122284953616436,508.42821428103906,80.36554889645893,14.023497354593434,1331.737467053222,0.6492793439238329,72.3691926407185,High
185.98657314316924,363.6620060742305,39.88839076906451,20.68526278055263,2251.665374337703,0.24283993888177002,95.03591246584628,High
8.383108683944846,116.07713221279766,63.07159834295661,48.60620249004399,452.76207660461466,0.7259939880776392,48.52034156227687,Moderate
142.47242121782912,766.7679556348487,99.37085115828663,54.816623485004634,2020.0676528497725,0.5861627731391922,100.0,High
190.61467143517262,428.43118191703974,88.6024486201539,58.62979433392247,1990.3044854434536,0.5494275063273286,100.0,High
219.19140919043735,201.09570234918246,27.789351503297688,17.775930975304895,361.593913581373,0.35051652607368655,75.67768484636517,High
85.52043717897686,405.47682121221897,76.50975974479968,53.471365008775045,1026.4700991531126,0.4600837498239499,97.7032636301862,High
205.31432616800322,546.9000628607351,47.646366869665044,23.054029910253536,466.8739708040664,0.5577469058311751,99.55711058022833,High
27.657934238801808,70.22898219911593,20.55858095042785,11.206229948428643,674.0652261209948,0.45159279682765685,18.991764003797478,Low
211.61307293362955,227.01601388783467,52.27847752215997,52.85137090360911,694.9531283348337,0.6435663253494761,100.0,High
31.872165582995603,647.5027377983549,38.7803537379977,39.98580990539902,1412.7791653631432,0.4186423931409156,83.01525600634822,High
99.32182264009182,373.13524761810237,85.50954164163772,14.060199284458395,1057.9567828131405,0.22193220448072581,80.32591209870826,High
199.32384144488842,441.795942205513,46.98644870766124,28.64071916321514,2371.945369815448,0.23184371538089016,100.0,High
37.47935683719344,351.9246417454807,86.20189551630537,20.79917321823872,359.6068477701626,0.05493320351649993,69.55020483121201,Moderate
57.312848808160375,44.680954687974044,20.047835106783623,45.52370127906084,2435.545730382987,0.30581405822487157,57.567515986365606,Moderate
180.56314209826658,140.9423260579232,44.62553200208953,29.93789268433474,615.0646685249467,0.6865799944067417,71.74460411384186,High
180.00913413651858,361.9778946060938,39.293217144620954,59.410396980851175,1943.54114413554,0.7250383025119681,100.0,High
160.28690822132432,175.256517672263,38.68538888548888,8.010974024277733,880.4763191234124,0.2220974107813875,62.995888852006416,Moderate
173.487111116775,49.4834326411462,25.454929581237018,24.52583963749357,400.5494187724191,0.8651873973406966,51.14381898463076,Moderate
135.68111083689905,676.4832346009407,34.96994163284014,31.504509191048758,2151.8285038532877,0.4770423744581077,100.0,High
62.94976472673819,785.1420980396515,64.44396559084959,32.67234551115759,806.7092031293348,0.8294319366657272,90.63145953743239,High
86.42399837597986,636.5828704574242,43.30888582701956,22.37647023121002,1664.1957403557633,0.6507504895823865,81.35309315784926,High
45.399429200356415,684.490088146687,53.391582586331836,45.10821370036624,1437.7870284622352,0.6640684095690511,91.6307971640855,High
227.1126403334071,201.16193295046585,50.14935042777508,53.111089041893614,1205.802958007642,0.12228707811016046,100.0,High
145.84794869153012,768.8953106554278,90.07239399999156,56.62956160878247,1264.7577079889209,0.2369924578623911,100.0,High
100.21285419090998,165.57130651820842,92.42391992084124,49.28013572397394,1843.9828895261046,0.05749260830030174,99.92541800815324,High
115.50145091103317,761.6295501858475,59.436557732468806,51.78191085186297,265.0436396024294,0.6587084944052269,100.0,High
236.82083490295383,795.9072422331013,46.41247602524835,35.27999153409975,1687.0426217968677,0.34277254516423344,100.0,High
38.33785077902005,572.2610165393785,28.544056320189092,50.4238524534748,2244.7396484265178,0.7186546386648948,82.39662390072694,High
146.5574580041993,785.1035481155393,96.2722303505676,21.692715003137373,191.58108269866716,0.3380957869464723,100.0,High
126.4721697211165,459.9364258580119,24.818155592023796,26.916331916006794,394.60068112248354,0.746433689454032,68.89832230857775,Moderate
152.86355885866195,215.03800870911135,43.81202220546243,22.430215760019937,1805.748244919977,0.16109351568606606,80.3845683193547,High
4.527545955210127,355.2267496758405,43.84529609360033,30.7063034496359,1121.340038199313,0.19736718324388197,57.476442053646785,Moderate
218.03097723603787,478.91313894924093,45.632102891217194,20.706878893125,1038.6941209935364,0.339745058646346,100.0,High
233.0295706209031,67.73443400134184,33.142947461792744,57.88862932399458,385.5682546333778,0.3972142805499323,97.6790490990816,High
141.28329589730222,501.6511790476244,82.65291447389578,22.206454540311746,1291.5865997585809,0.3463973892165316,100.0,High
174.16270596922305,785.1304910422127,29.79982895727914,10.392449596101692,360.0360124311242,0.6990999776447369,90.33504616496204,High
230.62484529432393,160.18504332914483,70.79253273225302,33.974944132772734,1217.720117960824,0.1324086837327075,100.0,High
176.80965857834966,636.1501418678229,29.907682136465397,8.1404493144847,1920.857482456059,0.3485344666927148,94.6613971064724,High
38.13476072856534,727.2400470858993,25.642851007436526,11.079874146971928,682.7476768235506,0.7616539995881405,56.622790074732265,Moderate
144.0720900417033,755.5242583279744,92.75436029487012,17.066416405793547,1227.9261120403319,0.10677751567284618,100.0,High
151.67876159571398,768.5071274803033,35.21030130549646,30.539263743517793,2480.4391250222475,0.8509919815206538,100.0,High
106.0326678255965,421.9531145899628,85.70001236477634,28.828801276996533,1732.2935372173913,0.8883693159312109,85.7639183358348,High
184.11105890618072,782.0732473132879,63.57046968857087,48.98305241015351,2111.3240896977363,0.12528294775131807,100.0,High
233.59175369225372,608.2750636362067,26.228521568701566,45.67110596362624,1066.376636073337,0.2975816439173764,100.0,High
231.39212822669407,137.7204346271999,96.4358553150454,28.447506169488573,1931.2592616583454,0.3665405661300527,100.0,High
112.70984285103303,386.7510841096963,39.7568933593514,23.353731416659645,149.2474737062385,0.7099326633548172,63.07567333058772,Moderate
28.309511460188812,577.4816285438832,88.77162762820852,22.405783123382424,351.1323972285002,0.5565377902992238,73.81021931329212,High
246.21029974058365,205.39884949707584,33.50480046276513,47.569729801170496,547.5229526541523,0.5977108454186822,99.44078096807779,High
209.72452161148354,516.0859950036211,88.31543057134823,7.863982342169836,1034.782215307288,0.6938833493957302,100.0,High
31.16567030081671,536.6143784468292,21.05830503242352,5.70519072308332,2122.0749518981197,0.15028214952147187,56.984471720824736,Moderate
230.21047065434308,138.53279760876705,60.942436525558456,48.754941555965644,898.3518244304297,0.7582280383737231,99.77536880095184,High
217.47409051553208,456.4173968376775,81.55540635372455,31.24305067939771,1653.821924112884,0.6497768335531224,100.0,High
129.70951428151804,619.5852596731,94.78364139942266,12.198462620446678,1787.8200222685343,0.5407404664169148,100.0,High
147.81885893623232,404.12757498339414,92.73617089651896,17.95612640269757,1486.1467675164365,0.8062750345655982,89.17792011108527,High
99.75067596753256,19.561462253124866,85.56998956381159,56.28771742035604,925.2428220168337,0.6452604008012361,78.38837653608147,High
13.690409705507832,17.14039057264082,91.05530797290433,52.272663659369385,1463.7806871981834,0.2214449682363716,68.6670313477678,Moderate
83.79931041147523,292.0531817363096,35.937574866966116,44.03817776231849,888.5507023348782,0.4152835739143167,72.33277638151668,High
200.71336214950287,741.6933140611078,42.7347436569383,31.522387668552962,255.49065945242958,0.4699364368953733,100.0,High
1.1580057511507147,190.65465588685092,43.11748199368468,33.61779944052621,2482.369746555735,0.0969349827378448,57.14787389640912,Moderate
83.37479292278604,511.14731420863285,50.16431448013591,58.63844944061772,361.5970113996517,0.8614418863560475,88.47761087856259,High
99.54217339773582,185.43993784772326,51.4656536308151,58.117374413635794,227.2535403983405,0.1592906716773467,84.51069948827252,High
134.3489007344807,264.1192918310434,63.56442597237404,16.839797518220884,2202.400335557532,0.6428420771427179,74.85995613922289,High
229.96390410319012,679.9532507851724,32.79038106931531,49.610751146792495,789.494919187593,0.4802963806772481,100.0,High
86.58649859149031,585.8005393932581,75.29973310287915,15.848346639185923,1643.2275864800936,0.0717874124017592,94.01237180922676,High
86.73830047405693,85.3654290774364,33.40532314436052,16.744561283617326,856.0640376724705,0.8360353544847074,34.34159743423574,Low
184.3753120274371,348.67459657928254,44.8246785683638,42.18511687905172,1009.0629634464543,0.7740612874960933,93.46298562498845,High
113.05448522245179,33.04411327975893,60.26761044849232,27.27506042231516,692.1767814411514,0.4956192387182602,57.203443565054556,Moderate
56.15120573499549,389.9032158163771,83.71524492187818,56.23494239085861,890.4578141928749,0.24460098571852845,97.46421556933403,High
113.10987903317334,533.3228692438438,79.15753865909818,9.895535419280485,1056.2159814370307,0.1533794570780801,89.58315484197026,High
35.21425509494996,103.61707264253972,71.64274851284178,33.13391024452211,1815.01936927624,0.3588836075173076,59.60921860330294,Moderate
44.09674662655583,238.21910173824088,32.461860846413614,55.51868417437167,1303.2636758752399,0.2671140388891769,71.52839900877342,High
124.59194318486993,324.290934146704,63.76362764924622,54.72625132637278,2361.7347820345935,0.4806875208553539,100.0,High
104.73136237613697,736.4295094782793,26.995720143990837,13.609106737865767,152.60696490499998,0.8714479017049146,69.24827830809343,Moderate
228.711475267025,794.6714621841415,50.189054143732065,25.165073505305106,1282.517390448469,0.5387104692451952,100.0,High
90.59847477915828,45.479926206536526,53.08132242319673,39.05167700256829,1481.3507326377094,0.8064413975065833,56.859255310505475,Moderate
145.14708756951086,611.1962595613597,23.184915155660306,13.76671866242712,2304.482615881971,0.6032470118714107,85.17194338197416,High
158.0660719798826,303.6620124578512,41.91904795759775,58.24121946251563,170.43838287249758,0.4539595475991204,96.10768367853805,High
3.273614147083409,320.04196712128925,96.45195738131915,55.31121308002132,1455.0739830912792,0.7764164283233655,78.11046306168112,High
165.88434300417765,605.8693289441479,96.29060862637516,14.182259846895805,2141.393324893495,0.45066289364704787,100.0,High
44.50899171743786,735.5568813948728,48.18616434020314,11.663550369354198,642.7229338921296,0.7883339449338069,64.986151764322,Moderate
240.2675793673638,761.2335896570132,23.448008715865925,9.697466554454591,2196.9162538836467,0.29784025413940046,100.0,High
37.16568193827824,465.9268429702734,34.327595146254524,55.01940152201471,96.65635272201496,0.15949111269853988,79.8053918728599,High
103.65603093175594,292.1257158473972,51.37742347468321,15.649309538750343,1844.5138413776378,0.7770172947084976,61.153405900558056,Moderate
21.337417019660965,632.1637778284356,95.82237583753839,27.89567106993951,2336.1273918632,0.5493028892237668,91.29614231404196,High
249.21856296148684,208.29109277721722,31.295925082974794,29.686825110860166,1660.1342710181525,0.8057285385116162,89.80832092699336,High
125.54875258281065,455.618482778479,81.08126749345698,37.94560743174622,1125.6216477520975,0.8471531259435258,94.32621158537624,High
148.84625433001094,293.2769846046498,28.694603149975364,8.945443906108373,159.95849035815917,0.0955841318157318,63.84499259195208,Moderate
16.76911934710687,528.7385482292221,98.50060619130215,17.471723957028377,2304.2788426404404,0.4758239065800381,79.27688547433745,High
187.49011759979444,199.91514118587045,50.5293199287308,56.23197128054093,1202.2257455943582,0.36871986671334983,100.0,High
52.47639827389644,161.35842713051235,82.01876311192449,54.962555899771324,121.04202362307262,0.5819796375095996,71.68718015945925,High
224.51357236017844,735.4088784735953,47.407286624890546,47.97098560731307,1740.0616247554667,0.724552517621975,100.0,High
51.28491012050179,90.42490953013414,70.2135101727047,6.0670685090018495,1230.5012712618325,0.2885016835782136,42.67529843288237,Moderate
47.67193016591664,409.706747110596,35.36128677920294,22.985372267285616,354.6460277339063,0.5232786267171959,52.973322328393955,Moderate
9.13741696202372,184.47369854077704,31.681681543757,39.53773044385993,574.965932810136,0.6524192929191647,39.41396528723361,Low
118.01673627749982,40.75467102727728,95.0451311654505,20.135461647541163,208.00216711682336,0.16426642041037393,68.09376693142087,Moderate
141.2102833156541,38.454866450226845,93.41178223235468,55.027268227957755,1457.0191722860052,0.7419568700585768,91.0946855347121,High
16.427159857088093,148.4251999636036,90.99751521703058,39.8639204007843,1573.9722241674226,0.5651931598750272,63.426674235081194,Moderate
193.88190417375264,694.7485800597402,70.03467601332747,8.954869452404509,1289.0686309708387,0.857106821546604,100.0,High
113.3222086870069,233.15820774185107,84.66145689730226,54.99530738596367,2051.9002258564065,0.33859958126108924,100.0,High
131.09756733189502,760.8627447544836,25.52295495290999,57.67716619969224,2159.4716122046334,0.14192405098661887,100.0,High
110.19068673455703,469.4816114614629,46.78312335125433,9.274183011544903,1558.2797718736601,0.48052602088138646,71.61593421567413,High
100.1907652188315,354.9252099173252,45.096249980572495,34.27981291737232,81.25337528320483,0.12293915595302302,77.34159640290781,High
139.91008282705448,468.2701793888691,70.85162575620906,21.685035521779376,1753.3126565819523,0.8740975448254058,87.2599972773559,High
38.81006148267813,418.19172432875155,48.47662187765124,26.60614920647713,1074.0980814548614,0.0828822145186128,69.34531107935906,Moderate
45.48203262381778,609.4332404682868,31.880542531494463,14.880816987543804,1435.615833904648,0.6904783159412119,60.55820488927036,Moderate
215.44640525337934,233.17189211855327,67.7173660330835,36.79396561068269,1640.2474749462667,0.4963370384209074,100.0,High
236.52886553340818,288.90980936423887,85.15071365352652,57.68886442868898,908.079705101338,0.3633275546235454,100.0,High
93.32732906993823,716.3344990012681,50.56987955679786,32.66899301493849,2296.891337670896,0.10596583983235647,100.0,High
67.68616828588844,757.7006453888204,30.581497207878535,9.560301976696463,378.238423536964,0.5788418855475667,67.21367937126956,Moderate
160.99988580975395,715.1209997143148,35.73505578502584,39.10007334125746,1695.2039278385416,0.547437279982312,100.0,High
102.1835427745241,341.36391522627775,38.99866441355072,23.712264694819137,60.680970893622046,0.2887507821074598,65.18067647620346,Moderate
6.346588915086215,626.4887473754366,43.9918074395629,52.07588542752138,2315.395208242693,0.8236884461987654,82.78302617323861,High
39.03814934154759,386.30522930786805,71.42360564050473,28.90729815740586,325.63512643332416,0.3084935062414113,68.058824627899,Moderate
178.9930572118494,403.05648319542075,68.07563876301752,15.606178491823508,282.46636386155785,0.4322665990032902,87.76010226417122,High
164.73098547753784,171.69728615525432,75.68638892536313,15.510809248012972,865.8687009779984,0.5121980875308574,74.4403745925255,High
6.773998125870873,476.992939574228,49.00015876252105,47.28202993966382,965.2374007957475,0.13519709644984318,77.93586231956462,High
55.49304048323736,157.04735922514487,85.91981215039826,19.607317906904797,575.0351771910526,0.8423374613315875,47.86511232641519,Moderate
57.76869914701785,271.9361122630831,36.32701289246082,47.19783667875726,1483.5480692714555,0.3683557295833849,71.38931547091573,High
167.9731858996821,685.4738592797488,57.52325980145231,16.323802092162964,1135.1395402028108,0.11866233179319208,100.0,High
4.9276344385910384,173.58988927657563,84.07509772331443,22.692750278572017,133.73019315066418,0.37919749762403043,45.31538593967148,Moderate
26.02714549614346,66.21504528701192,34.41269181860954,30.601783484183468,833.1475525254865,0.5601721650286936,33.99648032878534,Low
199.97902134329735,64.51599816412488,28.789049099262634,56.87577173313979,2035.5606382542676,0.4866047710481301,94.89122825409757,High
44.63616551358341,753.2197711974552,90.69471741503918,56.245228361460356,1739.7687604115781,0.6403606779316829,100.0,High
163.18652696296868,410.46714598984937,47.43437302073567,16.377953148225828,1825.9335912707072,0.09716135075772403,92.78580978652607,High
59.54569526168163,333.4355367354445,74.70960999272256,24.702047268369004,1760.3864640046327,0.2918595187312477,75.12385986681397,High
24.86034818983629,650.5940789962556,22.02788834111508,13.216966364957477,811.8839023884316,0.746345990314087,50.3295076673848,Moderate
60.79304774986352,670.3024830493076,75.20375107275598,33.04917936224234,294.1766090881009,0.11790963462265673,96.98422101744544,High
180.5667329639148,272.4309161613276,45.28810492375764,30.332040288206663,717.5446008810852,0.777163061491564,78.97158178375983,High
213.92411702657142,557.9582654042982,24.45926828699534,54.54180893479028,2087.87398545364,0.12811167826554032,100.0,High
207.5549661417479,619.1870245229904,68.78502092384936,56.15029577850899,2452.153454568524,0.7592860826579418,100.0,High
99.2958824046137,527.1740426241041,39.26430528585386,26.096206505401064,1259.9251861168252,0.3566701409169177,82.09692589480773,High
167.02128414266153,129.7601090920785,50.9445793641504,32.04558686604442,73.76586956145344,0.5703777037686335,70.74532500905609,High
51.246073853955245,701.9476359784751,26.446464982921086,54.29299370303732,393.10978972886113,0.17995404830079842,95.34175588765918,High
73.28693256525331,435.88469666144687,31.773060087595624,49.36892942597838,839.0974095248512,0.10624341346640373,86.18103472243615,High
224.08395463027995,233.15321683230292,43.8381788396675,5.20109712395571,1467.534104052727,0.2335474734171148,82.9536458098268,High
3.2504808776840086,345.9302664957782,27.180760044812573,22.60327603009704,233.97943222301922,0.1586757452223912,42.63101296295607,Moderate
21.37713271361702,39.68116141513683,92.86610117490522,28.197583306486923,2361.22538183921,0.315545013027687,59.39841505828971,Moderate
51.97156378650683,111.01477296570987,20.48376345471827,17.634395602577744,944.4549995467818,0.48722575953436714,31.65432791518041,Low
6.633050968454929,614.7819329075301,58.708817509144914,15.976438874276631,2285.8313339158162,0.5504455440302581,67.86465458556961,Moderate
45.35885877244933,10.009191456739252,29.859796650604117,7.078147862762382,1962.2784167547034,0.7213878912727815,20.964645564183442,Low
145.76039024242306,339.0870045010108,44.61432715823588,40.38533487883683,1900.8213176631737,0.6078039092611048,90.6109081637244,High
105.35613764812449,422.78304305761486,94.08476478546123,19.43806597657411,1536.4629704664685,0.56744457636012,86.873817664306,High
223.1679277692437,53.161191800768115,32.93556426191895,7.8790948137222205,1585.6203517770193,0.40001472336290844,68.01653326312757,Moderate
204.3608904346102,778.731748748143,97.26658557746661,17.7038620790435,1613.107926279808,0.4527371697161179,100.0,High
85.45433792446899,188.63901168724084,36.46355015915374,49.10526740598696,1590.367398212676,0.4023427049816539,73.68545220764886,High
64.85585835782312,250.31698851266188,79.32528867734636,51.83190499056006,1406.634166925985,0.7658411255521756,80.02366357123952,High
94.92310204181672,250.1145846814716,63.73418119178494,31.568643485631647,2466.714345283078,0.24550038466613988,83.44439495570889,High
147.57373562870194,192.0291630727064,90.75829820774074,27.88388687247774,1844.1118901929553,0.054862791810669935,97.57301675048228,High
67.01591020571907,11.164319448186019,64.31946044025048,58.781953142598,1953.518651561677,0.6036219126423035,71.81986591716013,High
156.0372269622835,586.1823873295172,62.7647375325047,16.031056277343843,2187.5338969550016,0.22209285609300666,100.0,High
102.3529130478101,773.8079448414354,35.63664002947199,16.844760557003468,578.3174186783305,0.8065978658633379,78.95902943974974,High
138.01179521299505,187.19185179518558,33.2983489641327,21.052694737001985,255.32018978289892,0.7801893802506576,52.5010544272638,Moderate
109.03163228382917,533.8072815247037,93.31913208924114,14.501652505459802,1233.0913696665666,0.11521826613897501,97.52873780707715,High
73.61643988547942,596.0980982973849,46.227055908002725,25.86510790123026,1309.4977042672192,0.14043014460196573,86.66168549934976,High
237.11332674053918,680.2560494815145,49.766580397031674,55.09588248443646,2081.4953608772985,0.47089585340966633,100.0,High
190.90144853994022,343.8770656407512,80.78589267427107,38.844131234571584,1137.2697692417225,0.5678392633539515,100.0,High
35.028293941613136,249.3154154559391,47.105878593824585,27.657060173674502,1448.5899125835663,0.28367208685990464,56.91085428498657,Moderate
217.1169939744782,266.98315587819457,96.16499573112021,56.392593701416814,1341.3237993579728,0.659278059194465,100.0,High
121.8577995623784,572.9708531478251,79.03422151990402,7.665532786170228,143.59682020560808,0.5556786177810408,80.59559884054391,High
223.63805672352285,655.2557785394524,67.7943394058736,16.565189784602374,1557.2764966624393,0.32610049328627144,100.0,High
199.9638139868288,153.4750345277161,90.4716128435802,36.12387328059674,2078.7060501469177,0.07156576483596826,100.0,High
106.30337611730836,303.04339644463454,23.968472667958622,38.85539427562485,435.8763427857194,0.6876277391037401,63.81797702209093,Moderate
5.61732708002935,722.5327554318285,40.565015375136696,7.1756628609437225,1506.1127481201597,0.2325406159513203,64.76629540914763,Moderate
67.16933984623653,647.287880558844,57.2029067376728,27.16713168489227,1504.3458338937153,0.7593026819432341,82.28831611067484,High
135.40855366521674,788.0381381823559,38.158283157721684,40.703468065698,452.2531619380789,0.40724672104611687,100.0,High
158.36955495653683,605.8561251488438,79.51241498417215,43.393880052187086,352.48575564030324,0.5405158262370006,100.0,High
64.47192135830058,320.6242088120586,93.53664248429801,40.09769463839481,2451.1272602923877,0.7920064208476516,85.54529021399989,High
34.83901851820603,476.60388885576384,53.90160959447387,22.63097733985085,1014.611965649942,0.7840795507819603,58.101063468770796,Moderate
208.73255919982478,532.201260855383,47.37060800895159,10.143606797885024,607.1832353726468,0.36579163895703726,95.10943217223175,High
246.10054517588804,71.98009489052792,96.9240585710053,28.491184553063377,469.74513391321864,0.22755555880761663,100.0,High
131.42254557567145,440.1525976920534,55.58819462620327,12.081494055243052,1685.6241982789259,0.7088741660693055,75.51993141408701,High
42.91982146207587,570.3634544933616,59.123872035942654,57.11930121863669,1543.140978451833,0.4181181730618115,98.7184531713016,High
68.07683162984223,142.1838301608377,48.13198978735243,31.134397631244553,1626.7027013191728,0.21323569452515345,62.48015916987335,Moderate
4.597669136866683,626.6990567661901,92.76387784097108,22.449254589627717,265.61476740305807,0.8187615409695778,67.62497555119431,Moderate
228.57470164012474,471.1804966061482,65.51643866254807,47.1467239115395,2239.1597295711704,0.21838856510492427,100.0,High
29.437770722535284,762.2552107010997,80.97396697453158,32.38717259202451,1003.7026721821683,0.07193609296254641,100.0,High
144.1291188785634,43.51361558344444,84.9445374680709,22.051871320684754,817.755045754377,0.06723797770230697,77.01479231728733,High
68.5138051718015,219.6076486688189,47.34792335338065,49.65822583149409,1182.785545756961,0.5789680529861246,70.22422262944536,High
138.54450062894836,485.227564646861,54.6955465056304,52.69336830506171,1005.6618610816893,0.6124238016099008,100.0,High
162.85509708796604,244.28233064268525,87.87774195250117,42.015449145877234,2165.763657690907,0.3143854492984363,100.0,High
207.4354509268004,574.3950896162813,49.06042813406482,7.583043232421701,2326.6893892348357,0.3220093408600039,100.0,High
51.605317940150805,609.6141731923254,83.5148106761481,36.147758409159266,793.4603803015352,0.3385698278009513,94.3535515082612,High
2.748957164620119,90.98761161251481,95.27938580595497,46.98122015985049,2166.642728276889,0.6281347647450469,64.71242399463021,Moderate
34.22140751720182,415.94502672334653,69.85682984544056,12.50766566459702,1964.7316673560144,0.0994137223728043,69.60665422687502,Moderate
225.00466046202627,412.02353891693417,79.33018299615111,17.576891326153184,2330.4787972446666,0.8397488997876268,100.0,High
218.4725193906288,301.73180847027743,84.4077849632908,53.53723077874751,652.0882648554252,0.23914288755082946,100.0,High
149.35327554257708,747.010641430041,87.60317191173141,6.106694701919072,1463.5499177963989,0.8997222244557784,99.05141178371423,High
150.12921510841335,663.7299926998447,51.604267028543674,46.39999258042868,722.6342326140893,0.19579428971910895,100.0,High
166.25916863656386,560.7954117086131,24.101076734079854,31.05753108829326,2069.031501686717,0.7058144887155209,95.2829567417296,High
43.8428196558624,574.3180422306481,52.15010169893916,29.572468736178376,63.044266899107434,0.23990066319018127,74.96864744339858,High
228.60298648123995,374.75575361236406,73.90049838272718,5.390309287218795,1433.8069490716705,0.11871978139676588,100.0,High
104.69263122301828,737.585671666295,56.028030862463424,50.066902703157105,881.048406616199,0.7936933256980515,100.0,High
95.78463206237437,558.7303875300954,79.91705206883188,24.790369535011155,840.5750823406596,0.7799385703122581,84.84927927001756,High
129.7294263207094,585.895038708095,48.55859435749311,34.74210972152986,1630.0204934690466,0.3930348335821611,100.0,High
11.741491693763761,690.7358139920027,70.77953128832236,42.25153774846127,2136.136900819285,0.6470367211593628,91.7586594583726,High
41.57084218901985,226.5165555803309,34.913584388317965,43.64462670408537,1542.5287089136493,0.5235060427813296,59.86919606505941,Moderate
184.50840410659262,647.5860140546954,79.94955493159655,57.57890323543398,2140.27379768447,0.7750126966226865,100.0,High
20.699666981281617,164.24007633562871,63.655677505042064,34.2236974280135,698.2629241085234,0.3177975739208562,53.52139618570828,Moderate
150.78802736659705,282.8201422734614,36.325151083728045,26.984575303593516,1322.7795441742037,0.4951215399991374,76.28180383039978,High
61.33727742033024,275.1322588731757,43.35289387982458,57.45369945704394,1153.8145207143364,0.46256651552386785,77.7957847000312,High
97.32390351049413,783.035120027421,79.88869668654658,40.31606292640366,78.53000378258574,0.3508199523183299,100.0,High
72.17343419267496,686.6644067608622,58.60809885292166,21.398269595210557,1414.1897506948133,0.8077368048729164,81.10101108656515,High
88.91817911623728,563.9241906563052,37.28251523144578,11.955533497196413,1670.7345941581284,0.19099623596315518,77.26904291101577,High
179.76147629606137,584.3748416761582,97.38169522962382,51.34049758058497,1500.1902908267216,0.17708234359259173,100.0,High
74.28042890579376,454.0375075780311,77.21000158535104,24.919988153678336,1853.8857520193826,0.5403731050243387,82.48765045911155,High
141.6011600742243,758.2016270157301,96.57078660318369,41.325834675043716,1449.781844710039,0.6088700954872007,100.0,High
119.01260054977492,402.04441477706564,54.168403628827456,30.894903065124396,213.53812438435446,0.2154263661758804,83.82766111930944,High
165.91779134066203,310.6089907972167,58.00802725533764,15.94113788872711,335.291534007543,0.3821098259164305,77.70108215059453,High
234.2074348311895,138.79791617595689,91.83641729480154,38.092763474125576,1511.3627149826834,0.8545792665319322,100.0,High
183.14302430256257,631.1024652862358,62.003947219630774,8.337568792287527,723.6990203354185,0.2596248092870729,100.0,High
53.73509464768919,590.2107063397173,76.58231295245338,27.733835292915572,245.1305661351763,0.618106596799785,78.33578411728554,High
7.795783765321168,313.64048043406655,40.173830199642396,35.063821681501906,1102.5267214489395,0.6791269846429522,48.66548229095516,Moderate
65.56601107495626,29.902797027791195,55.738117496211245,28.982583576521847,1408.0903653049556,0.43090939454538557,51.06288755646827,Moderate
148.7694826750637,672.8078888972285,29.87598926482841,46.17696963880449,855.427671456536,0.8468970887456455,100.0,High
12.856453371062587,19.020206928718167,36.478402870156934,50.53587249999219,1815.062570453156,0.676158224935972,44.665934946817146,Moderate
124.09156180030908,565.9228259069503,20.075473221410487,47.41836907182479,1627.2379898480494,0.4392358928817632,98.3300388909628,High
149.2107122292223,776.5031166835851,23.14120413189282,7.134712129649117,865.4049846745963,0.5339349215096799,85.71266415148253,High
83.5609727042402,355.7524492370807,98.18270585415435,15.67708237452847,1899.4376958259734,0.6387214269113356,77.37367904357332,High
192.72805093645547,195.62898994680268,39.388295610940986,34.51341300950759,1639.302854205937,0.5533616533648356,86.62412225275324,High
26.64956328344295,566.8480979342716,73.06485676032015,56.41521222440907,1611.74117785886,0.7968929462521646,92.17776762913103,High
18.78444543395219,655.5312321923122,87.12797590396892,50.922622627866424,1405.8978669283167,0.35335536293834097,100.0,High
182.04718905090084,441.67994970149937,64.05283673892514,51.33939795934909,77.90468681695435,0.3049028790474342,100.0,High
123.87282905154962,773.9578674523555,32.251560006716495,21.67645065678212,1756.4425995183783,0.23176305607097464,100.0,High
172.100599106934,50.818290109789274,78.24931498689331,28.61963433932864,971.3023882174334,0.08211552285490586,86.36721855644329,High
108.70683465093656,408.7885226605772,68.02011280796664,30.888827102376556,2359.393789888706,0.08656186972304704,99.1654417362041,High
61.6005083097767,577.5786183848146,78.50004714779001,13.655437084245072,2054.062689139153,0.7895469141428905,76.69134617145978,High
204.77557941854994,691.4859722078514,81.57972982856697,6.708747163445097,1489.851450351715,0.6266341744450212,100.0,High
199.8539697422448,151.61193340715414,98.03282941477961,57.07965947032843,667.8458554572101,0.6114525531210132,100.0,High
173.67411771360668,642.0027505933083,65.8850624021368,18.23919221149287,549.1076135302831,0.5724463960946532,100.0,High
68.03628430749067,446.63858981765077,47.331289015248146,18.197189704799722,883.9428523099954,0.7718362729899891,58.32051929713144,Moderate
147.5576667172718,323.27740877207094,71.87716455201897,9.585847957281775,1217.5914617710455,0.45822688681578333,77.49315508813402,High
90.2434742350067,114.05487257748392,25.475256739410092,56.06792635690782,775.3604995954204,0.7898492042745553,60.44310266119872,Moderate
22.895518331658536,693.5836495380408,91.7917854657269,36.885541321687455,1311.5772637115829,0.3555282722549033,98.3235479220319,High
229.32839386556068,134.2458344619751,29.550480907055743,41.68702714189446,455.1575425073055,0.837701378688227,81.66587152863842,High
34.20465772974035,254.7324087751884,46.22742703086546,55.13672879946789,2445.396391422475,0.6438584330690541,73.15360121783733,High
237.55933845520062,239.13597025032513,85.25963045008967,24.009109289543424,314.415159664235,0.2686005656207632,100.0,High
111.50144323948894,698.4170870107749,67.78499026645694,39.182902112594626,2333.2631421532114,0.5294721834353313,100.0,High
46.28323220965491,541.4353654250294,51.49084162219537,7.13397001008881,2288.2661279366025,0.5030759772650172,65.13872905375487,Moderate
135.47523684458955,639.3783037811842,57.874852750001715,15.272489052712114,1337.13318045777,0.1672139984707839,99.13263797175887,High
218.23645896910207,207.86964004607418,88.36379145617443,50.71851927994684,1826.0301659984068,0.552556469888022,100.0,High
183.0562216023903,503.6505386895291,47.20035088479137,47.17225959860846,1118.31833003284,0.3175677801594142,100.0,High
201.64028696536244,461.67932668356144,89.5719747849737,24.28534803014308,1593.5847149789736,0.09449645178816207,100.0,High
164.69584167767934,667.9359976627342,27.050754478135318,25.724584527581687,884.4110466817408,0.8563577340505801,90.15306733572045,High
173.0691411294631,725.8087777801958,82.14387497669046,34.34549384544687,787.8395984743411,0.5952668137046446,100.0,High
212.29891289132982,19.60384946713558,87.80381064437891,5.0132552576824,1466.6629761153085,0.79538109209022,70.4982061378805,High
62.41700221479648,542.4757360564462,34.5454122269871,18.268438482091533,1270.4177017507518,0.6246476042612652,63.6268249641486,Moderate
122.35624091078512,50.95028130458593,54.42772258977604,16.452749473451796,1469.8641044174537,0.353436138319096,57.98546384566791,Moderate
55.30236045490056,443.59834541111115,33.23998197309245,18.776562071236988,752.3184241532064,0.4857848614794897,55.976644577111784,Moderate
246.91700199916176,237.22985594450577,76.52833031953742,49.32482133933927,949.0466879516384,0.6243847462951005,100.0,High
236.01483492165332,252.35351362249156,62.82782144493254,20.382062110054374,255.55000354082782,0.866214476421222,84.84705074725048,High
9.856702842126474,288.8372177273617,70.82586773666569,15.533672712758149,178.07711206690402,0.265619040253442,46.952598108974584,Moderate
176.3937931289221,500.821034749192,35.718957356496894,32.734490343616734,670.9699676988898,0.7937304998305,89.91670334515977,High
231.31207935391646,273.8994728783277,36.93966896419356,52.61047700050025,231.9048053598371,0.8354661345001291,98.72247017594138,High
45.14383628183338,588.8322499663216,23.319786040792508,18.274233711062493,304.24803615511473,0.6198531874601131,54.499649510904554,Moderate
141.98630763815737,329.57663460335704,45.765402815658376,9.319493353603928,2041.674593215146,0.8415766332911372,65.85887084797137,Moderate
228.87207439701046,63.999028244867304,64.779572906694,24.602260471731558,145.2405576908888,0.3881967993557632,83.35579964071876,High
8.48649464644971,629.1702755624448,88.63479311978631,46.12085035107378,1664.4098451401198,0.8600637496343764,89.0271377523813,High
174.35506681170997,235.74907642823774,73.35419579669446,35.287979958213704,717.7664845977313,0.6473654455910787,89.38275939846696,High
74.3372518431377,351.8858348834175,54.83170587198011,49.92363532658911,2185.28691773491,0.08570490230599012,95.75096656953903,High
231.0990488441326,551.5006677453022,96.24960915153102,57.777568118507865,1238.231097214874,0.8208419070461949,100.0,High
242.76456129134195,272.6403641474825,77.53961604606656,48.59643622133894,798.6623253531731,0.4618018876782137,100.0,High
236.06662227835847,54.702668355905345,94.41321622900401,38.20916933640644,1318.2153924391146,0.4412779370611579,100.0,High
118.55355416436595,305.3976271401227,62.20703786177325,32.13378734288092,985.7971466609087,0.5314966150826891,79.31675933778858,High
215.51066274732835,756.1143803284997,40.71234198345117,7.203799749154667,1432.537608441084,0.17697686475554375,100.0,High
211.1373496337676,516.9701738658609,24.22613490917776,59.13770883477227,330.6055273995532,0.4487911412822888,100.0,High
79.77511831081391,540.4685274470935,78.08678811870804,26.091461741627338,2492.6267318907503,0.7564581342100839,89.21101148654708,High
207.22886853766934,509.5029013737355,29.70423984044273,13.372551765427675,1092.611900356958,0.06316009026688804,98.09013363735299,High
9.251908678873155,167.20378977795508,44.222010261757376,41.66898704680512,903.1650672830532,0.2819795862757156,51.85928473843233,Moderate
149.06746962051326,340.4837526408013,62.59767263071179,20.635855900250263,1790.014128374849,0.05208639847726759,93.42899206862063,High
57.50220932192576,603.2424407070214,65.15332702237981,37.21780490120762,941.5535459135646,0.40335461277737106,90.029988485319,High
30.141721444319703,90.08458906699573,68.04665575897089,37.272234931452516,2091.5220473204563,0.6690681839196745,55.09158642095362,Moderate
19.23830040730229,229.5036931108727,33.30042642797605,29.515140149657803,1162.9632746830418,0.7289560547474343,39.871224089890646,Low
174.07219396953494,228.29209568802435,50.3789923857319,50.98652385497734,1812.9181125003156,0.8534112969579556,93.95153385329237,High
84.96874094201654,351.2949527996597,69.37553816935733,19.573188385549365,313.260380282622,0.5672289210251685,64.66223539959759,Moderate
181.19169288219035,784.4913053443262,97.58550917070278,29.674792538975378,2122.9920046100237,0.26643283665496115,100.0,High
16.339085199735592,63.32701188021933,78.2104910159751,34.573067072503434,1852.5090676063692,0.8355257567661941,47.552942074915094,Moderate
78.82258445765258,419.7737855606701,93.80830056751662,41.499359642201476,568.706107231816,0.7090183907983197,87.72566915379905,High
134.8728230938343,151.69809878964625,80.97696466513416,48.11845177780742,405.95072387717727,0.5382642105526728,86.68498789257518,High
197.68079120974087,776.8344708736979,67.33735751139204,26.714400558304085,824.9162543777798,0.6412941833610956,100.0,High
79.68812573301747,99.50976873469672,35.36186953090756,40.53258192531278,2441.372935778166,0.8356689017563148,57.62153734334838,Moderate
156.47284410925226,328.8447918656571,73.33485215140104,13.283602418768552,679.2373576892936,0.6555349242019834,76.38606858640556,High
221.4944370590468,592.9291380193389,69.87036527679257,56.29564552983632,1167.5116619192515,0.3631183314470239,100.0,High
153.96579704557615,566.5979981416817,68.19753363658131,26.068234353155194,123.54955300747396,0.6560739719457322,94.08038392906712,High
58.23986868840844,343.9556231462065,59.18286943905926,45.12367820870411,1023.2074474372697,0.08423643832507968,84.13514151493261,High
6.100195389134505,283.7540926826474,62.29252831914205,6.118759503519771,1449.7340378111016,0.37845322755599403,41.468752812646514,Moderate
217.52471847523248,324.1137790567677,46.755402169448324,16.285292859764382,2385.1553006445147,0.39537457706874235,96.72335993362378,High
5.317352712596785,218.77824789532502,61.545015411384256,31.78953993779679,1316.003310103158,0.1918124992577095,56.550609617351014,Moderate
218.67541817104984,172.21302157837184,35.80447245427826,53.30388572527906,2056.8129491353347,0.06962265846900464,100.0,High
132.234283506803,391.60136107152306,84.41395178883015,33.999033247287244,1390.4627242938063,0.1633740511420814,100.0,High
234.76692462822405,222.1416672934098,34.862156375896625,56.14287652616335,149.92328291701935,0.6064282714274969,100.0,High
199.69580894341635,237.0947152688276,26.79730319115731,31.6088293120538,821.7702742149464,0.7319454939091344,77.67752337457372,High
249.48352763333438,528.8372901449001,54.89968210857259,31.974700320477247,1460.096294186203,0.8899729688179281,100.0,High
87.67795386292754,775.1444920429149,72.66459516048495,11.586073367529254,2378.955216531255,0.3444089776422201,100.0,High
191.79707223278172,486.87338844190634,55.01734599468331,49.14609342837209,2154.8693813905215,0.5594723389219365,100.0,High
100.48272840231054,70.81377898132337,42.140330556104686,18.583097685688436,609.4712547381768,0.8465732217928537,38.88517793133613,Low
119.9689050759772,69.71105494471291,64.65369471123526,54.47868691547733,589.2690835469506,0.1919855141374297,84.87368348508961,High
156.87636580459252,761.6243444679972,47.760186832976,55.09533211817179,542.8737694290569,0.6599987483913313,100.0,High
218.41927854658468,244.85972434279356,94.62941521013065,56.88205615307823,2310.1222959411325,0.6917319231767888,100.0,High
246.02086729982378,82.7329190051556,93.81161116828576,33.61267690066995,2139.0320750992155,0.12562920548893763,100.0,High
192.06835346612954,483.24522384880146,60.18974559776764,42.24015816310044,1948.4644090197244,0.7820619774056053,100.0,High
104.44169554183344,502.68253484931023,46.230719521460685,47.81837340339149,1012.2010298493576,0.7411392900442173,89.8097816072555,High
105.33925056926755,522.3188078937636,78.97059311653112,12.205804025775608,1285.7327255319788,0.07839255559081929,91.15631177760329,High
184.39557539722287,221.24760200745763,22.93703547864533,38.052645724862344,1187.6127747481244,0.12742175264804376,89.10168539866645,High
59.69428644207559,21.93744052943528,57.9815204834921,6.886384571682142,670.8253635204629,0.09175785980807447,38.02208090672074,Low
27.618528282848665,772.3621418690328,46.90587154162668,32.36613458637993,1287.318713064479,0.3345320020294579,87.94257120679578,High
88.65553941019414,208.20550609597097,93.64287080820438,13.516347489112507,124.71654223924844,0.4828956420779372,60.806497300178776,Moderate
71.80974791352044,544.0607675615125,20.960242181814603,15.060760927914659,372.93541506877494,0.5024955687614345,57.339114689992215,Moderate
74.07703011399752,568.2375972041806,64.22519005746793,25.077616168093083,2222.1445106139186,0.27751674580402624,92.07463111242829,High
58.40193776247749,491.9058594927937,79.25308648533007,28.784044169407665,1891.6154292269869,0.824857353576233,79.45897731478941,High
10.523297409090471,257.1968414287821,58.8014390019233,39.2744833492703,1086.0276021947634,0.36302337139112617,59.81149911926306,Moderate
4.468483683353453,224.16604047361196,26.83224241301773,9.093563014118361,1317.0183875954992,0.08871763257054963,33.38169207354433,Low
246.9305974340079,482.1579433351355,97.79691120223218,32.70304686805946,956.4972706019447,0.3051930448101784,100.0,High
106.94328343396559,694.2155505532363,61.44083451008783,15.044382163920561,1864.9106745436475,0.5014430091625321,93.69013335603398,High
96.08166178992042,757.9196458494825,69.13489954552091,36.568634626745805,1971.258589118595,0.3969885491999972,100.0,High
169.91182067326747,93.66558547896852,38.928782616600586,40.05725367436509,1920.0487159977397,0.28276614123437027,85.22683838794448,High
54.56347196626604,132.3146039521987,58.679846808544305,35.619009110406964,1820.3987258444015,0.16162476229966982,66.89189794186622,Moderate
237.49029598755632,756.3416444386329,54.33195935666575,45.60625307630692,551.0356297973498,0.7462898250817953,100.0,High
196.58625360388803,591.8628303844861,25.9916673601587,23.458508433249573,878.026449139173,0.8967234558055631,90.0553863467801,High
22.352750578064878,707.5651216155208,28.49282828379738,47.0808625398222,1201.1213157100035,0.33011081349529975,86.58553349576378,High
104.39519394623208,170.0797809669211,86.99780156950196,28.802189493950653,860.4428289977562,0.3743778875501133,75.55590533719159,High
219.77957689054116,474.1928381764275,39.18559617652722,31.630147407742825,1899.603490387906,0.5753318959754136,100.0,High
236.18300557285258,563.9002795898042,35.59666171989044,40.64561699935893,856.9161344123889,0.6606752535252102,100.0,High
116.85037781246743,547.2883895031084,60.39291610001114,6.009711119957318,388.66861262407605,0.38322510458305253,75.61386472753037,High
153.35284730267693,332.4398357846915,81.49977050900104,40.96968217811366,1027.6491075183449,0.819190089434543,95.15706504991456,High
41.7584865230188,22.161964436133697,24.955721486319035,39.022183198966346,2450.790360316832,0.5260033908445806,46.153611192837694,Moderate
247.79215653424413,470.5115848753679,66.14463357106047,22.041591421430397,603.4094616872609,0.4328315649450413,100.0,High
57.91792534586085,209.95021595189093,29.53683542724587,9.71868566947192,1549.7887144109113,0.5996718401859193,37.47200329524136,Low
235.6829435337814,365.7008544528834,22.916884066049477,10.001449745217263,1110.7839721072805,0.8598832710117973,77.24432738113504,High
162.4116622480921,766.4890019162157,24.219516172977393,55.77730608418757,224.01019074085025,0.7253694502584497,100.0,High
151.93419871971477,325.2379009375234,86.7331286566753,42.91036266742104,1245.2976846952458,0.0840111609548557,100.0,High
128.17212775412716,673.4432692648971,29.437798690244925,11.990643757390721,1770.3026051883655,0.3324634241289657,88.09689370279969,High
57.66745292943967,158.94707854190838,23.612109152983358,24.61977431198985,1307.388940778156,0.44996298220853925,43.74776142981671,Moderate
44.132008001377066,541.2437934397727,55.03199097143298,37.586564664587804,2186.6598561791234,0.31733993637773944,88.3457141161976,High
55.12155226754384,781.8354940067653,87.51947775536198,50.956443779985676,757.8956908110774,0.6451594267058881,100.0,High
46.60956553606363,90.49554968962006,40.99267011914415,7.401351079215469,261.3104696947141,0.7523287773831939,20.557150992120583,Low
194.89611839168833,16.57275435948169,53.73700940207331,18.014822230850488,2344.585748562115,0.6716433309074809,71.33559736489107,High
87.53131479168252,352.53040617976535,23.193802605100096,53.9361944662459,976.5810563441365,0.890933293804034,71.27148680279402,High
14.460669140849092,83.17413161058009,55.92628113079007,5.504105260109907,1462.1936010614018,0.28166550070907476,30.76833685847373,Low
242.27565753520284,601.2236362442228,66.2090464509707,16.076950653663808,1990.4076590189802,0.7937410707707583,100.0,High
220.94647124085643,732.4934444403616,65.67256430017159,57.74632967851313,844.5684764951724,0.7016292653983133,100.0,High
231.93807079880324,352.8765684399195,46.594135373949214,38.73710155871941,1804.6031185351474,0.35785194392442415,100.0,High
248.72695566160883,214.38219730279835,45.24265445305084,19.391925165062855,381.77618205367867,0.6740058621084234,83.53718516924472,High
43.47381230487182,353.1786220152217,28.52988951492783,8.684510191771619,763.669680653488,0.1384645629555099,46.28484077718327,Moderate
99.06050472566469,581.5237761015007,49.34386565170147,6.550523724597219,404.5410585344738,0.7209334599894696,64.79164073509682,Moderate
189.55961892602284,17.152787648493074,27.95957350983717,18.460979380031,2037.5148680833267,0.5024810121990373,64.26270819343986,Moderate
174.00515451344805,475.66865169291077,81.32767557696413,53.48172007739008,595.4906263056241,0.2984466468028652,100.0,High
38.473976584963765,494.5004310610295,97.30194381985487,27.87525098636302,1807.6387107427652,0.6074107065165532,83.54859783586207,High
203.95828124765444,513.773715047789,97.60595653333655,44.618335304129616,2361.081073251849,0.5953769989072477,100.0,High
56.11014295916517,201.197443184893,89.2056879500315,55.505676945897676,1343.0419122187486,0.22806328931165976,89.86654479543672,High
55.95440370565577,574.1016514687201,68.06337194716953,27.442225388154913,1373.0715210386848,0.07583780258979722,90.5128031483961,High
134.2436057233534,82.19927420210337,76.0692557795104,15.520255407056839,1179.5322418396395,0.41857919886642275,65.7377280893066,Moderate
148.23498371042578,167.42356580877265,42.816464214433125,33.44148619713057,848.4308513144248,0.5340850889427581,71.86763831288732,High
145.0215519594528,703.2013368570407,70.46163361380965,54.944602788291995,1215.354825766047,0.7951144866150087,100.0,High
22.871709349438717,593.5912890739875,56.451963955190195,49.24059277757353,1526.8784540535605,0.8389842763004552,82.12190319015522,High
219.3652156575951,20.858987668962747,58.561387182154604,8.620641384973458,2465.6793518181153,0.49948443543325144,76.02139668097988,High
66.40001064717652,206.21724569214217,80.62212483001264,43.091504004267,2347.5231703296495,0.6907329612032632,78.48157468567422,High
32.378730320701045,179.3811215646,42.55346844778013,36.45436373524245,2162.274747818148,0.4234077814787974,57.53759859914425,Moderate
222.1870199672443,223.93699914920833,45.44316893556159,54.9104746990534,2228.369812476903,0.6841698330869591,100.0,High
238.91287455743833,205.57221852111027,93.97134329029093,11.736477926766348,1196.2304990655052,0.22408129619829187,100.0,High
215.53190431636264,59.39577363684813,24.49794358807778,34.37198622625611,1660.7386015847887,0.36540502458300167,82.39834205673039,High
202.37901868121952,372.56300811148805,58.85074387306723,53.37044814315408,2242.9134711937245,0.5890937989915727,100.0,High
163.81049515975542,588.8594450810705,93.02406403262894,27.551308270795865,1012.729374228815,0.065434270766017,100.0,High
137.7143426522848,489.3180625267748,68.82904062545256,31.509720475307688,2406.3180719463985,0.664092113788111,100.0,High
21.746689977852533,541.5686181924831,63.71256593697056,8.875337271682707,1068.6758520694984,0.7602051760779418,53.820813985306025,Moderate
102.11330326767468,74.10785104362893,39.979534338348415,20.297900224690096,1522.6525302133782,0.38927041192985873,52.70528846538869,Moderate
93.1721292530785,761.6776610396619,47.46203912515586,22.847865704292104,1789.0215475173113,0.43075105460058966,96.47984129816955,High
64.93844594008155,672.4085487359896,88.16387326437544,56.981734680968785,2378.950432036049,0.7735898803840514,100.0,High
180.85502842214623,646.0213516115736,64.73745054147665,20.546704829763748,649.3098714280518,0.7093064400271284,100.0,High
123.9689337696927,660.1572059829963,61.17937550054239,30.34778043983086,1878.0208966846735,0.29492706567836874,100.0,High
20.261553976911983,746.8413014248815,27.966377083202314,41.92174329603539,1325.9981860530013,0.3253796905773081,85.68022272767068,High
55.04580048745284,439.96063322982116,21.282252516409848,13.920085482433256,707.9649945205706,0.6270464975320071,46.193433436560184,Moderate
170.814690914899,168.22279411542445,97.09481509496393,31.754331292803098,1952.6867575011568,0.5287183785809371,97.68786249006337,High
19.032714872575045,497.2590502035075,50.15889338294733,45.61964717117492,1402.9445864259242,0.1878951354320224,82.35578945467807,High
212.80172851219217,596.8763799976718,68.25704496796035,52.67703671648863,1669.3858605917058,0.31344042284479146,100.0,High
123.78663175349358,592.95474074968,26.377205854982797,39.44426010643347,841.1076180158575,0.814985785346856,85.89806821026187,High
120.146644331662,421.94472909183526,74.64914285784373,41.797943342432134,1229.1211819776322,0.6349482712139239,96.0288885564473,High
148.1019461648794,64.08238827352666,94.60533669647687,11.945590992151292,1562.5179149207643,0.8880781700326915,64.40078912054184,Moderate
206.1702414812873,303.179221359801,66.05322023979357,57.017707348549095,1042.031494961118,0.701960650483654,100.0,High
86.95230197554827,737.4056206860523,30.089225790032845,12.291574261646529,536.0127226268683,0.8506782673220518,67.75798948420126,Moderate
169.5040381397659,471.7146387083666,66.53772219787814,47.607011544998905,2406.0192061724947,0.2337602877899041,100.0,High
141.43299099894776,435.2822351720136,81.30777704837219,19.564897697807535,1303.0954731044126,0.7057621435943869,88.15346752899897,High
66.75706754235533,222.39427636193287,52.51332292592149,56.34762290356883,1848.1049072048663,0.06718489212562781,88.44135968389337,High
219.65749658878948,301.0746467340973,90.38701983531743,44.597774665321374,1057.0656242123423,0.6201460184548039,100.0,High
199.35650540173202,717.3234104310037,71.89463626858915,46.45975421381029,920.0728218630051,0.44888993640220515,100.0,High
164.61295866460637,536.5058075462002,91.93991346313621,17.048254518293582,1047.552531244456,0.3447460611320583,100.0,High
212.6454322735605,632.035751134343,69.88042489978697,29.367198714933846,1052.531777274842,0.7830436994491258,100.0,High
216.82355023995058,368.93288422344756,30.503037760385936,38.979725702410754,1383.2412840577863,0.7761275387589011,97.27079786350747,High
177.09074417875868,507.89530337036473,44.775336888415126,47.348549001363054,1381.5011814543398,0.06895644916384705,100.0,High
209.253332090918,206.22305090713394,36.143595860196555,10.717765675181425,1268.0268489130356,0.5680793540820164,72.33344843244578,High
174.3678654173209,567.3140559239541,92.70611981734899,57.93009240499906,380.22517304772333,0.36265739067281294,100.0,High
170.0351929400751,347.80505362563645,80.83200538299862,53.96213688050058,1265.3849223263012,0.40331185127538177,100.0,High
154.6528445537961,359.610956703649,74.11186951280048,19.869172477257138,464.30455603059613,0.7572346283359596,79.44010563821708,High
188.1791598894103,522.9646364157365,44.07730557052973,50.25181336677826,359.03267642462464,0.3133638057985265,100.0,High
39.651276323268426,749.661690960452,34.723581764017084,33.507815767190294,2334.982007485861,0.8515914890419771,82.24640026129869,High
220.2176897997321,60.56501382081053,80.51608703911295,30.399356485911024,1532.1275322118754,0.20268875241631962,100.0,High
217.960881936308,661.5471575041361,57.93263567032638,22.293875819627296,1665.7506424052315,0.6133140598629512,100.0,High
7.3118207586397865,240.98265722563255,38.06316417205033,36.953272264737585,1034.3944923167412,0.6212893069617,45.494901160406336,Moderate
206.45418764119066,360.6963690600385,69.32975825322201,45.14390147369788,2277.0031851914173,0.26436588721373044,100.0,High
32.2174668683613,27.311529732257075,23.226708171076158,27.601309772951705,1612.9296994701804,0.32603801762212165,35.83136247886908,Low
83.77971356478547,247.8264014891073,46.09362033026028,39.60705561545606,1934.4661803327892,0.7595787186929494,68.87370728791463,Moderate
185.87706407290193,407.0786816778031,57.48455956729077,43.462210663541704,952.9780491178989,0.6975344667117096,100.0,High
40.18997401207705,54.37910110447682,31.83666672875247,44.111699935840726,2402.0291080068573,0.3297314982675456,56.40312389706624,Moderate
204.49175602976555,397.96562621270044,98.77235820726716,7.858135397214914,2060.130160887872,0.5038630648946938,100.0,High
208.03354448943549,742.4173967981576,36.72778916716914,52.28612931267868,2142.173734385632,0.10242825181513114,100.0,High
126.86693344020905,93.26064230516613,30.42825040346124,30.203932312077637,471.875955193098,0.22743400003883485,60.53296279431125,Moderate
1.596467929208395,613.9081751796484,36.28278991095171,19.432884493291795,713.8598592844878,0.4629474750313392,55.93817009498827,Moderate
71.7595332937282,333.64013216703415,81.52489065277794,18.297047911382485,749.7851692247638,0.12307767498732985,73.68958128922613,High
154.23172959393554,527.5872344742271,54.04045274174742,31.565776206417276,713.7275969548343,0.7668325016581469,92.08175789074242,High
245.29654450685587,215.5869124083312,65.23327518020304,53.77573467079276,2145.7499971555053,0.6603052785915007,100.0,High
157.95338175416708,135.99888740767307,21.680732558908858,25.80911699254558,128.11774826105068,0.8520886200512205,51.49281662358771,Moderate
64.95089526603995,136.76546527426888,22.754504685865165,46.23491607309488,236.44497300289703,0.6394468700694231,49.04635293202101,Moderate
158.50142577490283,65.68863705808428,55.66604398616129,10.325030204297024,721.0914330432641,0.8493411664228577,50.54003089221001,Moderate
134.99634492896388,156.66089687198198,85.33241945612988,31.1831186183084,539.6887878911369,0.5213356723373203,78.28200447281432,High
194.9613487877859,534.733314141285,90.81911029660522,59.54273772160046,618.0560540129785,0.560185819402674,100.0,High
26.745159706739603,706.5355833563714,26.936525407651217,47.374079153578535,2004.960813670585,0.8804253964323218,81.32732614155753,High
190.256975625507,653.1592916170179,63.06904816808182,16.579066864233717,1429.660155035515,0.5958097748346214,100.0,High
135.31664466902757,551.2561048008424,93.05837490234164,32.57928105338509,64.13812016777159,0.07616858353163461,100.0,High
240.74800096474866,97.24117209477112,51.03782035183091,17.84936200067116,1101.8407759752783,0.6652323601359448,79.2474833413459,High
85.46804150967152,238.45808257380037,86.36526651426949,27.52585099943801,1049.3180707833794,0.8196483883168033,67.40475655468576,Moderate
158.15547328348703,254.7474315047505,30.695652351954898,47.90462130542306,329.16591013913165,0.7262432123251776,78.9992012956061,High
233.00702637750436,207.46598765412077,94.8315591734239,47.4173648409722,1706.54738207357,0.5462582817316092,100.0,High
25.627431997669813,416.8544711706813,80.11386540250422,17.545520784631183,1770.1381115297531,0.6206079861294889,63.767798247807725,Moderate
234.30712180911277,433.0875137549413,95.30675142295213,55.72228249851731,1816.1883866776393,0.891663020863921,100.0,High
171.97143057520333,291.93992038517706,74.12937868420052,37.591250052065476,1834.7538166185504,0.12706277523293757,100.0,High
16.959264776292976,289.49343540178444,49.07231455995416,25.895836002910798,50.12942598412716,0.6171581043382536,41.79643339660186,Moderate
75.24089173670406,664.5589223458043,95.0544938019778,32.60645694294733,2387.1059694244695,0.29088804038500476,100.0,High
177.0430221613204,633.5413501725516,42.045342104734274,38.2789189390759,2044.8114792839244,0.5940768370982445,100.0,High
16.837650367192925,253.15870702778906,46.5738017649386,35.793979251518195,2264.755156643749,0.566480039501348,57.25916761761267,Moderate
145.54261504406833,731.8928706598748,76.06467344013922,31.7522769544898,88.32607350321362,0.18043830729193777,100.0,High
86.47076423823918,762.7238634319798,81.22530396203089,32.771304224917,2337.9540496750615,0.2257346488792033,100.0,High
155.22887944186928,268.12660820373225,94.3522787079323,14.70265507353374,2033.9818952858566,0.5783851413367315,87.85933631197992,High
11.435508453128213,289.99570954651335,36.38419272449676,49.70030973675737,2101.1869002488115,0.15899545520820801,70.78002988621664,High
217.88420153809406,409.45098120334745,83.83984281753791,34.796817596755844,278.55409256882285,0.27540374386077443,100.0,High
243.37224229434923,753.485441901602,79.08368427175708,12.20939239375867,1860.0061708505643,0.7599587155773021,100.0,High
242.21946382142286,702.2923521824262,25.10356450028783,47.138640587052784,2401.795889623123,0.3280277801013928,100.0,High
187.41295793573119,91.02869044103595,50.97785129681655,56.284418810754296,1712.4409864744937,0.4648511328292135,98.7656843298049,High
32.521560032657995,320.25728718441883,42.62123656480789,57.10187945803292,1447.8754413302859,0.8499692848739643,68.21270313433371,Moderate
189.56579898225564,447.16323990231973,44.359233948322434,25.295975282614503,2366.792710485043,0.24307672551140436,100.0,High
6.146729114700378,407.47465331571664,98.63575036437607,12.453428045841472,1135.1959482493683,0.3811821147543088,62.300914618956135,Moderate
5.5308878822493135,163.1518236701452,71.42219307839423,33.51197946481858,1518.269237460673,0.5654891092120138,51.627891551441024,Moderate
80.90255478738531,688.4652492228422,77.41409262347997,11.193507614207139,1217.028819061197,0.6920380900783764,83.23494321676915,High
122.16079760116644,544.7832185675015,98.12941098520074,56.36930801819395,2335.4732423327328,0.8164053787057993,100.0,High
192.6018544519483,671.9476161329248,50.17614259661109,15.09687950453303,236.4075805754928,0.8281520394374879,93.8303805973366,High
170.8238441516263,688.423780686083,84.14721347622448,18.902122297314023,1277.743267022103,0.7101440632167295,100.0,High
111.47567659418708,601.2011243959344,54.76247706435963,27.365008978673373,1733.0334813943239,0.24408121110431386,99.08442087701675,High
68.40666657041646,356.9763749872767,89.56269374519837,26.07404577075192,1990.1710191344805,0.07108793053618093,88.95625936529764,High
249.2811250394278,492.3319364621854,34.45260330490426,48.70645908188389,1478.395686238134,0.3762078408022802,100.0,High
106.54532555899324,136.68867083459708,95.81489416514236,30.09742513030293,2276.8484730975624,0.17031652333964983,88.26763140266807,High
112.84675608241886,542.179879805177,37.50173667287037,14.392254300183529,2357.879044865486,0.6538295003225534,77.98302964194465,High
40.905955297917295,151.6100720340318,46.097640558474524,19.696544251734075,207.58209682427963,0.6119609988018593,34.750572924441144,Low
198.70238718748234,558.2201765030239,80.49537872854245,33.001236185313715,1035.8078218763671,0.08737589537823662,100.0,High
173.42055644537217,191.38254699563524,51.500411325232534,13.109965458437419,107.47460321682837,0.7611047122613085,60.444564378654654,Moderate
55.192403197190096,102.86552711867378,68.65691014131573,38.64106216053077,857.0708105673851,0.2614317763475049,63.607605855823806,Moderate
20.595261403960674,140.57474721293636,55.565880085554284,36.11610186031302,1365.3271340279753,0.4173930141673859,52.424233991644215,Moderate
170.12482551867828,11.573786823065511,79.38959496718255,44.308627401024175,2281.4475797493747,0.617743675137381,91.02722687058764,High
163.62780357028382,577.8042981042889,38.266500189488866,56.57375384586522,2124.058090040237,0.4150059688244153,100.0,High
68.31488174955233,588.5968287561195,24.67663897895016,55.17400086056356,362.374330346365,0.4250946323799519,87.77134423221274,High
237.7158905626026,416.797346431475,43.9943517978453,57.034158993785724,277.9244181151945,0.10578379603537932,100.0,High
37.76447294522506,137.4766128337531,57.94469318947442,18.459357836303553,1493.7049799538343,0.3912270168710032,46.36520996450545,Moderate
108.08370026065047,76.0079266334449,33.441604175414284,12.236091865164504,1353.6890325240176,0.700120709236986,40.49110301668536,Moderate
235.90398004189973,25.111883485456737,48.383783172511095,21.625218527304668,702.6252215035585,0.8278998866086081,70.58804376140955,High
104.93182923153057,140.94105980252436,51.998641463485484,54.2296845021473,2253.660057156896,0.401472566503866,86.43214747324447,High
159.63148691602137,713.7758726366859,24.591347495061882,58.46294110429185,2322.047703180806,0.410047952847217,100.0,High
99.39859949069857,200.8141049443286,66.66457985473636,52.26287230887618,1036.3980239333987,0.6472330403751043,81.41857453471894,High
68.5538005871675,289.87434850160037,90.747474237703,11.050974662014898,2231.2412649281246,0.8513562009394852,62.71346754862334,Moderate
245.99441198995706,93.22293274025321,32.13943303624419,57.10853989328862,990.6747909442829,0.2770017992034562,100.0,High
102.33350157876076,185.66543075105452,67.82464107212112,28.284691504293228,1855.2012379827654,0.4241225755572463,74.02753782170097,High
223.52480091978362,420.18741091636207,73.1791363928677,5.512065991929452,1216.058432991924,0.726577257019456,92.92518620855797,High
57.488651472771544,490.12461964556553,53.546774433543064,29.331655741150648,350.3287334425983,0.5682395339679328,68.70792112034471,Moderate
53.27617600627082,203.82832819130672,76.0878069891416,7.5338043321507175,2323.4387930307025,0.14399839236936152,60.69899622800344,Moderate
7.78352072112784,55.60840578784259,52.85852347928096,34.913285663861465,1162.5366537749646,0.5835728252279259,38.90844404598508,Low
162.91670634397127,318.91596661064494,60.370983038194794,23.620471509037824,1849.4932487898889,0.20873434190772788,93.93148287425574,High
92.13158593094029,195.02066303180396,20.58824356435416,31.03892134767268,949.5758453566658,0.4836835439666435,54.363536067392324,Moderate
216.08956245990927,183.44759935154354,75.3376091307751,38.72436984087144,96.25815251177491,0.49973777751137266,97.80469360542578,High
118.30247667288928,768.2916141436297,72.90741431557795,52.78406026998012,296.299378794998,0.7947728578912372,100.0,High
242.04835697868043,496.87738388132203,23.072070186107567,41.40458670595607,1265.7377247503148,0.4431201329105724,100.0,High
46.38137892578029,449.9339701059558,49.460008591610645,28.87268776629994,1740.4126749595878,0.2875260589005101,74.33178551019593,High
217.1557919889027,338.4623317834243,98.32254726333339,50.06853195187008,870.1015501192337,0.24632139598362685,100.0,High
194.14921319793544,348.866023409814,53.658925005489344,54.80701756652227,1753.9467249852432,0.7931140951816857,100.0,High
192.730461161013,437.31495303208385,60.15563241054734,11.586798153770847,1761.6571941082923,0.19535922625549412,99.50952705840572,High
211.19580702922192,560.1795475585247,92.79441265277748,34.25631376540353,1774.6429729531856,0.4119882767506722,100.0,High
190.25599773574973,564.6954159836453,77.3809500692605,20.648157785834428,1256.6785423502456,0.20909714768790494,100.0,High
156.55508040785384,145.63818708730517,66.56561048993788,7.5883658832321075,2291.4710677976846,0.7073084340972191,66.80833341128687,Moderate
32.81121942059689,405.08907414053533,83.8243745072858,41.77006823126919,1248.531469052508,0.4532167439784261,81.90642537712502,High
8.131544872812979,335.44689507694056,89.14930131647786,52.45239276025741,1153.1497240667636,0.3484721369732902,82.24784942056057,High
230.2119619539217,697.7163033528135,56.55104573898135,13.959645996256672,538.4830065760361,0.35693469453249677,100.0,High
154.1625786301845,508.82094776251733,58.00866919454683,49.68275116931453,803.7549640230244,0.7743820757145325,100.0,High
199.13432274404408,430.67821246862565,50.88407485214687,51.93676534453179,153.7195066698432,0.5207078611502723,100.0,High
120.38058787813752,101.16176732134473,97.33649120147685,55.28872434665659,1602.161469359617,0.6601876734615741,93.81948278273053,High
29.32704724059862,488.45393256549505,75.77330034322803,19.590679899732883,658.9125726213775,0.8124827388130819,59.8949919491276,Moderate
31.29644805063761,102.5910854873844,26.65784529664578,54.71741858544391,795.1803734893895,0.8164804246345457,45.88361359394074,Moderate
171.39132180724283,276.39319469694414,89.03676986504148,22.636451510503772,1938.495578077587,0.32923269618718365,99.4806962797686,High
107.57647372486568,122.84515220332217,58.444795266901444,35.37859074005266,851.691898745562,0.8595835736744275,60.35301108036255,Moderate
50.13118167508418,556.7381811492514,25.500312513798995,7.777910895775517,643.3799354321983,0.07114449971241463,59.07518535620491,Moderate
122.89863668535922,172.93916993056055,63.977380413064886,7.4134598602808985,464.19148537757906,0.3703102268637408,57.08138664305527,Moderate
16.052234268783522,319.56890481854055,53.37314231805617,44.62052670027116,1948.4030853457919,0.8114290288825153,62.85720378568159,Moderate
145.4928504785997,717.5830743188352,90.21995238900999,29.446398788778506,367.78033207556587,0.2834413478444355,100.0,High
67.24835110877441,171.40994288518652,36.319568288750986,19.096080645306966,1161.6967126133661,0.2821192327731206,49.117894096267044,Moderate
199.38977515929705,411.1660005274355,86.11716875937464,15.472742281370062,1291.9787843891263,0.3072289423196054,100.0,High
77.59048973089344,341.2246123211574,64.61509529483621,41.84744199725699,1734.1052860800007,0.5704663771198839,82.530882008976,High
113.8050372704503,24.317992426126487,24.368824257077524,5.022084921393693,1601.544531715839,0.4225828592722007,37.472421412775404,Low
2.905134977025159,636.2789097225221,97.74762410603877,49.324014305826985,2036.2656487156783,0.6677246109003412,98.36304605626829,High
18.11172194863972,64.54626598853378,61.009219528256,9.358728337146085,159.64101311928346,0.810674046179966,18.449366299991553,Low
98.12338910167121,384.66146657179337,43.270148338526596,15.53192881994657,776.2797757095232,0.6230694687014315,60.40978027312036,Moderate
119.98470867928087,452.93585300177045,57.55254735914065,26.243001741449927,736.3285909996804,0.22379671216793917,87.54980456520818,High
150.00513702982593,506.4569007255238,88.62862268139912,31.667230684385697,407.7414187006652,0.8427796170064269,97.4295049267512,High
72.91564467732582,554.0189871532217,44.39224995080508,24.5247313697668,758.4867219482857,0.27481894234535675,77.38702408131992,High
173.74547153163564,210.08518298294493,35.41411171893603,22.639169074136163,808.9250196501134,0.17741015102893443,77.0200505095356,High
215.03059929730114,17.883233560175004,30.325699754470516,58.015380664025365,1328.6169317223219,0.12647218703181676,99.55401850901329,High
194.96274722333746,581.5204932603805,43.8287518712169,40.286882468386686,1676.0759733693274,0.5288761795662408,100.0,High
9.904706337089287,433.1687134845871,82.40384696320348,6.288812545206351,983.6962583489445,0.14669809310855403,59.25595606237079,Moderate
120.12673681445723,670.5329855337266,57.730109215620935,28.659674964437226,1812.702066717784,0.16795950149573613,100.0,High
26.23254460454372,658.8968066915485,38.1985282954832,53.125478485918364,873.6050795199709,0.3050259085061721,90.17364676347317,High
60.511253965631866,676.2276725524277,33.294799968779934,21.58009025258674,761.1950094211628,0.28940505823179424,76.49831887933354,High
246.66564831678662,393.2247813838367,46.61835812083033,10.200598962591354,1375.9107368497096,0.563603583782321,95.2105154508235,High
35.62388572537831,273.56643271112387,95.19394983085671,46.71116243744548,108.10508274918698,0.7442334875517793,70.31600399366114,High
124.72203836283902,635.3309800471823,47.44213700720195,38.33076075648447,245.4833529033009,0.6971472077724585,93.38510986114326,High
154.53893357952978,366.5223492931114,99.04992607637082,36.36718793045772,1074.0253817869914,0.27311178650900525,100.0,High
175.616242636026,154.91933515871327,58.818436461228494,7.946710778407436,2360.1361429098033,0.2585139232880829,77.88905652914542,High
139.91217087172853,685.4294754535647,34.33311346321207,12.727445538753454,1817.7038606163878,0.8709228005909225,83.89112865059286,High
2.442711854795915,707.2223026501543,91.29120734348075,39.24021679172126,265.9100952763665,0.05700080535316611,96.16777386475223,High
81.61532706099797,378.3847073507344,56.82842985078615,16.43031128023597,2123.4791313131404,0.7977624531011834,64.64435718259725,Moderate
129.42791084617787,69.8027845747321,76.77370748036196,32.72385438616334,1844.1368879900435,0.21976924125404423,82.22976315313524,High
21.96662478620834,316.38261103437566,98.69692665673215,34.96849273161664,1546.8189879715003,0.8551916746263027,68.49485718418289,Moderate
87.6567328022952,644.7947509754566,24.01402802559792,20.592895464901666,2059.7177534924845,0.3409611921033917,82.72304404449916,High
8.300777197841642,722.4014825515206,27.735564783005373,57.16338355478211,1040.069126970245,0.42429900780926444,88.21009217641085,High
19.644624288755185,170.7434665731007,77.63653931702049,51.335525875956634,592.6775745919392,0.6510525218527239,62.46992143200082,Moderate
99.23081905039902,62.9091534999645,42.54600026363776,44.730542919803916,1304.4573033164604,0.5495186937522712,64.07493240709094,Moderate
33.178938510765086,703.1068579749425,34.744111756007925,9.2896626525175,1394.6623012040109,0.32024843025079935,67.15613196330929,Moderate
141.88521206538954,317.6299017933115,23.14895038557836,10.83715106199607,1368.8996114242846,0.5207562784876499,61.732259112299076,Moderate
172.36624228431643,437.99116177137495,21.747736958896144,32.10297402257257,1434.4307891262579,0.6711008517084533,86.68363582605225,High
200.1466747772707,774.7719915200995,81.95884824958327,13.839234205504212,2374.3270496859927,0.08598470401711827,100.0,High
50.037561061202524,62.58613505223605,30.754674189564,58.804600494121075,2260.501776585767,0.0595194094673485,72.44398362716318,High
41.870645564767436,522.1712258871555,57.41764927769207,13.718612871507519,2195.5067395694014,0.4393568982119576,69.75331825729744,Moderate
26.141960083600065,68.54328383414499,68.47174521435863,31.81073095051857,2013.4711867261365,0.16206112513298707,58.23258261182228,Moderate
159.10756238590918,306.6204534885353,54.2681440455077,25.026658126282797,2361.3988627999493,0.6146926477450073,86.69118858453788,High
176.6189316217253,645.0134907028229,22.16853218689865,40.166253179975385,291.31187211453795,0.23194458779331906,100.0,High
7.896536206410509,352.44306387695116,82.6801202070327,12.09700248891837,699.5519905420617,0.4179234407763203,51.52604749667067,Moderate
234.05306156092246,797.7740595833308,20.84105796333228,28.6674035423315,1262.887066853733,0.21802029634312858,100.0,High
12.992820912868103,451.6568351078157,80.95119155019873,20.1087768043929,2124.0095081523427,0.5162110478867558,68.64214177401503,Moderate
135.32408382526762,263.7181005824033,91.46435950304982,53.826333856942846,1287.6559932306945,0.14864544047688355,100.0,High
177.2651298627291,183.88794746475497,54.62719368457378,7.232214167408229,1882.6851113868922,0.06964082486935821,79.2805934411592,High
217.7422809365214,286.9112220860678,62.84339784782386,55.25501217035526,390.4517678598447,0.09346189239069261,100.0,High
178.52173303310695,304.3012862700451,58.1586714094123,50.814677620415026,668.4138417925725,0.8611196752880135,95.85191537335831,High
200.43202076744797,64.28380540192917,51.1366894898751,21.36638940424485,1842.8514328422973,0.17094328581929547,83.31851087214017,High
84.86254813570152,301.9636175471508,90.99396282962883,48.41098600724076,453.59832177492393,0.65220651516631,86.08118173215956,High
203.70627843662805,376.7484305939877,91.51468085359924,6.716745818631116,910.8220399045706,0.10773727358940231,100.0,High
20.028711596168787,580.9628242686557,46.865309171322764,58.177605266136645,698.92233164325,0.14193629939990485,92.07888045068009,High
223.7041640151319,528.8162929300703,69.20558032117583,33.96272184243841,907.1611508450723,0.48254481369793445,100.0,High
136.89809403843407,569.9248676310318,94.15260497166913,21.68045643359949,1785.3939202410272,0.4451402906311921,100.0,High
204.32444249062343,16.607308682717107,96.96467991530812,24.94207669270724,951.2255937998625,0.8588432630238891,80.5465189283216,High
113.07957112957503,181.95724566862347,60.7167232337638,8.652294440327355,1410.3951403894534,0.8531101350676268,51.32994201569582,Moderate
160.89442379913123,532.7305878358866,56.225984422746144,59.41422327231216,294.8330987833036,0.7126673461610954,100.0,High
131.6006652340283,392.3516008620002,42.29554527428206,7.161056983288085,2022.293348424838,0.5617865556082473,69.83590176580385,Moderate
182.89738043883295,14.197645777993298,96.7097498552328,41.019891773132244,956.2271328379059,0.43671626978405936,93.6853798604051,High
20.407495507647393,645.5507675211396,31.42514435782939,29.350476023855208,1638.908689631689,0.3527517541791579,73.5730596587391,High
15.08802099764095,620.5195628993665,66.386366083818,57.190392000379326,1827.20452407149,0.8550244149292221,91.38578617046642,High
61.77580850253661,443.25113876491446,42.60402140149111,18.529985716873732,563.669259173666,0.5624724897109827,57.70528481393882,Moderate
39.88617002829709,62.50602736325497,42.32066322782373,34.26477531659062,2217.4537131357074,0.5422116485330953,48.821080864234496,Moderate
217.94589164805043,615.5468891307419,52.397486990095075,31.529591472051415,1559.7494164370346,0.24711595350357762,100.0,High
54.80349683951108,471.1337343077775,99.90343486525236,43.65765442275558,1100.3765972911297,0.08969314520234611,100.0,High
243.96631395478283,627.7483819547878,24.397304547185765,8.740562757383127,496.7211997666379,0.8534102927956128,91.46026987230641,High
84.22394794277672,603.880123992714,66.28334545628252,15.658402151284516,2358.6372978579566,0.3166749700179558,90.91807805115998,High
45.52947892217482,644.3716368466913,26.605772642822174,16.80106510510674,1899.9171001224815,0.42620066982578986,69.40918112859416,Moderate
197.42462678561978,419.2263724596536,32.361666399241514,45.59829151629293,559.6601786964598,0.14744395204785082,100.0,High
164.67694387521902,120.85636937287684,55.165035341831896,15.402628297970704,877.39139807435,0.7613856804228982,60.7235435539109,Moderate
124.54892911328474,540.2144039699541,60.836810507715306,36.542047014003714,2033.7019323157795,0.07348705792754104,100.0,High
138.8408877344078,500.1742901910568,40.70339266916192,16.838410127552454,1754.4102748775804,0.7588921477842321,78.82342981096251,High
179.80044456806596,596.3800178872789,45.31657046995329,52.38937225461881,1926.1715171535247,0.1692422608697718,100.0,High
57.11368533282468,144.20599478008089,26.957361620474643,56.82019999693012,1130.9427004216843,0.8035794957364794,57.42799152302504,Moderate
249.08347901418549,164.0304079212285,44.25758270754004,33.51711362182323,1805.366843473309,0.6703067417357338,96.66490139096496,High
243.6982905366958,713.4235186032695,97.32467515044353,24.376988631504805,996.9096210165885,0.18996972313120936,100.0,High
162.58142158673422,602.4824607771359,95.57659053379854,17.87317762596245,567.5941464985813,0.5309452939305479,100.0,High
49.88561273228628,727.5005060732551,46.7902632109588,7.737955083767407,1600.0587353613319,0.3157578672019365,76.00826700040655,High
170.05706060782282,609.3851037194974,65.66831490230092,19.767504190862248,2441.2341177170456,0.20149813407484596,100.0,High
18.04960224479396,481.75269173233846,92.76763128887555,40.982967896992484,810.9723799185575,0.7803048694994422,77.3546667661056,High
7.663125551451516,526.7648622520202,20.494705811271736,34.3489312220066,1179.375500920722,0.392994351531145,60.58997557116935,Moderate
64.42072212780342,712.4110599126078,84.85468562700734,56.92227030545101,1701.3033591211413,0.3887621572105751,100.0,High
115.65573918482907,467.257336064433,95.86956422311351,26.795249437043534,1376.6903912000953,0.194403673585627,100.0,High
217.06812635209513,509.589146219426,27.306058746684563,43.162483828061696,2116.398099487171,0.37560582467291187,100.0,High
181.792267441577,133.61660564284446,32.91581488263368,31.912751111131676,1916.269630850314,0.7908743193795227,73.97493826816347,High
185.67663029999525,384.3977638917211,96.85970422170843,33.19169187583164,192.82814946277475,0.3586594039161905,100.0,High
106.37333361201884,575.9537184468982,63.0032114912277,19.727587303226464,2496.1320231132463,0.8588630281248198,86.70437730524303,High
86.48374813674073,224.04473166992867,21.135730757737896,30.022292726309985,1893.3860116126948,0.8543625643271293,52.41272188987668,Moderate
92.75969074615068,169.7808026143826,40.61055990108233,30.8931748356989,2166.563124920577,0.17316386041124412,70.57357787174558,High
246.91239093401447,257.9231784972883,55.99549394150877,43.865338696191365,1645.4343946335987,0.20071456549424815,100.0,High
10.02729785312062,200.78549611433843,75.43271288198142,56.73519995523626,2147.8985637145674,0.7832729597821058,70.40140867253977,High
216.75787403061213,179.7809832587527,78.65283025094396,23.112670261537737,325.3382885753381,0.3838467810860113,91.81012541087104,High
144.66885214309835,345.6321658657887,99.63372103403648,7.3210257719714145,901.9576971203232,0.05371788494055794,90.75672704209289,High
109.65385479739761,727.1924259679919,43.00089595070072,32.29623190253518,2197.231311831007,0.28279104674956534,100.0,High
181.3144151037841,410.5771209235875,63.05760814947802,34.94537326820427,544.055267603886,0.557984644216226,98.83212638955129,High
121.66723535617571,158.45710084410518,62.6658838287684,14.26423031225534,241.6931415210557,0.7293760710659728,52.425429109019234,Moderate
218.35580952041514,70.80761881089052,52.451620755779004,46.82555334518367,1980.8914028657864,0.16338032452927062,100.0,High
225.17546600281463,559.963354658961,33.53295150739362,59.17110096428204,2096.9410813260756,0.14396015975422505,100.0,High
105.43023171836386,312.4110239047464,98.19652505470741,57.01760943546535,448.4979345652565,0.8337787555364818,95.69418813495913,High
69.20694930876289,659.2464478024339,88.26537493332688,15.84083213530087,2143.147657817653,0.6884761126491953,89.87963734542024,High
148.08758214834054,531.0135072262084,59.86664226353898,53.144978194541835,1732.5810992130655,0.5513126606613667,100.0,High
228.09083640417273,639.0307459276811,68.25963381472238,43.74715000264266,1324.2025738806306,0.7038087714965389,100.0,High
52.66554725141665,224.8373711405745,38.180884284772986,29.961561009380137,2084.112972314393,0.41452620711064264,58.96503573885552,Moderate
155.7416458908707,556.9635487442359,63.50296563133975,34.733604687860094,1077.1606608314662,0.6946873852127576,100.0,High
157.89005502313015,218.60896790803784,75.59761064971806,51.728009624035195,525.2851927473232,0.3660325425833554,100.0,High
183.27825560382024,751.8640987657303,61.21336227092711,31.407421680110524,747.8890576960034,0.257480386618712,100.0,High
32.89192128181495,512.7356824113658,99.2228136467953,25.526405300781978,1287.6518448186214,0.6696614080990234,78.74372504453879,High
178.95624117052213,266.36432213852027,68.9073324998181,32.128612116429224,1351.7604420492805,0.40672144833367807,96.34584615169072,High
227.25813016641024,222.91437121089538,49.677897007373524,36.8521392219277,2023.6730247810224,0.8841705386772657,96.43220593344336,High
44.92077721756049,160.83200220659836,81.77216220926705,15.399270957809186,1988.8141729482195,0.34706240496188584,57.770613481042446,Moderate
59.38583123096941,558.766357526045,33.637000926531364,54.54992516468449,1474.3480651512084,0.8334683074514061,84.50872674901102,High
242.8487735104099,182.78533426836256,50.76126509650132,42.08028218562876,1962.9244342454172,0.8430181662820176,100.0,High
45.244238177372445,480.2895800827163,47.75671603020687,39.82979045356189,519.8449728194939,0.2555750050050342,76.98636058186906,High
213.5962733423948,219.0616712710323,54.54456760862218,10.472292439935098,172.65809137857116,0.7284880043498114,71.0557471587295,High
123.0694641120087,532.9554663871562,82.54238607429811,38.22956659949255,2190.402865455015,0.41811332937288037,100.0,High
61.80776860079426,653.802385547026,58.73384257307259,11.652836423117078,235.10850971878546,0.8298960181457958,64.25776289391378,Moderate
217.68747531812784,624.639942084276,83.52115602127702,9.328372135746948,654.3866528727933,0.432605631739953,100.0,High
111.32631375066637,611.0725514353176,66.11911225118928,34.00209926033163,1753.5314265797422,0.6826581597367612,99.573050563475,High
128.70433848242254,158.30070049687913,47.365554772604426,27.153204372557223,1053.1474471869074,0.44692229778922815,66.89338164561767,Moderate
89.80834234994143,79.82410811776978,84.79829949467779,37.38456485859228,2196.9692262929966,0.24363064235592774,80.8862333795999,High
148.23771285873187,562.1695745050346,39.06317364424733,9.907219243148123,780.0504969225603,0.21944760960298332,84.45131141230267,High
40.88096814625569,300.99429889753753,37.95063838398364,28.704068456599213,79.08479933993027,0.4116165151178937,50.082633662590645,Moderate
97.77038416294018,351.5535188586444,60.36023392438686,14.613269327483689,786.6063193738231,0.6921704584620827,61.68335423209759,Moderate
242.35308058382188,34.60778330677894,40.86793967696711,59.29050472582641,1466.2838705028375,0.5643107624036519,100.0,High
64.53335817528189,215.06539492728885,20.726962796097304,35.863261683934596,971.0490197380686,0.6353348964154618,50.04968839079805,Moderate
164.18416613532304,36.60435906082658,71.86380218390411,42.8090273517477,1360.4382516089504,0.28997739812215106,89.28438461907395,High
81.29751605617372,704.5567603549856,60.88750571779184,22.89800543754343,2197.6653911457956,0.45922004406396466,96.03118056597575,High
193.36828142165015,202.28337974263908,55.64142515945289,10.210640312863928,2285.588382864403,0.08773597522392795,87.85606280881011,High
32.71841517958746,450.29636396267637,97.35748116946523,58.672897453094514,701.6364584025747,0.7449025535644026,91.66039720047445,High
242.45526126963617,40.79366332229303,65.6959347170331,20.744246946075076,1182.2441595112568,0.8914083379038935,78.84618892400246,High
113.44738534590981,536.8094391314698,89.07452622315076,28.30945018454658,1395.4028373415554,0.3958472032309702,100.0,High
59.01261583661599,265.1916031457341,31.156018896412814,40.74251569364163,2375.325519376205,0.05931910516181185,75.53259624655887,High
18.374186832503163,719.356157696556,65.5365170503542,6.358351372736121,2496.6124319527426,0.19432374361830523,79.98280884696301,High
42.439476271885184,711.6133692578883,89.43837013847224,49.56425217845078,626.7477596617402,0.604647846087856,100.0,High
129.94348713900442,266.9795885057807,66.64846058239183,34.51180045157412,1831.1006847972478,0.5702674204732804,85.92424080463574,High
84.25079410782158,721.7591075954697,77.44113425016012,20.30194528878522,976.1761024713281,0.7196850116477124,90.19587617490517,High
207.22084147065237,796.9645620640352,49.763485424976594,8.388439191085808,69.8650823712224,0.26580140931690793,100.0,High
107.72188091545148,662.078374657919,27.39596136296533,13.93741285109428,72.66867996796077,0.699087128215064,68.481398134944,Moderate
62.17856814690747,677.4483647266309,56.63202361016572,54.22686223693903,1178.3867185275265,0.6347864182951194,100.0,High
154.2862466510075,206.71690152618103,51.558351267108605,42.731332316474,1246.42053686062,0.3243923230567668,89.98190060991449,High
176.69430422136145,465.5948950976275,89.36481459031579,18.74459469002894,105.2957566049345,0.5136649258484177,97.08238167792388,High
41.76047697523747,63.1321720342206,39.51962418819778,8.608042071976625,1732.9721710970412,0.1751827372235777,35.93792144531042,Low
41.904804072079415,84.98517008911907,97.33873820280864,42.983842181265,770.3083020576352,0.43467982792024523,67.48659058759323,Moderate
9.167856733385744,799.1251635062996,96.6510495843597,36.48242492822708,1421.738098763076,0.7990177386222949,95.39970056899242,High
184.10050376641013,268.04500704646966,39.8105314457151,27.248573845202927,787.251729255276,0.40801267285158216,82.83157421944274,High
165.95113190545126,601.0652905185887,47.844156438185635,24.99862970545351,459.4790714298026,0.7636317005041087,91.72754743839012,High
118.65771893745347,647.265391891185,91.6444592699108,16.924785176100954,1047.5756595672444,0.5517153604707403,98.7420716345126,High
211.04261224229927,687.838384095711,97.3297776716886,41.82861910956347,619.0697437367269,0.21309520613700322,100.0,High
201.4175382375133,798.1263549477037,55.47512822688353,58.38674152866288,1360.2623934519618,0.5439403079932119,100.0,High
146.33859109918805,200.7822233529256,45.67976365127183,14.664338521025421,537.1298992018759,0.4800858297835039,61.521277136951284,Moderate
217.06782012831465,41.877153219162764,62.087521060123365,37.84141410085269,1295.5946427793363,0.3888451349169264,92.96948589036224,High
51.46030250919206,334.8412992157229,75.02153650925878,28.33017806602869,435.5773614287255,0.1516858735886598,71.78036228320964,High
27.979904849431968,112.7637291648681,41.877961229998384,29.56787969595657,1693.8880382401733,0.40420236427014533,45.89771062247665,Moderate
67.4374028792474,27.71645243802355,78.91785396952582,18.978100407029793,1897.1473268814889,0.11184801980368306,59.9828095130841,Moderate
14.271714022328712,294.737193441774,24.132588569171283,50.38241816137805,320.46587391233777,0.13395369368893856,60.00351995022667,Moderate
132.79238200025802,629.1532183494368,23.943559421153317,31.68905822809826,1196.115909491481,0.4035290529928086,93.46152940921968,High
234.15142307374038,457.282746067806,50.90301641164362,34.88732187090453,223.63566660444027,0.30957425967319413,100.0,High
9.835885167127412,257.0946114761797,48.27785536485764,21.761850203852916,1515.5469915779058,0.83671267698289,38.735037439498015,Low
30.5274785025067,526.9301843392485,45.25065722937218,14.999465611682236,697.7905299276312,0.36934993457322995,58.49735997463151,Moderate
113.04975707085882,193.29436244396047,59.2815810135128,9.725071351155126,1342.6799192548342,0.6941794037612852,54.79254931310228,Moderate
233.46875438197623,21.36134239694717,45.6586865849257,44.27655275087037,1317.7794729915133,0.5007103974113063,92.69828198294911,High
79.03902624418762,613.8391752847776,35.380633477447354,15.79288549283206,2314.668148174811,0.6484728183459851,74.9993319150293,High
126.80870217209811,502.75703704256716,44.75756392708807,42.954144480383874,1395.253895293371,0.2710985855630893,100.0,High
10.393214762598024,612.2190733557584,97.9923418248188,26.470704532582463,1478.3462753098734,0.8506192269125797,77.70389743486423,High
37.08580024052222,40.76103318325583,52.88907335958789,27.86761405443083,1034.0501581227318,0.5005752223772604,40.74510597498961,Moderate
246.65753073971172,671.3245059862153,55.57702214866686,30.804762285102445,2375.245027797901,0.7566254605924623,100.0,High
241.27967410901138,499.4256980286796,66.12359919609119,25.223967947014874,1954.1054781270436,0.3602888394546964,100.0,High
1.234995233602404,455.0823270629857,98.66726147313813,10.534098747242455,749.2429612419618,0.13517964669294585,65.3369623685575,Moderate
237.95294635580973,503.44509801047997,39.32810211486104,22.029749550156517,2118.3134851517684,0.6226549005627215,100.0,High
159.7799844538751,692.9022650260076,74.50256884259471,41.505389838166614,1109.3710824534705,0.056595701086810814,100.0,High
216.97957363000552,473.6798401815366,77.27877548333794,41.618142080787905,2080.2345016573054,0.45399903008068204,100.0,High
113.68496390846478,468.9508001116617,68.58595334344528,20.74233689819969,2066.07576731908,0.21388161726649035,93.6865547792239,High
128.89900714481257,792.636534081955,27.086267170931528,30.305644460672838,512.7319575689933,0.5832691787700579,95.80533723747678,High
122.21164506423004,607.8168319841687,74.14978206620611,15.639597540656561,1767.7957718897635,0.8825068921671744,88.720099654909,High
166.71606438652609,359.4121063063969,25.12757688289404,16.570464484140967,762.0752748010012,0.44474247037254905,72.3563474302785,High
34.91281368907823,568.8436300260129,67.69141196399175,6.267589862363407,778.8570414820372,0.7448735180468167,56.679355695459215,Moderate
7.493397468169488,317.4920726365129,79.16649417773941,54.32106024492595,776.0527883574229,0.48161655890845284,74.96787509514672,High
76.98248539779773,190.81161536196421,36.87759124959604,16.58886657911984,1827.642206521873,0.47146402643842045,50.88274291725786,Moderate
176.17019068416167,481.51298274132995,87.32976060342193,17.514363231505484,613.0738023917133,0.8408599692019612,93.16137476282377,High
50.46336303073709,743.2638575100217,22.42830444264034,20.37807879548225,52.21929635292105,0.8064709884346792,61.4166325571594,Moderate
168.35810833122932,744.0202208122156,87.50502909266449,12.007443943248596,1802.3302910324512,0.7179303954097783,100.0,High
242.47801152681762,280.10516970333737,56.82632405142121,40.159458574974956,469.4026223960569,0.30181739031926647,100.0,High
23.475178947354596,426.865198315139,37.40703519453156,9.13286242476726,305.9818685041949,0.5132571533653495,40.22620298372922,Moderate
168.15052955628158,177.19235987019036,30.70225159951744,12.381133447949264,631.9144954554473,0.24031264830983223,63.71701512331588,Moderate
110.93755482614279,796.5485765041179,96.2645734065898,40.46161996245511,980.7562796906248,0.42732919333955877,100.0,High
217.03556359437633,785.0831472156692,25.81324700649254,23.68133412647935,1215.9705023093418,0.461581105895822,100.0,High
44.287447361846475,523.1120544688833,35.92747359487405,43.9371304685654,159.1965997459455,0.7568940341439313,67.6392289549079,Moderate
173.15648805654112,645.4871071452039,47.825787794643674,35.65836095685781,2427.904664937033,0.8116241105262442,100.0,High
209.52882241202755,574.9291274141231,69.61878791688963,19.08116451838322,1804.3544808779175,0.40242705303700615,100.0,High
236.1535548685058,478.59499304117986,63.58408682208787,40.795537276913045,841.8254600446236,0.06504877831225163,100.0,High
170.81200707241146,52.144917621229176,30.05147939298512,11.395052416108436,830.8082803492234,0.7825077638209514,47.1984661545393,Moderate
124.29369100210683,369.26383061660226,43.17823869905717,34.50257106940167,1148.9292459527255,0.1981368767261566,87.05876711098068,High
154.46181005030346,543.0811787122543,39.100141686881926,29.043145777476905,1584.2998157694308,0.5785996693068345,94.68126122655072,High
217.22624611967956,545.2499749681109,37.08342835922731,19.733047054959243,408.61401314297103,0.07122526536901151,100.0,High
142.65243665970743,304.766868553683,52.891546918398966,38.22027487567251,512.8780437241332,0.3895805039714796,85.9321320701975,High
7.596764924209215,753.9366694598441,76.32251620733255,52.923347578715536,2155.6147279422,0.8880662567980474,98.9973002566277,High
232.73717387674444,142.21205546705698,37.39623457737888,59.93975848696922,677.8245635282278,0.13558956093823263,100.0,High
172.3816877578903,405.2839625102929,49.33431037623851,38.42695228088835,981.4777450391849,0.41013917919969595,99.54370465240382,High
169.12834644431163,555.79834147515,51.27339414729298,27.258823088104357,2184.6160348277867,0.31107745766145933,100.0,High
53.91878809942929,560.7372866545293,98.11652235483281,17.386390511891086,1674.7121820295652,0.8193249048800246,79.86819374263263,High
164.7213675581643,522.4247758473643,96.3733085503255,19.140284916731147,887.1941043871365,0.7889390917212519,99.17243204556405,High
98.46610141353962,227.47768862696952,84.01100662016607,31.370023798237114,1725.0638870253208,0.2520439462602945,84.99354948594213,High
162.80824426037302,133.40318926243134,39.33271366553481,25.20027357043901,98.22387768446359,0.1190096189928665,70.35094326002448,High
26.64825757699768,512.3928581931016,25.442985127333575,55.259798744371935,1852.3245170278449,0.5830676349519499,78.92435803657155,High
164.46132615075902,483.4486717501558,45.35233101764998,25.256250721064024,1243.1892992647868,0.33591340510115325,95.38017953666612,High
249.85343144266665,151.69124812850038,41.34356395470647,25.539452512998952,2042.2962608469302,0.6212717320151536,92.10153325291984,High
12.053009715139007,567.059925000745,60.47406401171151,26.094398183868734,2388.8622474158474,0.07730179265764231,82.33171462964509,High
244.29354605532933,369.5858734695886,82.21823280542344,51.014111570221196,2318.1819462616922,0.163389349900866,100.0,High
101.72699018071765,537.5308673664908,88.66583511030865,40.7933576465796,2277.699356465585,0.6334163978567469,100.0,High
217.68836258431477,671.5199930184191,87.58912683284068,38.7792867675391,1304.8163920380234,0.2305150570071231,100.0,High
195.59637101456838,144.0854585757693,48.77404489784542,23.37786623111242,932.3481796403983,0.7789495243980413,72.14480511636513,High
141.75406524666695,25.124445717500976,74.97874747685464,49.98472972578417,1189.3365455901483,0.09980225455361512,91.82730180811858,High
184.61230231283162,625.4910432526716,45.026735801937605,7.110012374563563,1740.245208117734,0.2331596853677384,100.0,High
219.62889032533698,491.6609658705666,24.872443458814615,52.89384447859622,2215.7945533344077,0.8987762112123083,100.0,High
101.03508041275825,562.7152600014762,76.12522124823539,33.20124448866613,557.1164423502929,0.4181146871987737,95.66852642517252,High
81.75829039080968,672.1424302410276,20.786204205583026,26.903762917487704,2299.5732382311726,0.647520814012947,81.88116839740452,High
166.89834639089617,644.2206385113554,52.734606996679084,32.344200439472715,2047.1915683262282,0.20526359152846163,100.0,High
201.96148548531465,769.1269160737714,46.35034154416606,41.70785417936071,2448.197237186675,0.5683884247377071,100.0,High
190.57128369415395,433.3887122931734,75.4702030815082,5.702098458484355,2206.6168445401336,0.6671901581140057,93.30009144942014,High
199.4534122146586,395.91154980132524,81.29963782083031,52.93535210520363,735.8464577451713,0.3173051404865339,100.0,High
108.89582870323325,327.4908879136768,44.327570877702705,29.570673892126607,309.59198279291684,0.7545625451794962,64.09157898345867,Moderate
204.4585540437554,131.4159238469216,84.93016115558828,23.8631585835043,324.9906263793921,0.5629049417014408,85.34860292766679,High
30.05226384265211,462.3597139767977,43.513340840394704,12.603506109873141,763.4971305167765,0.38075455817277565,52.5632657130012,Moderate
136.1222744902124,228.83989421752324,55.7061087989249,29.170595589714317,1554.7501237621211,0.5239960343416847,77.69183581455017,High
1.4396651245303926,737.8329346482507,78.16148216113072,32.29775242064083,2020.5847989380727,0.5402467203205357,89.4071691569682,High
81.14645747506758,470.7207353789071,75.43361833798309,27.20056819714128,2253.1632521048336,0.19070499878978614,94.23904587909409,High
91.61538371784947,478.34374260140703,98.989477784976,42.326305160479336,1578.1957917046202,0.39232251438692123,100.0,High
99.04317290231384,290.39048209283794,38.01288193727455,28.14930908175743,63.79671623273164,0.3419159998165691,63.07833803286943,Moderate
173.86680167246556,51.07158806238891,72.98543308316658,57.87796678156153,506.4761024704071,0.39076731419225713,96.32986884154214,High
97.13952531758643,35.07757464466101,68.77455266206219,37.96026348029755,294.3291994407515,0.6969440002124693,57.70854110274004,Moderate
112.17340565563266,344.434763881026,93.20787635920239,49.411286460854996,940.1449651440746,0.4601576463466717,100.0,High
59.386032718581866,76.8066486968179,32.508971331590004,11.014574671021336,1278.3099344026775,0.8492687302533747,25.6902035829906,Low
93.31294790733502,489.4090948767099,80.14385308695464,26.851021112024814,156.32308751747408,0.29962495135467077,86.77808019432211,High
56.81740681578787,705.9686744553294,65.46148930150147,23.526623579593398,903.7710406993555,0.4033480415421896,87.04729253971664,High
18.29898094211091,707.5027050497905,41.97326958303243,36.32153134751255,488.9902028320403,0.7189132889071852,72.18142617487558,High
150.86214834534448,530.6458740044636,57.954793131773926,52.361243603378405,1635.3219073342411,0.5141209043226377,100.0,High
167.05319963875405,176.8731468636155,46.702127765583825,9.308601976910367,1187.467304844633,0.5149739244607806,64.09312823093882,Moderate
154.87258650240364,691.7674967735089,66.34507222307687,8.991613892459092,1263.5282349880765,0.09533913855440598,100.0,High
115.87351095014309,710.0138138974345,91.12004886517327,51.76747394866794,1097.8448806819797,0.3888097133106874,100.0,High
94.94644504480745,165.35633211283738,65.54439875297616,16.70675473210966,2392.248290692089,0.2801236725584726,68.25132338579994,Moderate
215.83341239295632,592.5666077588351,70.53779346612671,41.781428994739755,576.1010565478299,0.8994348544064481,100.0,High
129.77044628405451,236.35044365242712,61.499827769176754,34.85829727984428,1315.8274366174921,0.31210181003746373,84.79967096670255,High
119.79546940743275,644.0858467588145,24.093240515638072,50.80914771879762,1853.2425524950731,0.801822054574784,100.0,High
6.410516451608922,797.8179409238461,38.62868455008754,11.879890041002195,1414.2688121796782,0.6247986747844059,64.41489188124152,Moderate
85.3119569065391,33.720544210220325,59.36013835456662,12.13806311474362,2326.1011700061626,0.33977894781327683,52.00413049239699,Moderate
95.04890469646426,718.9190339748362,44.81882269957638,35.62500981530691,976.0224713211462,0.5120042216180051,96.31184062901636,High
99.70569522422512,501.8781215429399,34.54108782089554,57.0508259347104,1186.0057241442862,0.7644554979568148,91.66313310323511,High
145.04309230683307,778.9722691402087,60.330627353475066,27.824876710391486,266.87967227608465,0.8008630533262752,100.0,High
133.40063668171962,377.3575188458778,45.82478347582803,22.981815514008222,1542.0478220772247,0.18633479375522344,85.03141915037683,High
151.97627319836116,679.4364651513853,40.64861145387318,38.36791277588372,756.1193226978598,0.33863717002694416,100.0,High
191.22081538553206,59.291314192639014,57.11883339523047,56.17467302997671,442.75714681314366,0.3349397031815359,95.46011680122747,High
203.24643467902337,274.8704495618536,30.66274064657385,51.031030806454304,1384.1016676160448,0.08573807666455299,100.0,High
179.5307690566236,62.94306482345588,94.21965864603258,59.75159859032709,1354.160145280781,0.558502095874112,100.0,High
238.88092398873368,780.5210754484657,89.41616783353912,6.241272076130739,235.8855209989165,0.7765970450433598,100.0,High
4.558145669090408,655.409386744751,76.60964685924283,11.207197959201924,1760.6278610614584,0.3743382296516901,72.65997915471593,High
48.94449642088652,683.5124627843167,28.4971062070765,38.52072698516421,1578.2418670945895,0.6790305532365505,81.03480075934876,High
1.89071874453553,750.9925328327764,82.07018035757544,50.13170416336173,513.0923427289181,0.5835453515606289,94.74381729277543,High
161.86867853865076,77.23175403463043,84.63658624872151,20.688438826872158,1200.1154122774074,0.3693014251690507,78.43662704100846,High
224.50763723749674,314.62209808553337,81.42116941714701,18.15660984188203,1814.7911453724719,0.1699008295684525,100.0,High
60.870574144074816,66.11756234476168,29.11727096953929,48.28366896596605,1347.1175643261274,0.6529252748595723,52.46107904528021,Moderate
231.75863619907665,176.5265502245226,71.51263656542118,8.101001961927736,1018.9482366497471,0.7763803936000544,79.41782932059535,High
15.066847572390213,191.19896385976116,86.74598365995189,25.31604561704218,839.7292222983119,0.6329763185412681,50.070941424323244,Moderate
233.60900670137858,380.5946967275872,66.18827209757342,32.81950724257814,1545.4649732779312,0.06519671142959536,100.0,High
87.9056718099086,222.16411228837765,71.71259001824711,35.81917708926779,2350.8163108600893,0.23379796023234256,85.01105491909902,High
25.35520711230413,89.77270438603126,56.66907835410449,45.07383362360273,1695.7748591698344,0.10905798715100212,63.77905371657303,Moderate
121.4679397965814,142.3179603843451,62.296585590724206,24.5165147886862,233.12746390897297,0.5348281846397928,61.42546466420051,Moderate
64.19414193012699,126.34769520615183,22.750148668138017,38.69763895710339,1178.6781850312277,0.6930060270143505,47.101365298453494,Moderate
71.2182254904807,778.7306703507156,71.11704175786276,37.1956482535026,2232.5191222010376,0.14399230900836052,100.0,High
76.82249123157165,609.8410804655941,26.515777031292735,35.118885535956096,281.43294321266285,0.7625871475043775,71.95401766762521,High
200.75647445816585,774.5315575629539,54.80116754721787,40.22658112282167,2472.745494736981,0.5221826316361607,100.0,High
134.79031916881362,357.3949843412477,43.412407813392626,19.269704408744197,2375.2200144312824,0.6364736603204662,77.0661736737034,High
77.82692478900091,229.91110051349872,63.634236016937045,9.655681447154594,241.77247778819586,0.8756915713173493,41.729467335350414,Moderate
152.5834458277296,640.6516257952575,30.673306841856565,11.559941962185889,2336.8626351014095,0.12112884001054272,98.22740401311104,High
179.0376685557984,267.74059525250595,75.33147215786545,17.35203104596456,939.6748461356824,0.8160404195311209,79.34063130378082,High
68.15600018338344,246.51286522722515,83.60092295427762,32.51088645375319,2119.5374593358633,0.1571872915892979,83.76576108327268,High
103.38727538133787,193.67973384418664,33.06835597945252,51.22435128003111,1075.0391773975152,0.3840149856411799,76.04524588584785,High
30.47152333423689,112.44639279714593,28.34504698815057,43.57113381486113,1130.095026121164,0.7737228918814473,41.99873285420555,Moderate
45.28733738367008,212.60581820324512,31.64123862298873,48.397233231112594,1603.8955728949793,0.820316101227188,56.92392454610744,Moderate
170.2794634912457,290.7026012943713,90.17020495188014,24.303659315935025,1947.469677226159,0.4804159225133735,98.8419398675482,High
45.35958692390673,542.455424435127,62.2551409405085,27.25595579067026,132.78341982320916,0.5549889425341114,69.59346426895736,Moderate
131.29084591676505,59.426225353366746,57.38087968060021,26.652503729483705,1503.232189041479,0.6519252344087736,62.76945767708425,Moderate
177.26156543060816,176.30048233562093,28.53694552818834,15.553025142247584,507.49583553855894,0.7578448681848071,57.14239488615474,Moderate
26.719230773685958,649.1286758304243,71.96448054055693,8.366916197896462,897.5763187648472,0.15328449410701622,73.5825517107341,High
141.8280549072259,126.06831963117891,89.4399673516072,37.50038510549747,902.5232320802804,0.7385589119948435,81.19206752601018,High
64.14069592534094,280.689665752792,86.25486954587623,59.40691758813224,1199.1978335418264,0.4590847279348742,93.17575440967272,High
240.73171880939495,693.0805482679307,70.0843767184641,14.175633772264456,868.6342090966248,0.43302991134194363,100.0,High
120.88641167998118,132.3909958033197,26.02229733213389,7.5676650944600565,313.034740204136,0.4103147891974485,41.44364932430086,Moderate
201.49813744378952,75.36210013837002,28.99176217408104,47.87424250031631,406.790409387356,0.4828298474591362,82.01011731603813,High
137.55663553906544,392.78501611320854,23.944718968785974,18.89223036765983,131.9230646246893,0.8532929703854131,58.593268071187595,Moderate
10.85313321370479,248.91141391004373,40.598337319397544,50.63040929441106,1202.110259055448,0.5159732068733288,59.13467495036146,Moderate
158.2878438985056,455.09260794224474,30.85291737283022,43.716516686898345,2388.396852389822,0.8602009075236684,96.25886111906199,High
237.85083555166426,645.0058634819453,40.80384322019471,57.01204453779425,333.40429793788553,0.2032466110232945,100.0,High
150.4029550365828,118.3473056406671,50.804644457516936,27.49099796661696,2368.348007857551,0.6655155820077382,73.1624900251928,High
204.79721485669756,468.75227679788514,95.43862272569085,41.408341169784876,1846.735711093629,0.7404036078174352,100.0,High
221.05161583710196,409.3519207079925,68.83008478253537,30.56701294472989,1611.8720671886997,0.6272595066346327,100.0,High
57.01994298723312,123.82224095042766,86.79790285463699,39.682378351969895,1630.930500542729,0.5658839381925593,69.77538031463605,Moderate
53.01120997705666,502.9588035678961,76.82812005698658,29.72793983042555,2075.4827385708913,0.5300908639232549,85.04736945813467,High
152.74524721274793,226.1759301100096,29.00025044213054,15.374773553324117,311.95366773056236,0.7817909101918916,53.35572009090372,Moderate
102.75711745167618,395.38911164976986,78.87363250991591,32.93435788018595,1286.6480927355772,0.748399607589825,84.36138244051163,High
209.9653257166801,74.99513617887888,42.00791052472995,34.07213107905933,1757.8732887388585,0.1539454130035096,91.45968719684103,High
225.0057808495028,373.0714051987622,71.12862775957652,49.58321165430886,1487.710090430231,0.7712995084762464,100.0,High
88.35534482567952,252.10613975382805,47.27695789143908,45.453638818646965,2090.3087240070718,0.4019583265243761,81.50879058902802,High
59.217639743620516,659.68115683643,99.81378106117273,41.50853931677943,227.06568707781116,0.26564230549643914,100.0,High
195.13137881096546,55.01319432792094,41.08411835974223,11.23629025539149,1742.2175467729567,0.789303282811837,60.36214781526651,Moderate
68.70150888703402,340.69974718548065,42.33043766194157,44.63389598650433,1358.3679394425585,0.4172210796886804,76.54934073890315,High
205.6535796284196,372.160825063836,94.45378044499186,32.51678359949831,978.9441167508613,0.7371099866502941,100.0,High
105.93456341219071,582.7548002763037,21.971552370905812,54.175474485838755,883.6737064733755,0.27389307016246783,99.56470936376958,High
166.8874748228676,463.68718432126667,75.73511902985575,55.59290137717985,1571.0399502967725,0.053339923208885136,100.0,High
23.883828458667043,537.097746383403,78.02611125887026,8.0336124830982,2232.938667878449,0.4711403139675027,68.79415622356302,Moderate
155.96483116914325,623.8689356648873,86.91028619283195,50.13528581949633,1265.6310189477324,0.13519401814645163,100.0,High
112.94191968430728,691.1403491899691,97.95514485107803,7.073356473246884,2070.5717519884543,0.6912195621961732,98.21077508529078,High
146.65211579386852,257.96164241075167,98.0481535325322,25.194329413226246,1035.2831355177204,0.2846638656589988,93.58439029337953,High
42.00355193621586,435.03793723748333,25.22214060531711,34.826498659159355,300.8664338432825,0.4270987996129569,59.36347774644838,Moderate
184.21843623604553,673.685381966968,85.7471458202322,13.14554392449201,200.68905432366444,0.12397853032782111,100.0,High
215.69926938580713,791.6663934623946,71.7047946925905,46.047259691299224,175.76920974301004,0.29366036118016475,100.0,High
54.18495002269391,712.7202557245729,71.7873707498473,5.459508729467622,981.3678477962914,0.7142667067697862,71.8188347647005,High
23.92863888004043,303.45913747325767,30.267994129175584,14.272947663872026,876.2324895478131,0.17884972511697156,42.99153041790742,Moderate
5.909646511584099,164.18154860273384,72.01497331565227,36.94382564194116,1808.9457078752953,0.6000856269579138,55.012181064804,Moderate
160.4928751108165,396.6201045512051,98.59860644809983,44.29131591205108,1869.9126788829212,0.8298119748838261,100.0,High
151.77350902219519,595.8967469504734,92.94548556315576,55.415370648165386,174.5922236426626,0.6278612457940623,100.0,High
136.6743531785175,399.1295658951051,55.13045286438804,43.80231585640431,591.7519940780867,0.7393684358983929,88.67690094317872,High
57.98677402899386,391.7128820177981,23.195837862887547,41.94785986401763,721.9415328893043,0.14262588490832842,71.52716521402087,High
97.72649897637866,672.2020326546225,48.98347920001639,26.688763049286536,1391.6493611498831,0.2631220521017463,96.0967413440398,High
148.61908379654326,295.50898546307724,86.11122492804442,5.070643403974078,404.06229857202817,0.8103580244045024,66.98989030759972,Moderate
124.19171471479234,689.2377931012,76.11992811721328,11.608759230459206,378.1559875300009,0.6578397715753759,89.10778080758203,High
246.94638005372184,331.3757927518616,56.747492447516514,34.400499961582156,2362.2827785594973,0.5936207524207145,100.0,High
34.109938139183285,269.30415348588815,24.408122812706488,42.132143721443086,2020.2971228795634,0.614201725703445,57.41662041425938,Moderate
173.78613851189846,368.6520298477622,54.15157822586421,27.959655614305436,492.6045101233672,0.4020704711589469,89.99707595029699,High
101.07969202607303,612.3330973531461,57.52199517743068,45.18734563406146,1046.0911293684528,0.08787313687500524,100.0,High
107.04990373140369,109.54160201255549,94.28444263153088,33.702426243269834,921.2738981810356,0.7167753107601197,72.01979868646981,High
179.39944141454407,165.17118053889374,71.28688828657275,9.079690757687171,1987.959981460248,0.6269062507830508,75.32150081520813,High
173.10903783109242,761.6414122738427,44.93223333237191,15.560893803237185,1300.021645371399,0.45188379449581595,100.0,High
247.81399842554708,148.6383856312723,62.02546115605771,51.19990227841686,363.2318556339942,0.8147956730630188,100.0,High
32.09857236353131,458.5045811655331,25.284424625772807,44.87020106434417,1860.5305547327976,0.33573571523733403,74.58232876885641,High
26.027412346041583,467.65842866293093,97.80545885197894,54.21190928568723,1022.3755466510514,0.3001734825965505,98.07367017371274,High
181.0847042821853,396.8033250196934,48.804792154458084,11.46564870165151,694.1644066987603,0.7918768763175265,74.95798200545158,High
144.59672925160228,519.3487463756867,58.22938839305087,59.46223940382907,969.9716239507644,0.7274395065451377,100.0,High
68.54016663995147,191.56311338011855,48.42271793895381,16.517369267246348,1269.5035808368962,0.487732839051093,49.404055670257506,Moderate
19.85484224724665,446.60319154363106,74.60093840929602,5.6478931957653105,890.6330152216731,0.16112452853917247,58.76859244945164,Moderate
21.414562399107634,304.01687164504875,72.97857266636744,59.85826164794548,642.6691428498067,0.23281075074529456,82.77641009841513,High
223.54771866602957,532.7171351070593,77.22578484233085,20.45906369948122,1026.3299705697518,0.6077937918474857,100.0,High
47.96683117968573,121.56659926478808,41.451458368953666,41.74106988819079,96.9736313372507,0.3772850521643499,51.10756897115621,Moderate
80.84289052888019,460.99315930318625,45.25347849312528,14.717527279696785,1942.619722935969,0.7610022129160756,64.60252053647581,Moderate
56.664100556747,156.36358075282573,30.020098487696636,36.912569270952794,468.8149892405852,0.8574617579323736,41.75687984350239,Moderate
88.74907645798433,230.12801986087874,72.440797747689,54.72192425500076,157.56630339506125,0.7347913864836806,78.19555466273552,High
17.355960686523343,182.78074225563074,23.183770186852204,22.609964208564122,1651.561797617444,0.37091360954622354,38.01812769425051,Low
129.76494772706758,154.4418460963655,67.81458684187672,41.863968682439754,1946.143515617997,0.7203834648467105,82.13457017273484,High
16.903140898053724,662.3116517329269,89.57567078813071,15.334697383912909,2043.8813724024658,0.3487254224500809,84.23999389544092,High
200.0891269555904,235.70897845210337,91.26657186317068,39.36374692952989,1259.09749751847,0.19203507460078884,100.0,High
58.42802047760826,742.427787672915,55.923020829596936,23.50476934996306,553.152052490464,0.07838422413597879,90.80968231980847,High
135.00297865112765,776.2419550227008,56.7442950570459,16.616454222337342,1856.2078092620754,0.377859205846867,100.0,High
220.01977189036455,461.29577125030687,26.157534640641387,22.22501278869993,1764.2970390281262,0.8180254081426896,92.4726426443182,High
162.71934226179854,122.97088690592386,73.66120203544286,14.836258767928964,653.3632985527744,0.25313859959232504,73.62875902183981,High
133.23944663783382,305.8931122698692,85.70075362982764,54.60538593108355,2263.3490018638427,0.2255361901903164,100.0,High
81.0834382788439,640.2084880450891,39.57240436837704,26.845278747442087,305.71007230293105,0.8743476674548843,71.36231054772821,High
83.25047826454949,300.23867567068567,53.70407053066917,18.4903617735902,2457.586186998748,0.0712534959230033,75.46475007885608,High
167.37173879954753,78.7436024592031,87.10714694122163,29.66243125587631,2157.6071368947883,0.7179148278346912,84.82469186558822,High
248.53484030529188,449.86007963326847,90.16963741298304,22.629489174357253,1735.3516814237341,0.3231644623797398,100.0,High
165.45979746234465,677.6454726818674,39.45439842113807,45.94305895973293,2349.9372262855904,0.08186476333921044,100.0,High
139.44585434250624,638.7818458433669,64.04565076330914,58.41709515370219,1819.662362393084,0.8301321591781461,100.0,High
182.6626275598115,148.34728070297905,35.39945205086617,29.091851118370574,516.6196427236125,0.16869598067814606,78.16272430894942,High
116.30140307092954,541.4840453858487,28.150301131164525,52.35683699847322,1133.2825383763889,0.5190123911668411,96.87657543799118,High
15.035585650196303,184.1983681141612,92.8896401113566,36.12246904577907,225.18240961250663,0.2829460763151156,61.73911051744669,Moderate
140.57420396947745,182.38395229621605,85.64060033856873,13.647961580182841,1004.6606846058827,0.10541388185698738,79.55857068935111,High
239.40632112634506,700.5167009110962,80.80279214425391,42.98425081447378,1866.9273983561611,0.09243411281387223,100.0,High
43.82573558941491,207.23847266478182,23.901305505051234,33.23889734192011,996.7862097805026,0.14822319401088796,53.16755867002816,Moderate
172.50122270516644,217.96540374922884,87.49830341682059,40.78335877886569,859.2207298969286,0.11066196180597304,100.0,High
50.23342216476412,10.516178701426648,55.0435260724307,53.932807691441575,1508.6215201502641,0.6964743981919345,58.25827485279645,Moderate
133.95692111827032,697.8285369591589,47.39160986366877,29.223901386082535,2186.901096047293,0.4627312719409148,100.0,High
24.169112411679905,636.1499024352164,63.718108882030116,54.56476927695456,166.57882173797543,0.3414582776466327,92.75537668236254,High
112.59273406454628,505.5898587216356,27.308259417884464,46.286795785491016,994.4025650143518,0.40561357361220607,91.05565660348486,High
189.04083222381152,602.7099535116854,80.53172394819191,31.873270923289162,437.68981744739364,0.8396047252367298,100.0,High
86.89288105974552,130.11836826534852,66.59480615106366,38.177217461188,1753.6179142930805,0.8241390408274252,65.65075596072799,Moderate
166.22793112180452,372.0756397241846,34.9272077498534,22.90696228854563,309.02517305628044,0.6583250081041904,73.95764676216474,High
198.8624901974323,287.4633160055369,35.058575981523646,59.09785148563258,1678.779008521599,0.8019800208084347,100.0,High
231.79445486986316,84.08345574304303,34.73989212581394,41.70431396777178,751.1431334548729,0.32170082344948103,91.53465997793202,High
58.660520463863385,394.04308331979,24.560191004154717,7.411576887314644,537.3461936562005,0.3739429271070404,44.68924005959256,Moderate
99.82897895232703,737.3843237706819,67.02387594973479,22.96420481614048,2344.063766671214,0.5716553545760938,100.0,High
38.10400333260436,41.64670405004864,87.22785420708065,39.28229385674816,95.38521302759187,0.5800820552026745,52.6189793166762,Moderate
248.1208755395938,240.25412166009716,21.399857118991086,8.098330278958189,1122.5543161294438,0.4594448623104898,78.028475794395,High
231.75024198107383,173.95733960250573,23.920371597701884,6.313630522552852,102.98613153139476,0.39055917117226024,66.18733050751278,Moderate
134.9892825701399,198.13585639590008,65.82162213495566,29.751333174029142,1234.802967855606,0.8882532648673909,70.8561028244554,High
210.50832359410532,727.6632959847065,85.55965483088418,23.29795988309685,1277.5660755963247,0.7479550822000658,100.0,High
130.23949431801054,379.7745528450892,46.13911124549069,29.106423441824123,838.0730549171302,0.4197331682048384,80.83523877839912,High
155.89642200068994,378.3765362224569,47.969151904617775,19.448132043400285,373.796354936308,0.6681986056536332,73.87324328601088,High
22.281108029004155,610.8547575396731,67.70771979974208,14.05947608186395,972.1494674494645,0.27912743926459055,70.8405580423802,High
188.81760512420198,132.04884116389138,41.93703112993176,42.902884633918575,1697.0442028347868,0.13514392730173042,95.9834182709273,High
31.928370908808706,394.93962973904013,22.12866928621473,33.30141139472903,1966.869731178925,0.3495663717198295,62.54729154165631,Moderate
206.5169075631321,349.6883191556372,78.81828144812769,16.008481618715177,1350.3389758509486,0.39252688010488507,100.0,High
195.50702191759646,481.55944553185833,70.05199303531626,22.57741844429991,1495.0942663774013,0.06405655587657018,100.0,High
177.1861744357441,799.6505855678465,66.46047992445273,37.54943492148293,541.5101092553991,0.7425732013905116,100.0,High
9.04009513119053,617.8646263248172,79.33473031934585,8.972614154986282,753.9593164077412,0.3553143920308043,66.06745433038002,Moderate
75.78208898633216,324.31390538376746,74.018467004963,13.109915509639874,446.6442446282781,0.543355440913125,59.31070236947907,Moderate
65.77814247771072,663.7669112964971,36.47055905426569,9.028508225906457,660.7736075112978,0.11286870918031257,72.37913535831595,High
90.03410186787977,144.85960701685934,48.19848375546809,49.677453299276536,600.9726115525528,0.19874730443799637,74.67638018099412,High
21.910686690959636,34.0663121840785,30.08881133429,46.38250782666051,1322.649526658532,0.806239666528426,38.14053692645315,Low
234.23945575776568,171.5142142467757,30.38856107343048,46.43221125335914,1428.587451687287,0.5673843987003807,98.05105684005716,High
138.45056017809407,278.9251293302651,74.09565970852313,44.397893891181546,2365.121181012686,0.8577414426449127,94.66821987827655,High
76.38107766450588,413.3587983930523,88.68800855859986,41.8161983018428,529.1480853987315,0.8989375292326194,81.85716135435872,High
99.24537926857086,495.95202102754786,97.01860670889113,31.234555345799624,1622.105489895665,0.3660810980331302,100.0,High
111.80063512620892,729.3785165993932,70.26776940395555,40.32529899289133,2052.285209019431,0.3039826044707834,100.0,High
150.14858334015432,412.7846675448616,34.728105868876554,7.109885513338606,1422.5915862684787,0.7796026468852323,65.91973601926692,Moderate
128.91985692412445,406.00775925432623,28.452027635914455,39.18054324612315,674.7589486276355,0.898819712981836,73.92083538878646,High
229.84799330360434,49.691977760155886,85.02807772294062,47.78327380452824,693.2480635490006,0.5851950490975888,100.0,High
124.24087072645756,37.58012659841681,66.30051810879993,32.51970982114146,146.1699800239498,0.725869614134794,58.280962817801054,Moderate
248.03950370582817,445.4163699139339,69.46280168109759,24.66323306349803,798.3383550437801,0.7144839799929833,100.0,High
212.85623943627394,356.16110446619217,82.51696710037675,20.258470414053853,1874.2790135582811,0.3520387519866149,100.0,High
52.12762858933395,672.9525120344359,76.26217821859612,40.35411275891454,166.41850515742044,0.5381298232185241,92.09981147844658,High
232.64880366097907,136.93687192235768,86.75666022848773,43.10406592464498,587.2734421368351,0.7580984000745816,100.0,High
29.091599471369022,29.727613072469182,24.497112436790278,52.90321799243984,1780.2696214028658,0.6348967948218972,47.3932398943925,Moderate
204.3624271227979,364.74062666479944,79.80165093972039,23.82837453535449,1967.4963289160478,0.06798924188473252,100.0,High
95.15582336914503,197.6080598342834,88.06822058576763,47.33747690620721,1165.5301046517245,0.3361998185629035,89.75664468516025,High
219.4935801112674,49.195354937681586,42.89080339666515,35.87457033041359,1760.2821292726896,0.17280434210541457,93.1169531429741,High
217.01417252686258,582.4326466096269,71.23578191946024,53.55600698729435,1000.4828132044854,0.24802638026633322,100.0,High
201.4813500294053,98.15846996622551,45.13296510695777,34.02966595625914,441.7874503091124,0.8196660558676269,73.32952585402674,High
197.50760907676533,490.5724050061396,96.63768531859633,33.4696405618882,1025.466259131121,0.08135929557415293,100.0,High
76.16978477451019,232.02930263184243,22.673885794840302,36.78323947925,1470.9211594977,0.23683060516763516,64.48203711273845,Moderate
20.229820762813045,147.0618797804674,66.3834275066364,46.212344532833896,2372.7305405395814,0.3131339494024967,69.45456716643282,Moderate
100.74504469129036,310.0037031062608,33.32028376396121,58.05797633556535,218.43983261725944,0.5743514611714357,79.25177462776581,High
43.38112874662717,643.1421632161334,76.9776164141727,9.04598448186711,1293.1155299201534,0.5039864365729857,74.49937474597843,High
173.73777222561543,319.75392575461245,34.07122267349297,7.938903131505944,855.8534566162747,0.2355290604253782,72.82894346786345,High
86.52493163444639,603.108022876734,38.83066095186861,56.56526855740362,1295.3636509779017,0.1896049071396813,100.0,High
243.90255021497873,109.13417447132905,59.54966488366065,34.143159403501336,108.73984607250262,0.251278329406701,96.285253893991,High
160.243019336333,620.4894215354125,93.18679599975025,38.819665801181486,816.9121190188743,0.4771501826964072,100.0,High
205.62014090859023,197.17732667625242,36.93714977183767,31.533298087710087,2058.6769614411623,0.2805011178545229,93.88922397485224,High
33.13116818546211,545.1405726122096,31.539201689448284,10.151159893411098,1407.1572479438619,0.8554621263665639,47.6947737602071,Moderate
215.50362056815564,456.96742832438713,80.71814654832245,47.24491581302666,1153.9271073994876,0.44428543821452043,100.0,High
230.68929762834858,744.024326597233,60.04956258671448,46.09735547987228,749.5364257025819,0.0999766140629415,100.0,High
121.76547970473398,315.9847892004981,92.9428089905417,22.14368268210466,780.2041808388219,0.6698764449611384,79.86697422249551,High
151.56323443774437,62.27049917920795,31.729164572787383,21.84315848756202,988.598512296932,0.32951849497764113,59.80860356769489,Moderate
191.20245022574886,25.132833585489795,71.67423144184315,51.08127594980352,2097.148239413173,0.6054655922495105,97.86496840129405,High
43.70965681510314,663.218263168475,38.630331692145205,8.979649175772964,2419.6723566802575,0.2876552149447472,73.75565967572301,High
125.6415191158606,424.5411537525314,32.540834292131144,53.46078315961112,1124.7056843084176,0.5351321804733219,93.61651194505008,High
99.66575694307828,622.4428009496099,74.67435321258165,19.116392944275294,1013.7144549320165,0.706329629086345,86.45563491311312,High
36.59349804056228,195.1962240090966,67.49476959269866,37.61416112655217,2124.049400758664,0.8388074305083709,59.981691874180655,Moderate
91.88360557288286,282.61615895545464,80.3861966689865,56.47967984509778,1095.9180355589438,0.2719580727681155,98.58335853133966,High
17.04307734637339,33.78205904694196,44.75700611569459,42.296737584515554,1402.4445221243454,0.334628408349134,47.68529308399947,Moderate
6.452976737371746,769.5789364135486,55.837732510575194,27.793639685687012,615.8070782669239,0.4446264572430487,77.48733577686355,High
33.79157228870569,537.6156462936426,52.43773410643348,42.92438148979783,1871.5812126587343,0.8380986120755906,77.59538392736548,High
240.77877789729345,747.2320193298519,98.72715711732114,23.91887999740036,1353.3713797634155,0.8161788282890585,100.0,High
137.38238397375423,219.74216186896714,43.37991653915103,20.249212899205236,2032.1346480888371,0.12639653808554233,77.4701530874971,High
241.45554028830497,493.05625286827205,43.58537906774135,59.817580286407384,1962.7951885702407,0.16214035189073922,100.0,High
108.124469582533,546.0149749511838,48.36385670628859,46.29346271488832,576.76168226157,0.4711828007310425,95.55070757994136,High
77.9540332713149,260.86426320349483,65.16752650322573,40.45959875599997,1803.307098866518,0.14062638188460996,85.13600087467627,High
126.53546571006102,680.0062956623477,40.18581954109962,24.540930377062534,2010.13329948086,0.3437437423463928,100.0,High
109.87792215822753,758.2575556911958,93.22319523034191,7.703845603527649,897.9627399168679,0.17612757148485603,100.0,High
26.41617106543598,709.0355429798434,41.25484518930108,6.708128181933558,472.89232661057264,0.590634301862103,56.82347128776867,Moderate
160.20657867255156,593.8629109921043,91.66525852481557,35.47996904968393,56.448781169991044,0.8570711169782875,100.0,High
54.0095456273999,229.19709698271367,28.278005091726772,46.91179965714781,1154.713950078213,0.8972237047502243,54.23354022654194,Moderate
154.8969887244574,232.47667326344907,72.52501619197218,34.55585547441203,913.4601922701619,0.3689549626223776,90.17086046529505,High
162.55027309953834,771.05465315237,92.5588414750595,51.2431789566513,1409.5290928722518,0.5591607415474205,100.0,High
38.00621328216203,18.1247517891967,33.499955071858366,6.83845932012719,510.7006768425251,0.7778275054954691,12.496445394361812,Low
15.33740677766704,575.6794788612941,97.4661568079404,25.171364203426705,2156.180591782864,0.14984276187692638,91.59996524250353,High
195.19039651710995,567.9344684186572,56.230668833240934,18.038871514579792,681.5002782888687,0.6361297493941702,97.56958837568202,High
114.95010594233004,501.92473735033997,95.65720867528196,29.600013248641712,604.7525324647424,0.397517112466308,99.21013340046487,High
14.540948876368947,792.185988408624,74.14560349040376,8.980701625676737,1227.749438386672,0.22522423623813947,80.89601610077646,High
248.7165792924418,256.384754253343,44.12694958988412,57.47724028640899,1272.185008173472,0.3923405759353257,100.0,High
14.44514024909166,278.57777239666603,35.06420199336851,17.27904705881485,576.9588105234775,0.11456624392017933,42.4658400468945,Moderate
173.7588072146383,72.36212832777889,44.29880369800795,55.726927651597165,716.0587804784936,0.6410960763009099,84.1213738988038,High
245.9197313158534,359.8105278695526,27.441392741014,28.4241235270175,465.7778359303501,0.2648312684361851,99.9609970243269,High
59.7950260539814,216.22833572553,31.50943730746638,59.20382732903699,1810.2274368917585,0.3146947982881463,77.45055564679382,High
35.562342171799045,281.27549472033894,28.37283522771849,35.473211090311594,1936.7181265725008,0.15291910350524335,63.20072950780233,Moderate
30.346234855607225,669.3117143019458,53.83548349932462,56.19580752966941,1182.7048187752423,0.784960246806408,91.29703412179369,High
75.81878689189888,749.0327656867216,83.64627010060691,5.294194378182256,1799.5132055782929,0.4694276373903278,90.70507498828715,High
25.261452752661672,156.72912688409664,31.310684337307215,46.1531343399495,1853.0417102467416,0.5363248461184402,53.9653711618925,Moderate
173.04033542353298,304.28205592723805,30.425634653786872,54.66778592063835,388.7750428106311,0.5340177806306264,93.31910355606439,High
15.572949532515674,743.6181440711613,71.47431596138645,12.684631183842473,2417.136160844615,0.39891914736014045,82.63557875107722,High
127.35553203744743,58.82868394448588,35.7746385574453,10.286921845268331,2061.528270386256,0.21365042812241852,55.42876249729334,Moderate
249.1742134632442,82.96481720798903,27.808803048719327,28.351493395227557,550.9844799297675,0.68336283622364,77.02171896353009,High
203.4925673765047,138.6048814729212,33.34788625644621,56.35233983731143,506.1043375778721,0.1579978255540232,99.40460531030955,High
153.80485955775274,480.21813896023104,93.89851167014208,34.831260810474134,357.8698066699777,0.13829272173698892,100.0,High
76.56340519665292,128.873094094738,85.71770022209526,34.01010550469527,389.02747822770004,0.6536232819570279,62.578131749540425,Moderate
155.97395907290962,774.7803413460795,48.32516498840753,12.761936506462703,1882.9964076203057,0.22751146738418626,100.0,High
131.7603659779129,362.9044765342311,72.46566138619143,5.0434231101270335,1200.6529295314776,0.31075683864990744,76.18911409659376,High
106.52084597259287,406.1991886766314,62.982053893443045,49.55770499100037,1968.1887232126746,0.4539433469514792,100.0,High
32.67759418504987,204.86030648627113,74.16994107860512,9.816600964243102,1878.3244911580032,0.43194861922011424,49.72900937005475,Moderate
221.65105381011668,382.0585994234395,74.61369219702075,39.86174003044282,1531.3011480877929,0.6522922563052493,100.0,High
112.44616220533062,532.9117697832392,70.29872120479943,55.30390499833553,1731.598186117765,0.5799170244268569,100.0,High
48.655627955191264,603.4299381936938,41.28810948298469,16.475855223713708,94.97152472889738,0.5977367379395858,59.72136952280496,Moderate
91.9398377193224,605.5557853408313,23.12051366102545,41.5900059930301,813.8552346723038,0.6569461810571388,82.77401432681103,High
103.53243813223176,466.5339790283298,56.445342559208704,9.32842171891302,1612.664339185555,0.2987208183099455,76.45259898219561,High
206.88447389171859,724.4442222451472,91.2779107752563,38.20653291106871,72.89513604129829,0.32398331503040256,100.0,High
183.40359514035052,655.7521993718265,65.55978068148607,14.01624465242615,130.79351202235387,0.42229808571122096,100.0,High
192.32622341033496,608.0680106119141,86.59128333615263,45.477445828334794,2137.125557052439,0.31134284707849713,100.0,High
2.7578161071618035,53.928362127563894,99.32994743689825,21.56772121366495,1725.8609111455758,0.887197188625234,40.320179451654795,Moderate
104.03849954494038,15.433590153522958,33.0892963310621,30.48650548425554,700.1558461448427,0.7419441374582152,43.70328752965933,Moderate
120.3360379088309,177.83334898442365,75.34221113135858,37.968679811519195,1735.508958290837,0.18995648501762513,89.68456255704018,High
4.798069205764172,534.1836391916273,73.94348589600197,14.420037586643177,1991.5188393911951,0.05475503249958909,73.63466738884779,High
64.95330218625855,334.8460162172112,98.39643578866227,45.790080023969146,801.6459936197481,0.08636577801017768,96.11661617010373,High
190.07245578053374,327.90094484645624,98.84805871622403,21.6452187350248,138.29157487300927,0.2574539333864865,100.0,High
34.27742643224976,708.8236417013949,74.93428893793036,41.43045229520144,2335.3088554849496,0.14714759296132807,100.0,High
133.82753286314792,717.4946500241526,39.489183358575545,13.705567788465551,895.6906038242947,0.5033373976586862,88.6654901626821,High
53.80046800430938,728.2484586023327,83.88446705044792,42.84647125634926,310.88032004753063,0.7792959393182548,96.07363160135847,High
3.0301936609733184,257.96368044687154,28.562330736883048,12.050344004575397,1255.0493349132112,0.6762376877762433,26.648854550859017,Low
60.30036439988537,555.9340920640168,82.45594433373029,28.3946072948491,1932.7460993771278,0.23326770361986182,95.2803155653149,High
243.96843872751344,224.59021320675203,92.81568993157572,18.596334055638224,593.03592081302,0.389404367621918,100.0,High
200.3842779707474,160.58176812881533,50.626671581474824,46.16063871855004,710.2506228267403,0.48171007810158595,93.79233559109848,High
239.89416108025836,155.85964130442167,70.45082359864644,19.411925247878102,644.6517176565287,0.7386749720778352,85.80840149751846,High
121.96351098159062,280.26502048223927,54.411418567746104,53.494451851746796,2479.5989794376114,0.7632533626402401,93.40212728850727,High
27.434049669375877,349.66651962605914,55.021204399050276,54.050111627363705,533.6391476398292,0.8232605651216096,66.5039215483379,Moderate
136.98987224342324,666.449845133504,44.82967112864961,15.804272337253222,1460.0245315670038,0.4828584629274439,92.45511128451385,High
113.59433363999023,104.71396384344256,80.97036963602596,38.761526975424836,2316.8983720595625,0.6401335344704835,80.82178289606745,High
211.089270684904,590.5914194419664,94.89412513332041,9.824470294598038,409.89659375055913,0.1450303155488466,100.0,High
24.520645196061146,429.8493822095512,95.26006873875689,26.534540478089607,2428.5927847758653,0.5304956159608848,79.60501964467524,High
122.06028425544454,237.47682071403406,33.982502789994705,44.23269512256997,2371.3192242692803,0.26138803805046484,87.19948588214676,High
37.51216617349606,399.32747178093143,89.97949197252528,41.268278576745395,2217.201368292743,0.41695935227261943,89.61129203222366,High
81.168981722515,246.9542351238479,78.99451531416977,39.35853681736344,575.6634772585055,0.5889429320607115,74.23317822112107,High
184.33926934694992,480.9047446382617,40.22699205522314,20.539747501434398,1603.4348872269093,0.26843804717571396,98.01314701409568,High
119.00453234219164,352.73669905564293,25.382769033721164,25.79137221889211,1914.1841087550383,0.09435729912724691,79.5969108705017,High
93.97207128644233,139.8803679723142,41.43978135075024,10.66203795851574,2465.7684240812528,0.05869877794744389,59.701200956968734,Moderate
98.61906964250883,102.10062889900041,92.97665894252205,44.546255123848056,492.0383640993575,0.06883560521284332,85.89144749521543,High
114.86169210149666,441.8895888369828,70.65429399166177,32.71388382352004,1926.7634538222762,0.05709727688670421,100.0,High
196.25413595926423,722.9062962960218,77.68437287182975,43.982109779011004,880.0628663214268,0.14380179807419416,100.0,High
223.0211722350586,281.7265723805716,40.57218808872767,18.691893863828,480.2848406416057,0.2535654073846104,88.1268865429387,High
238.83367162598208,589.0700847058723,77.55105244598562,22.84410257492864,1082.3735059739447,0.23803828705495428,100.0,High
196.72584656382378,530.3424704024159,22.2497205022339,23.381843549306307,1994.89798476411,0.8887771050529123,90.9498509587736,High
78.85172393700319,745.92838230449,50.0257076618411,6.415832536096891,1188.8820190749277,0.31010518942760174,81.64360233710322,High
172.03367652163553,658.5750036663213,70.1402678833865,23.757633005684294,1366.9315954974688,0.15830766585548922,100.0,High
109.40078101384798,457.61815453531574,31.687725243305618,49.18175154349184,2488.140554990297,0.5137281625425942,96.19331302061167,High
63.66765551151279,529.0540936049448,85.84028595575478,54.35141726623562,1027.8177839156938,0.7792638370878822,97.94297669060569,High
210.21789485648065,719.7253086013875,38.80250390495349,33.502007359976005,1557.7318490376376,0.6263513202695239,100.0,High
9.606587240581248,325.6198398236785,72.1824890254757,30.052593237057113,944.8482939576611,0.30166977576513276,62.13375740009434,Moderate
225.44049803385587,268.1678176276441,52.41577140602637,6.695354028465363,1012.3248335053271,0.5273737358227367,81.33258708813472,High
115.36936615618355,18.540756071805106,67.68348763821177,53.356238567196044,1754.31984594125,0.6576275780703478,78.41461010324964,High
159.3003692020701,662.9753486112568,28.596044210312648,5.715561738422999,2347.8230914324645,0.668888818512581,86.81764725813544,High
164.83848055144568,642.7747533186582,21.353023993728584,56.96125441156165,1378.7794287061874,0.6165576870030356,100.0,High
223.77943517663408,92.5190692991196,92.7651541904241,31.906893677844987,1932.5798259245107,0.7901888610592753,98.79114667508875,High
159.16742054180182,465.7173310948332,41.57040070137462,23.806397146609964,268.5560691015613,0.7895896395924887,78.03531757343825,High
153.48339619001544,376.54554155184104,85.57416022243673,55.832013916346305,567.3371917082211,0.5420960754959528,100.0,High
16.663010140172492,103.78018545219805,99.94802403777601,6.3415046210553205,1280.2225202528546,0.4153779137445304,42.92336872685132,Moderate
129.602005486301,784.6488993779716,36.914500639912895,36.978369217799795,99.02872289049824,0.5953347512303349,100.0,High
37.54225020426041,179.6097510960508,41.213659294668446,35.19128884746357,669.4946979682691,0.7454802011648937,44.203145518825465,Moderate
184.35844218037138,63.115002271543304,73.02878301077325,17.062622066626012,1317.6331600711671,0.05480428911500702,82.9467852587989,High
128.05548020316863,479.92942980650855,97.2358907680497,28.588808724261582,86.65493572793675,0.8931974576626235,89.077184774985,High
170.05694480208834,593.7046749350958,93.26514785525951,40.87452032690736,698.1384012538022,0.20545970647981937,100.0,High
10.418225150596067,35.6303223772777,60.23004160524679,44.99221582850601,1309.3755077158803,0.4497116378109797,50.19584970385251,Moderate
21.198004011450806,530.3869345943475,83.60882260213798,5.0394272288618875,1454.2156575540519,0.7912252746164368,57.874074782256045,Moderate
179.08084701567057,430.510582001649,30.859668247992083,56.52693865500584,2318.091647985498,0.24128433918756947,100.0,High
18.021083999668342,91.57935701128825,98.19505473632098,14.048895481604681,1631.0967769639892,0.4552759403153257,48.010215343687754,Moderate
17.81418194131465,146.29386278762604,97.14825872287892,17.846923882229756,1066.1027161984848,0.16269485315400228,55.84373615888019,Moderate
3.0271188087218626,458.6996948797036,33.09831663033368,19.491039513161653,2329.3603839760162,0.38581487657996366,55.48875264479694,Moderate
239.12534957487003,244.12251467549783,43.95384998424853,7.080107510361942,1972.963309300096,0.20056513657405212,91.29779675217864,High
184.37708986475172,751.2694256345397,28.012399800541353,11.767866797467871,540.0218567262316,0.35908358645548344,97.92856339426675,High
88.31285212551605,656.8047812924001,41.737407911854376,59.24924576192891,370.5637853046084,0.3674445842738137,100.0,High
74.13389532191381,787.0180931457938,85.27646315321653,22.336920555750734,1705.7385075696957,0.8941951711585828,96.0656593237656,High
87.42580743646239,215.13996277082705,50.26524857322076,11.341559968647713,1421.7137556636103,0.8955910749082064,45.58159338382893,Moderate
193.66338279529546,776.0816699104018,27.07175737174067,10.884519364604284,1984.7003537922515,0.14756833686152054,100.0,High
165.3426527676036,350.6747571353307,47.37804198231237,44.570298221848454,1860.0723726927818,0.6670734624290952,97.89301501562802,High
46.29889196686698,284.5398482978662,98.51066673930241,52.00127652179525,1581.768257950912,0.09398365771873599,96.82931234235765,High
43.527333833521084,49.77612630578906,70.37468762073624,19.132376472965845,2466.6363204907857,0.07566321303661033,57.08227578316559,Moderate
24.59891242834933,51.68455370908607,53.29287571249262,6.150023178437923,1357.2948387705012,0.13953381010821966,32.77307734841901,Low
165.07567992533453,556.6888921978572,33.3230810797816,17.26995101449457,327.1091034292136,0.8706628084567439,76.90399056372564,High
191.09316555543398,371.76390560288206,98.89414378269558,8.108362993821654,2079.2702337991714,0.8497340157104928,94.38614872536814,High
66.261607081251,188.9520845685235,85.6679207410503,10.686721514652284,667.040737746987,0.21483864723857837,58.02953187726623,Moderate
5.236240257728203,495.0365419969338,42.51818419607355,28.73294659162033,1954.3902629525999,0.18742148522065477,68.68440050068271,Moderate
20.542916869106836,209.75791341758782,25.60549565769516,17.645510397389792,2394.9123852001258,0.254454823538555,43.65052207417732,Moderate
241.9650087112576,466.32908593209385,24.530044590204643,33.37702331889829,1757.149009212636,0.4882149449638708,100.0,High
73.86119436935506,293.7749101163254,29.630251960442706,18.94215642914547,1510.2738943270126,0.5342489372300984,53.01232323680829,Moderate
192.3057869595334,660.6062590233371,66.46148668915373,56.729551560662124,1177.9461304038493,0.23835441587353023,100.0,High
156.16589221356594,658.3499670057556,94.30107369643939,54.82691823594455,942.8041716887379,0.6931293698764535,100.0,High
95.48490991322397,387.10681451669706,59.739474240478756,36.17433577557563,914.8616398809988,0.3131201939922531,84.60639428572331,High
51.42181554888878,287.14709637466234,87.43563859649578,24.49331955930624,1609.113128988497,0.8338116266999989,63.72993086007557,Moderate
30.346604539851608,296.4222392816847,55.670929588784624,25.963078511910457,1890.6191364974775,0.608214300488221,56.54410553874503,Moderate
153.75324200971664,646.5144752778921,76.68668366142602,27.651875572947333,1712.366820236815,0.4208985151580699,100.0,High
193.65844515944698,269.26179141011346,78.54981898292007,45.01686271742192,536.1047479242286,0.7214252014474186,100.0,High
160.97606338528266,175.15690522840836,33.91709647226709,29.840144753536084,1260.2685913515534,0.745227432139665,68.38262046818906,Moderate
132.57553331228956,76.90379008149239,48.89728471806494,52.120147057824354,1989.5181768485043,0.2969093647676021,86.93134805502424,High
10.487805857909066,378.68756549868266,70.9841725230419,56.92521322617005,1215.4749915631878,0.33875736226067166,83.3049540097079,High
242.12219439859595,390.8843581466751,25.655728654749296,23.47703843584136,1364.72703535196,0.8455618806693129,91.28025916092545,High
199.67854791364365,674.3178812182966,48.923215021036526,35.83819647566241,1939.2833180185144,0.19002988260878112,100.0,High
73.20550917524119,184.77857019239053,62.783957302495395,10.228109525791044,1670.1000003494742,0.08582785441849408,59.48098323482377,Moderate
244.99258233971267,310.98310619803596,99.6979594435711,16.025797627149743,1052.895056161862,0.43594702421811676,100.0,High
150.47039740908053,648.6405337260159,57.96268500979526,27.740617169058805,2243.7611424258366,0.7310284152070846,100.0,High
145.60566455181163,660.6626524916891,85.28454056914589,16.341149374597837,448.28931822552255,0.705917890364134,97.41503917970546,High
187.01829485738304,313.84275002322687,54.56538280532942,53.21082699337946,2489.0152990462957,0.8316010345759077,100.0,High
202.9424470225344,372.7079783964779,83.71125780957671,13.705744083250394,341.18881726678114,0.5032205647136841,93.67990196721959,High
164.11965183287566,249.5958537709335,67.63318412960868,30.06134518542006,86.62742920538531,0.13505497083155332,88.91405190995326,High
32.023936591550004,746.7183539512565,90.92763532019187,38.31345822529316,2230.5463078144735,0.5503856281856137,100.0,High
84.5668764986246,103.72857493584844,52.875404188008794,43.052514948846444,650.1360954965924,0.7116362722002298,59.11641087687997,Moderate
232.02091008151243,747.6620441711613,68.34435358571831,26.068815334957872,1837.7640872444663,0.12932890222935245,100.0,High
56.15390296096298,550.2544969499212,70.40149444950619,52.80044877986007,2036.9876685835698,0.1967587909329513,100.0,High
93.04175595937834,429.94200062251764,53.39063534403786,36.2575533092859,2154.5166580286864,0.06044706198232027,95.53484277712315,High
108.019220736049,35.80065801975174,31.54496349499852,29.172927924615347,2479.4058773772085,0.5546046925297888,56.75230516396526,Moderate
109.85124742361305,385.72099153938655,27.484752552986844,8.698234872862013,770.3972895979978,0.8037242331540188,50.59476261003208,Moderate
153.2348956236314,332.1210029521585,21.333724047970648,30.557920764484077,1790.0961877217849,0.6200638186017846,77.69103512941105,High
235.7689594361769,137.36286146034683,89.88274113961717,50.14047124486516,332.7296527880291,0.8847340744523348,100.0,High
60.17317795812624,528.563586765519,38.917992979095565,38.79975600217235,1046.682763824281,0.10357860462479733,85.21615258773467,High
30.375344075229517,777.2092168209458,36.920539942541446,50.76893495510151,2127.5306486158465,0.8175509223787718,93.31283504964699,High
49.36762246498433,454.12916074097484,78.88283203408524,32.17064188296181,950.7622128448154,0.7419580442786786,74.08295968811366,High
221.73122505231737,574.6550883907172,45.60128904699134,11.5153937801965,1498.1836823122544,0.3171052924245792,100.0,High
161.45270316380152,64.07585752715326,60.483575392946925,5.750191520973459,1284.2449371253535,0.8774975690616641,51.87311169669917,Moderate
71.47669730979003,339.95692669542586,33.0008852237965,21.677075069522516,1632.5812512245104,0.29474708594570276,62.970112081307846,Moderate
203.9867347421543,101.92320327995174,96.77965771695754,43.38947593237859,2433.5912539998526,0.8059090152539857,100.0,High
215.342499090859,494.1087100738432,88.12651200137898,48.464294716793155,186.5520399284352,0.7986362905130611,100.0,High
211.6285846725695,751.4009049891821,89.10316983720026,21.26640590411812,1456.2057178789928,0.6940089741125266,100.0,High
229.73163340988862,532.8044086525945,52.541899885760415,32.26096564857859,2164.4205091631975,0.5289499027409241,100.0,High
63.0602550433404,70.674408168393,80.98889709657382,28.16153974387449,1229.3876437836475,0.15200233717435485,64.12628671190888,Moderate
188.76048218656956,290.1863019382154,31.510092431182414,27.578753139328533,242.39160555685342,0.5021759743220235,78.49049195724436,High
115.134874318535,445.02406975827273,20.689520207342422,17.724179226008275,1423.3214134210887,0.35327681730669436,70.51631345026712,High
210.4996382225154,328.53412734526927,21.59783460624225,12.50041077662021,863.5810325183601,0.723384478182049,71.92356999166027,High
182.1226692904033,668.5787682753861,66.92813899236484,15.817870702716721,429.60737407794295,0.6944098255223182,100.0,High
194.11186162493115,653.5900937208914,56.43159241983526,8.043281293984036,2130.134557544509,0.8240206312667144,99.89592717270023,High
164.04045942026787,493.34650588154494,61.44122791268158,15.897190800296737,1327.9188068282479,0.0626056380669517,99.9679263682851,High
44.35719236742672,305.03177665483713,20.597051233377552,5.50604936939587,2336.5272103287134,0.7377377342995892,36.22189321449565,Low
136.2567297242346,211.71573527296286,53.81492957259405,39.499212034978804,2024.7404362775192,0.8476927451559685,79.363624118804,High
246.16743488112706,93.64071138837215,77.44545289606887,22.40064740632256,1747.780894745485,0.7209053817419276,93.33194264245333,High
234.34701662427972,290.3691699543777,55.41549615739487,58.522959128479975,62.312483245014235,0.16066529088981168,100.0,High
10.793433949252918,336.40628859409844,78.57753650497779,15.654437792696383,1098.1674687637123,0.11908723911475458,59.65484534098051,Moderate
41.20370393235928,543.9001108322182,38.64151715174678,24.020571367027664,533.8413900474791,0.06771845383654569,70.35492283032372,High
32.93219336364048,529.946261195083,85.05136035853803,24.681263725284328,2281.454882069726,0.5844334419538604,81.48756019588126,High
181.49497749632388,65.38543031659299,67.07449923627618,5.46483228343533,477.7307624570827,0.5852217540809043,59.38117386213179,Moderate
204.44633246423626,322.25485919061464,36.8610479543925,51.15643741717024,750.8471265652495,0.8888766570854805,96.37793920633486,High
53.37784157766798,153.6053051017159,38.93763806830663,6.75969530793786,1316.250080949523,0.38833669798848136,36.62572666479645,Low
126.46317323795725,133.8820372002765,70.24243716556296,56.70989091010828,695.2408665452941,0.33212034216287223,91.28701875940122,High
210.1757570028,663.5686982924243,86.39516745699547,54.064089310149136,564.1684593338468,0.5807611881067336,100.0,High
183.20038619156264,43.11302120584345,53.25022256233241,34.453705384727996,1517.7933465017434,0.7517673716314549,75.31799554640985,High
135.55930137296207,341.15447196267587,40.66403433020738,34.897756620121065,267.8773307498085,0.8462578570945516,71.28181194800024,High
147.58692261469324,142.88088805554938,89.36092855284804,40.9577857625886,192.51100886626557,0.7326555412521828,82.24757087189451,High
127.09013672907,704.6708703859945,73.5414633400668,26.287750656418783,962.000973205875,0.412672883523434,100.0,High
74.38711282970515,450.06200548727776,55.84683898264612,40.597225586882054,1815.6279135442626,0.5896771000152545,84.97508524548569,High
141.25549821475403,192.79070273770995,59.03201562234415,7.462261377866778,1409.2765577711725,0.7778544277086995,58.248729443924404,Moderate
172.22132551252267,406.9175568614374,36.34051743491171,7.972619504234961,1086.0473477436083,0.4670182350649785,75.41201144021589,High
218.33072896520193,587.8742241654614,70.14421040518752,30.14767307907494,1436.0913323502268,0.23418364714958378,100.0,High
159.07283849481203,766.9132270463526,48.69940084343109,35.22922656083192,945.3561374005203,0.194264923785692,100.0,High
190.2803842607895,184.15234335388095,99.65161413394794,53.829970218470045,2343.5585218086767,0.05013408289134822,100.0,High
40.01790873864325,710.0835999821827,58.414681220951024,10.756334864934296,184.5169827313971,0.6605022957340917,64.95852154036841,Moderate
115.38936860494748,748.1002501923173,58.87084849516906,50.24563599566392,1699.8091236230962,0.14443262751909192,100.0,High
2.3329049567733238,733.9722301803323,65.26814299285375,16.552603551063825,2233.642528827989,0.25726323474154933,81.42868252614974,High
61.66971613040575,511.97734192090877,93.34048024949973,26.674600668051752,2019.5175364013708,0.3031948817943743,94.26669238273549,High
181.61542877825121,507.55831700341906,84.06544798878002,22.41313391550771,500.9005353125445,0.526322881116253,100.0,High
247.95248783734087,328.53640021522,56.09040558382731,27.008540007596945,775.0195550017065,0.38826368570140385,100.0,High
24.794524896803978,604.3943270199925,77.49594127782368,13.277252393992205,1806.7674498324066,0.6234728932196876,71.40877670914611,High
100.37357896532207,429.72227449723624,66.89883990246094,32.69635409219552,256.46286999287554,0.0972928604293973,88.71884883510562,High
200.01774217478987,545.1760762703526,59.389363896099916,49.0903424407252,2039.061164589831,0.15534831512477354,100.0,High
51.00890865722471,348.4817440405484,35.38526182274804,29.284370570839332,1811.3220142817363,0.4743297780032767,62.29995803224202,Moderate
138.77123732557155,587.8822065940799,57.11490107639128,31.98374667440095,1837.5362906265893,0.3364200696698053,100.0,High
183.2678240074187,661.3324989075937,39.66548696180597,51.68221719047229,295.59135715559887,0.30144135833865576,100.0,High
153.99636256504476,125.68464271622473,93.18737198813237,43.8331963050917,1808.5133347997655,0.10697386718189432,100.0,High
47.00618365385403,668.0144753036401,46.83254507970776,31.97499246858816,1715.5544067889264,0.8113612985358013,79.22900621086113,High
88.84614217143485,436.8342601143427,96.18112116266978,19.17326065040488,2085.7601025135336,0.6380457982062931,86.01713880099474,High
195.9479461213493,677.2860681812772,62.64442320757689,53.670971076473165,151.9100928283503,0.15337543329670197,100.0,High
138.55662853300416,350.72834800940154,70.52355029409283,36.73612209298071,106.62113774609088,0.10528906407656952,95.19960614184252,High
1.3074033857281842,309.4419834525977,63.43523555914622,17.163118556088136,963.8673947024738,0.8786416534165566,38.04453269323157,Low
190.24769000702346,732.8979786886057,30.35044935733607,19.80158639509057,414.53129543042456,0.6289966678735792,98.55525294229889,High
8.827838735059768,208.42372136323704,50.065697520635275,49.17231989149352,1418.0419700470436,0.4048376604296803,61.23239695166971,Moderate
186.43344568280804,676.9277369760531,27.931688982209913,7.428005914810051,2297.504808691535,0.6464713846424172,94.68977192796463,High
50.620140041309355,392.3762522824292,69.83632353467054,59.565070286585104,1009.1253393183385,0.6928820185081352,86.92094905616055,High
239.51837002984504,416.1353996154952,55.74993561603512,12.169342384313548,2120.12842431788,0.7129678720304624,100.0,High
91.98518782552112,253.6899423766924,82.23879772567494,48.78376889683156,50.59014256877286,0.456195709805099,83.88065490121129,High
81.73290408451977,462.70333848902237,37.63763847994959,26.712642422442556,462.8608764750013,0.4154003444061208,69.23504650957307,Moderate
37.222012583111166,266.91684505820695,33.16528467434679,32.071890080810675,124.53767215250977,0.05937387162856529,54.55412609805622,Moderate
76.40105387255372,41.022837250905326,52.50657847710143,53.435781760551784,853.9605922619181,0.8375735478705624,58.94831287414469,Moderate
219.16269045705013,224.87889822204127,94.12683065747049,27.710115427406727,2275.064509456432,0.5628116966306016,100.0,High
249.08358440681184,15.039444291206635,76.83374520099294,34.56215645202789,287.53270281752,0.22268084661147286,98.6456887561681,High
92.07738262671208,782.9002817749167,53.513889983433494,7.711481432504347,1535.703953022311,0.8316629065082212,81.00625845849312,High
112.15265773863564,772.9402957576006,61.38177358034484,5.1291110627099235,1156.1650508426383,0.8276921165047519,83.68082386994844,High
180.51773455068425,322.172685003121,26.73704089416787,18.463993015094925,2349.2471202962406,0.8908065397111815,74.7786883160798,High
221.54894511626864,585.4129749283203,98.76607171008905,42.4320701105322,350.17189921587993,0.792948078668132,100.0,High
148.26108354669603,283.1868177442357,73.31258437559352,11.669569134752518,569.468233730461,0.898116729647055,65.86888273019977,Moderate
97.88142454445733,540.1635940979211,42.832325477073795,11.256907734250218,122.37782309815853,0.2579832599047817,70.07860715324539,High
103.15546021215593,646.2897340063234,66.86467153721955,27.60283344197468,1113.1413615968656,0.765912147419349,91.25211663993916,High
173.9045366242017,757.9374333068702,28.75858928551952,40.63103712345246,730.690603933403,0.7495740624763998,100.0,High
0.8045659010696704,326.16769792124086,97.26693350460668,44.16395957363618,2181.269538031286,0.24629930533762368,84.1066803418345,High
154.89733436496016,628.8054065352777,33.98279903066928,14.814787075410614,1532.1049923345,0.13367191665084216,96.88461972258291,High
88.87325261033935,220.08347599937383,71.84242544441713,9.377348105462335,1554.5223080404692,0.8825074366259598,52.29260571704781,Moderate
198.54933281927106,792.3625199969822,39.63635700311443,56.72183686700493,1353.181207359191,0.30162086879251876,100.0,High
23.24765995578304,30.357983023837402,77.40491061188285,19.336651040915594,275.03332621154243,0.7902580218976352,29.876782768762784,Low
147.05056673709763,486.78775713588556,82.14570937922248,51.93405736847981,1140.2957751271204,0.053508081473413314,100.0,High
120.24322247153094,531.0097255045484,73.87357831291462,52.492029775455,2498.7877147858653,0.06787108613666187,100.0,High
160.58138147630686,553.5559900885618,69.1599568204154,47.488742546939946,2096.3117625727364,0.4459906123919131,100.0,High
16.213398620742087,105.10618724338032,91.39752751616093,14.285848365891354,2238.974682709434,0.252907481344804,53.220917373184434,Moderate
144.99594685703283,751.438528943773,26.290136879180643,50.19908025898102,2066.9045801539237,0.6363650909205697,100.0,High
140.37114698988094,153.1347904495654,46.473181262415615,47.30878075828727,302.45214890590756,0.5307296767327612,76.72152819969897,High
140.16502360404274,501.9751885594745,39.86299837046768,37.81976445584194,607.2482224587591,0.11586292783291773,98.44727132519672,High
150.8719166491137,185.91410250723712,99.04111696523373,23.5461119342924,57.64804582320359,0.1882340518683595,86.26400295558496,High
169.11698430659055,252.700969446804,51.15118237334988,19.437973234659925,793.5998059513731,0.3798418795496521,77.47867722665521,High
201.24724992019244,441.70224796521825,78.6090159392319,11.703906664419744,316.08813574890684,0.20776345436211818,99.80747247422423,High
67.45518003205359,339.58280066601543,74.77801311048037,33.03663867954793,1208.3436959888784,0.7233889951573393,72.14304328897526,High
206.26235254501552,136.57822477143998,36.96649899819022,37.18934815304156,1708.9623470060596,0.403659700220288,90.114374176189,High
124.56392056586341,145.03975791247015,39.11981441692411,24.763644478368295,2192.5379728432886,0.12941708681612438,72.57194353678099,High
19.26456978358279,340.3343826486117,42.502765084242725,31.14474872244777,1885.5820544727005,0.4616914669313061,58.77064837376878,Moderate
14.6377323109948,608.2535528376455,52.890182260750336,24.993295155309667,2349.5347096573378,0.12721245390220204,81.28606018590102,High
83.5595796740152,719.392071009753,38.746005252042146,40.25533315263857,182.05081146478256,0.1595967096068446,97.37391319809694,High
196.2242442778669,76.46085318491244,21.572118619747826,54.56925642881098,79.84059677052653,0.2536683572239745,85.53180975069803,High
176.92023368522894,320.5520869719268,90.35144454457564,14.015614412581968,1670.278378898721,0.7805985494603663,88.67177736482397,High
197.15374116810162,89.19399534107254,97.24878651047072,25.97748454467179,758.9134050445033,0.8359206524830262,83.53345896515263,High
129.31726411040233,23.108059699752328,47.32563096252544,12.747773217297372,671.0774894591442,0.7523190699322587,42.13366775478964,Moderate
110.04974948887264,532.7577592887258,47.080550354037825,39.37190737243076,860.6733648497959,0.3339656348051701,94.18430074092278,High
36.86313167657099,485.93505915360436,20.567345021949677,45.08787802187277,711.0003418362921,0.2815794749425069,71.22988789908041,High
82.04818840232788,138.7850999137601,74.42005506642992,56.255200292860074,1303.0191954388888,0.5167823371717033,82.48261806172955,High
108.50484154346881,194.71213814352063,86.0351916598903,20.33795594435307,1128.3636956991245,0.6635751864531455,68.28148741230996,Moderate
22.15010741990431,28.72912537916952,31.728664028800253,57.26161632259866,1305.449950872808,0.8943668699361487,43.76406706897169,Moderate
55.15298817780281,669.608292498579,32.77330794937206,8.479446950137113,1698.1483481760686,0.1618351050970873,73.23149770056487,High
149.5563235159347,780.0055708783557,83.20665999771502,38.16576248505235,998.4697469793134,0.09189819917023377,100.0,High
183.91577855979747,117.01303406780573,69.30325986833157,8.14229956388315,665.7038334982841,0.6402025056459804,65.37060007011108,Moderate
249.5868778482374,192.86541887458552,23.58884461021736,54.15758032690697,457.1913151814264,0.7573919159783197,97.4130209429395,High
233.27833283588942,696.0435239180779,69.80375923698253,34.13949813885297,906.2115928549325,0.7693964628864598,100.0,High
160.64129988379787,741.9064003853861,44.71341782750129,41.814159291953786,1867.4258643531216,0.6266940167155866,100.0,High
105.312013323518,341.5056324173802,49.498012437667676,50.73656592507489,1903.9270297731005,0.860913433501309,85.5103458046577,High
159.0443411770582,49.99175309256856,81.57851346375041,13.267084236618281,1683.9181973763152,0.48435404901289886,70.78763714208333,High
196.412904520058,41.119548617327325,84.87481541380885,7.122535906597362,623.3690295018428,0.8267425785857806,64.0055836078485,Moderate
29.58404773084683,463.4203941945182,52.02853014718645,53.33846302520687,1490.8113023440094,0.8726403164427946,76.33880497874753,High
102.47622242407206,320.3871360256114,95.77223488050838,22.321327510241286,1448.1896708632776,0.7700838384526416,78.38796970281072,High
209.9505714089043,32.63541778634706,52.51701743616578,12.09383993599409,1236.4521853688275,0.3132947787698275,72.3063068753729,High
95.958237983261,470.76938992691987,81.74688281840879,30.76536803978976,1397.4485166404672,0.216783303494751,96.96367294361539,High
142.96806780679663,18.929003905327754,58.710181165140725,37.90683416328103,1254.8870499279867,0.5159020552345457,71.82940996290792,High
146.94234021554956,632.0238469379257,91.80258612176672,6.703383188238057,1435.3680968815652,0.4350625378231602,100.0,High
46.11906328340984,252.08192993566354,92.62089949201429,20.119261204139825,1802.9895888217654,0.7960945908638231,60.82014465734515,Moderate
90.5588604130721,41.80382237729336,26.99334462968671,6.803993085229281,318.58907628842735,0.13502692040708064,34.11423834193319,Low
83.62782218548304,474.79825457669114,94.91946650481806,28.118446405752444,1886.5830927651082,0.26907905211479083,98.22833879635154,High
6.549177133016198,324.17068740211323,86.04278732163326,54.230501598643436,382.92106781260577,0.6890291028409022,71.46580393692535,High
6.047940972838811,779.3023265521481,83.30485714501336,59.0458826321463,213.23859610541803,0.1307386482307153,100.0,High
207.92426091894336,439.9169433779247,36.072907174841795,40.03761544269951,2441.3952312425954,0.32264975191844514,100.0,High
68.2677024932031,227.43895301923655,84.4095367003732,13.89007315815255,2394.6298337325816,0.37908208494588563,68.16631193220697,Moderate
129.51969155970386,570.45670306084,88.01061877480295,54.82171644996182,198.06953510438194,0.5792047270782865,100.0,High
74.68139339719326,224.47868200874194,43.132026756332074,33.39363027600332,1135.9709316136573,0.18441274886145992,66.90452035277082,Moderate
235.16981127883514,724.3522002119764,96.1808062689859,13.456212165660496,506.3000988344481,0.7815138167972532,100.0,High
64.82418971644344,306.0303567008274,23.98881171193314,55.694966819841376,1239.0949979793243,0.4304109001463331,74.46959387340667,High
107.41420318473376,444.3961645932021,31.992740259771175,46.66079778977066,2083.934245348989,0.829468455098473,85.71147425248829,High
218.18256262115045,49.952752021140796,63.00649104412115,45.243789999773334,2378.998848120081,0.44768942658884187,100.0,High
210.48339169795216,346.6357779822623,66.06339768978478,44.00493870869226,1603.9190009562665,0.28378422009962334,100.0,High
46.52535446156933,667.567196332186,71.61200666407227,16.018690160304327,917.0688846689518,0.17055450438452363,83.70072370931923,High
200.6608274489276,646.4625562370401,21.357530345237315,16.605368043913934,1528.147635829266,0.05318333050459209,100.0,High
114.54672168447317,187.21166149428575,96.82934196977043,42.85611491349903,814.4031999657034,0.5023338622371103,88.36826222450728,High
120.7422180213388,188.6024660983445,23.56704741873152,17.08475125607183,2279.067920038548,0.14108319238788491,64.91048060987217,Moderate
33.36999310398595,655.671196648457,31.44495621787219,29.126943324167687,2182.4811346093006,0.3829685990865015,79.06664119734447,High
20.150378439281162,745.0147519337671,21.12116140208456,48.010100407666776,1417.6677881851695,0.5508809970515237,83.84936305227508,High
181.9848267434413,85.33512780567281,65.34867466352758,48.11738849538125,845.7573426818833,0.28433301236729525,95.14846696375164,High
124.11528808882494,365.54632514671795,94.58135071367778,29.92939748892228,768.8047051782969,0.19894064851119797,97.3297483229373,High
109.21267565379489,276.58888038174086,73.27577328643713,48.57044660513848,131.87408702739566,0.7085133792179404,82.08177335522453,High
182.37705716309918,697.8438798113771,85.81259747843418,51.124198790893125,2048.7610850119736,0.8547724964393775,100.0,High
191.37822474777744,75.98468259721483,21.062496276686407,41.01266632063432,1153.4388719455694,0.1353743551826711,82.96972835820193,High
39.72704191733839,176.78949462084955,63.361223878378084,17.56342187696311,846.5756745806478,0.1822517757272567,50.724256692417484,Moderate
152.5562873694103,604.4499866933305,56.76503820044175,20.070647921205115,1204.220369744497,0.8660107586648109,90.33772322454183,High
33.838520569421384,50.52214069516031,59.917435537663444,22.316263547480446,2055.9080766138977,0.08211658854040935,51.75804672348576,Moderate
187.8437715072614,399.1029507642885,25.777054826815036,11.42422592536736,355.3048088834269,0.8809874860679014,66.34941937218301,Moderate
164.23878906678488,359.26455739697883,74.7548288855446,20.02377912034698,2151.257171192477,0.05394781062224046,100.0,High
239.15365527086448,274.17693140111146,60.257633188690754,16.523557337189267,2248.8966460154675,0.7926183573036316,94.85937506804908,High
17.239504089105296,321.7121291019498,81.21190798890112,30.043081239473118,2369.434391833026,0.31122640383958705,73.23209053810058,High
14.26368028781358,428.65306367488404,58.823250724937225,54.964065132974575,1023.845581435438,0.8478005294507021,72.08962941479123,High
70.54676867330004,137.48021312682266,31.950530898114565,10.746417421467694,581.9939898922961,0.31940349534024765,37.50013952246076,Low
