rainfall_1h,rainfall_6h,rainfall_24h,rainfall_3d,rainfall_7d,forecast_rainfall_6h,forecast_rainfall_24h,forecast_rainfall_7d,soil_moisture,elevation,slope,distance_to_river,drainage_density,inundation_risk
44.9448142616835,166.03135321928514,328.0955917387406,647.8478957296838,975.0010564967118,74.95053655935801,236.3732036717426,622.6241865140959,71.69752135097528,2162.2677505378197,28.716505576747828,5.114709680621586,0.9207627470961757,Low
114.08571676918994,257.48836826363697,300.5849587899285,484.4611274267528,524.4774123097211,112.01201587688914,212.61663944113465,453.18881933912235,52.08138660271757,70.59317295740374,20.66816040903869,3.096570352014761,0.9527029270248004,High
87.83927301736861,132.92349480001843,351.02213563872215,604.7407307813517,725.9056365082212,84.40001709844996,202.37729457709685,596.8564620822699,15.013620612408172,2277.937570498941,43.40243361887734,9.320316141118305,0.054189627281294804,Low
71.83901810364439,184.3163560329042,337.5954158002146,490.2123200906203,877.0519933302458,12.495387466769458,191.67658313713213,228.43072153846975,92.66591356196949,767.8342597819947,9.854030294290718,2.3214662593980973,0.35122127980753853,Moderate
18.722236853092383,121.63651381896715,160.93748470820572,381.4495868480591,645.792513687469,27.83703551753331,246.9135429342318,342.71052688572934,98.22962195887429,1273.0156407122279,26.45353871995233,4.228189289343183,0.8455091279919655,Low
18.719342440344317,168.62881026223312,409.21332463253486,528.4149027299264,992.3994336234489,32.89922760463787,100.95392781458179,376.7210526377621,48.793907369065145,335.077334256809,31.509450674560018,9.596961288438658,0.5596229450839585,Low
6.970033460183935,170.06570434681083,299.65707018064097,405.06272710554686,619.438431276224,38.67963804672673,124.19883703949444,597.742999415842,65.22947266683944,2256.12614859483,37.150402020542174,3.2213155403862377,0.8171332968080451,Low
103.94113749299223,106.12935635892185,124.3539693268356,326.7343944861654,761.6405773931269,84.81050879257565,317.4953578831788,354.874281244069,50.526876361937205,1875.8413773440898,18.31369636926032,6.46370197195945,0.8606571186960411,Low
72.13380140918505,193.45738683976774,350.16561294353454,524.5109989079276,748.9887176470463,75.59486697380902,220.22281507617038,241.76492315460254,38.96916857975086,2310.768188587045,30.911485844586668,3.2014340848779352,0.4704949089442566,Moderate
84.96870933552546,94.29915317707669,157.59887993027925,360.4366091327726,850.0607484837653,30.47400575463134,75.2144600383816,153.48979750230944,16.95869135720269,1709.6564825398152,13.644066212292724,1.1512160422166275,0.39103379112354625,Low
2.4701393154962936,101.26469902942036,302.188061998746,402.519265449204,882.4364561486424,10.13322651835306,176.05701124644875,496.633575676527,51.0460957357569,465.8109729721037,19.596424156281913,6.294094965208712,0.4826616027479992,Low
116.38918225943932,168.1630734873014,372.6185918788491,501.0538330147974,665.6221857928376,25.71483067120771,273.4053695560526,472.9018278911762,83.65461007235064,774.126172450692,40.303220904152965,9.164513776089137,0.6701554424930529,Moderate
99.89311689605061,155.112904810036,399.84974377370145,429.2140299938197,872.1758652022213,147.6571968927905,353.5205880103905,766.2967777192337,11.532831497920322,1219.687194883166,42.745842419892945,4.553018438979214,0.39880119524247737,Moderate
25.480693281393137,89.01322390281732,214.48060665894326,232.77733695421526,656.5830240620398,70.28204246872085,256.71732660657153,292.68390234725445,62.38969148622001,1520.1092223737162,32.34678061172691,6.280456599790047,0.7862388742628651,Low
21.818996064852072,133.6516368937819,247.39085682571618,336.1008522112719,441.4410508750533,130.10182570531688,182.1134892718842,280.3205326792347,89.269489785402,2316.5162961540027,16.845835084928325,6.108539211903399,0.9087931540007713,Low
22.00854118241206,82.13753500279051,270.50643636441066,296.4928371301017,608.6380375217366,127.3128700003265,346.3478161713283,496.36101890377614,29.579448701292222,962.9589071439017,36.90260054885988,4.180142541147365,0.31819564205079015,Low
36.50906915514453,168.39489826139499,201.51256234687662,237.83371036903586,274.1748681639433,76.72793361943106,208.17514450331765,521.5401878477103,26.4930278220156,1759.164694658329,1.164018677643908,6.168221555709068,0.9667401619655275,Low
62.970771795868544,135.7857011991651,272.5145796474461,557.0395215353241,975.3948818270549,106.00315626908153,328.32566178707043,670.9120069378441,79.50489631317488,2402.7170780325005,4.623565974273948,2.630214939968773,0.6415889843890451,High
51.83340223705389,64.13697829284644,200.69887832555918,214.30467228140043,301.5776140331487,28.912801561906843,111.36975891812668,173.4714059000136,32.95777880073639,385.17328822155525,29.76181813689125,3.8114771508003678,0.8842603326587539,Low
34.94749682376503,176.02426847090433,198.39254917350115,429.0225270506611,464.42987774354333,103.25950573903624,118.77226889789443,590.6746233937643,27.278584080458362,2157.4604240049725,13.106185887152584,4.451072620805632,0.1487206135085002,Low
73.42234736668554,124.85884579337262,229.35486717010102,324.7500792554912,524.8596270248968,40.85768688949343,159.85167905442995,330.3737466495345,44.019032551231156,1054.6616456310305,42.8123798280215,8.64688640144668,0.28892418020342675,Low
16.73926327824502,94.63730160611229,307.95850124791275,612.999489495757,901.4605587955787,124.80931451312262,192.26871571759204,548.8530972177336,45.32518110431962,1832.3923309436952,19.62272754415371,3.515912303590886,0.35496812546096257,Moderate
35.05735782422618,158.43725680416844,372.4756623028335,542.2229619049583,969.6814411848438,12.558619966336487,191.36594241041104,453.46980188426045,88.66909567149094,737.3781551490238,19.321416917512966,6.369613628752472,0.3376810436157876,Low
43.963421195243,103.80552948201117,128.61494571193143,235.56670647667045,722.6879692375387,115.97080093279162,355.2474391467997,466.626495920353,65.65991247403092,838.2906245736739,30.513577958591906,2.1733681823180415,0.21326809876860525,Moderate
54.72839810604431,64.91381621245313,87.59403689941084,268.7676643907129,488.5139206756447,14.99053598529293,187.7340737731839,610.8482353308895,46.53653107056304,72.697396045825,34.540585303778535,2.5630688040865706,0.8747909001485907,Low
94.22111536716163,161.5269038294681,227.20077307995192,360.886079745796,391.1095412384311,132.17838553414634,353.91186796144723,763.0308820574122,58.094916785719015,2428.653362151564,21.400143215631143,6.501867310826777,0.4476815342250725,Low
23.96085385900317,193.9615987439778,412.65311438247613,610.1584870169168,984.7162765298522,45.63067772025056,158.88668112055217,356.9226080788972,95.85687099927468,2034.564175200807,9.630040577027586,7.634983777297705,0.9649737018434487,Low
61.708132609633395,177.22032412337387,209.4459703917486,249.53247430597048,532.1191024179392,98.15900472458621,291.06918902341164,585.3729818703393,20.189320894890585,239.3253050259201,34.79888892265297,4.6480659064365,0.6042987484506398,Low
71.0897482634451,191.95599502354236,371.9551956804039,720.9018716647968,944.8475440870284,73.12534179304197,283.8862009609678,412.7990489289377,28.694396955222228,2498.7744451811172,14.41580736931324,3.3842419829387764,0.18147490386261994,Moderate
5.574049526399727,119.3848371811749,144.6762420844507,293.6207992783019,448.25523867439676,54.94547178935085,232.66437868523644,577.5901930583872,96.62758359278997,1514.5363700213388,7.879984618223592,9.107201981526112,0.5686094743422593,Low
72.9053822281726,108.72396724087122,264.50843067782756,386.38915457540656,637.5884184971744,96.81627497752447,223.76059649491563,378.2740028051313,96.15923636744837,2135.0529517211357,28.423808546625597,1.401287759737975,0.9938678903380301,Moderate
20.462894842474984,95.7629903808854,184.7798151606716,433.35326207136427,602.6930642998798,142.12844708268568,298.5949744865277,720.6343416776451,25.94488791382954,171.31860437828306,4.070415014565768,7.2211066646110025,0.5869131027443111,Low
7.806191158233542,142.97535486363083,340.20384560509757,467.56863787846396,846.074571752144,6.190462106193278,181.31721102591337,290.0097631645505,23.05979354127684,976.6806903373496,43.71087037887247,6.917198959983673,0.05177587787308448,Low
113.86626447039998,132.11338602996864,190.53599823630952,482.1820049963747,754.1288532426952,137.82792838246564,201.09902918782237,208.50074059705443,47.897662090475784,1675.7795501475066,28.457876898546164,6.917939369141551,0.9364259084108982,Low
115.87584396894712,165.88934366509534,325.6898010125853,484.6845545387341,923.1084416157901,91.36224825315203,293.75706348189823,428.01108446585744,14.47464632391722,270.5521281557553,44.36529844147901,9.357433422014067,0.2731496858217799,Low
97.00768177397534,146.74512129782897,205.6657549418002,457.5111995847024,729.2831569094235,121.09714511535785,358.67827985717616,454.2045230869195,68.9413179056626,1224.8125824417316,15.250204056538623,7.295493494758881,0.7041026004155088,Low
36.55365230080448,114.31705926781555,292.732130045854,330.3407558005143,449.4719624704793,57.58124301514164,173.89107181012565,428.03429167258776,16.974641949556798,1109.4812969876332,43.70423225356791,3.0505736346253616,0.5393261472076706,Low
11.720653680766064,188.18702705035938,406.6065356905466,702.7482506348357,1128.2941917509079,70.77644622564206,246.0432420031114,347.89488783139956,15.222666438485266,544.0203600615814,6.550301147788061,3.5664217811114765,0.35916206899884184,Moderate
82.10796318145883,94.25842158454678,125.95887136623679,383.46016673857525,662.0696892035971,130.3276127701746,314.5840892177631,696.1790245775105,53.66682425879643,754.1732404502466,1.8312647556162802,3.9415541833389476,0.3185075474925692,Moderate
52.818299248752155,146.18447823725927,362.83340038613517,436.93427284782314,540.3547919196037,62.227195471473465,227.78908235184355,348.4744013538455,96.20079724990913,2417.960294464981,1.4842827204571152,0.35654630727615527,0.9323218693817495,Moderate
14.644588181373459,46.93023094357134,195.3240445471458,246.17414795817115,557.9280529362823,80.19893501236275,216.97771209452162,570.4618020508494,48.41163424568436,725.1779725947903,20.91916667696522,9.139427638312156,0.9163296011238453,Low
59.42122921335242,234.14300738710637,265.9206301038624,376.6229521578309,555.4813346290447,3.0292384626499356,223.44122710635258,512.6766886132145,42.0833042794496,537.4982042511855,3.735188886536765,0.7818484084547986,0.5374780980510903,High
4.1266225338262075,24.521253384769764,131.4067172246978,473.0314223358643,895.2342284818972,23.789700875706345,136.02137819292994,629.1463064288721,99.81610439520573,1342.841881815492,23.04755478754208,7.012953106869842,0.29557043575838227,Low
109.11844824945385,181.76662867454027,221.98170204581476,311.8727531442853,538.5226224675567,96.25297619621996,111.52871531787085,611.4792038224866,57.87720647012651,1679.040295005393,14.737522657900522,7.315101998190951,0.1472249305633979,Low
31.05359779200203,163.87289506223112,338.9598672788735,498.60439041019515,861.8250694639034,107.54653515958157,318.68562908762163,753.4486707462866,43.771726620122365,1814.1073121185643,15.103304661335201,8.444964753773869,0.19874756371613134,Low
79.50267412247784,206.32247116741797,396.0395047719054,406.5465837729731,454.3146875910917,87.39014051767491,255.88545859681255,635.8771432461881,44.727473200744164,1886.846725319806,28.60240484453264,5.555954443175449,0.5461391394535743,Low
37.405329130729314,113.49648377163712,139.94561383983685,278.9752491880182,476.9874223391913,21.4965054413416,233.81116206625325,427.0393690665401,27.546354643015942,96.89706632930897,7.339410276822908,7.266381017372542,0.34243846255005866,Low
62.4081625413373,124.78251277282658,251.31747594648766,451.27948134807366,942.900199584273,66.81081428667522,101.4476748978488,478.0860384635006,56.1000751702785,987.4321989470104,34.4949016652879,3.0620930984362125,0.08996473514695887,Moderate
65.60523352119355,137.17546166071025,340.8317256671895,674.4253400449772,1078.6554847835514,53.264214954478476,60.95245008190756,539.2902186216529,49.49695253512052,1936.02540905881,26.191391390038564,7.46856090858226,0.4824090160455451,Low
22.182534663063244,69.75226203161832,303.79302241936745,484.65063814839,564.6210393318543,74.34920160526325,307.94283670088856,319.63162439861065,34.371576671267206,2262.605993991323,41.17250829813799,3.4669865857557642,0.758879827841098,Low
116.35015533174703,153.310084298971,281.6895509844135,568.3771151466042,707.2591398852317,130.54935518311413,167.4814316457577,436.4387817446271,24.44860779415838,1507.4893077152942,16.417829419538553,9.033242860345625,0.8971103601619882,Low
93.01593880333374,179.96308436393394,417.53289026678567,609.0275651659009,773.9354695940815,116.37921579879779,318.7922988164107,427.791451010628,38.011498180079826,135.50559950666573,44.22217464302065,1.6756489872755087,0.6060198433989349,High
112.7398729877027,161.07594907987203,294.99819169387945,309.2729463963108,634.4557266440336,12.598425208373843,218.4009107535328,497.33906868795805,55.78149949189564,994.6312856085524,25.912244102131044,3.191785241205837,0.7371275176503237,Moderate
107.37928205131786,159.12238173282287,257.67000538279984,367.92290169922074,746.4202814440484,133.54637966618463,310.72267980343537,543.9462246828809,15.24999450563215,190.19665409179436,43.80308802843902,5.01275604297355,0.39586694732168576,Low
71.74799745733021,189.9640888827505,402.0148710209744,603.4571987618606,978.2205031658154,70.76507267247354,103.58062544569128,391.46491622183345,23.83696257255604,1872.6019673980384,1.2177294321201897,7.769713043623573,0.5214262702560925,Low
110.62490820277402,284.9616279087546,408.2073055232769,740.9151935991704,995.8522217523717,111.57932173289977,278.42897787310164,553.9100885824637,95.28915402721859,163.44614585775474,32.75893450855746,7.500551095775167,0.7431455136845277,High
10.619100246230339,119.27379634691786,237.24942398804862,537.9450499009803,943.3553188200559,21.00588468965282,243.27753052136921,723.3310501056502,58.85698159282051,468.39901150426726,36.747968593173134,2.146632899528809,0.7412753160036798,Moderate
23.517943490297423,37.37424756199135,159.9523699144484,239.8768348770451,458.4158762557826,100.60792885605721,206.99084005627802,483.0838945236461,15.710437329403408,1045.3112677921117,2.392797900441941,1.4851451812873737,0.4532999513410289,Low
5.427274669264568,19.032325162996624,230.72857563043294,307.76701613714016,369.70729878492114,35.44890264141869,138.8281162360684,561.9441602985021,72.37789828926157,1159.3076759516057,26.053634880731057,3.074497562726277,0.5664839744804067,Low
39.039639691591724,210.29581944379362,418.28120486580667,488.6917433556719,770.9126641825785,65.75713457113973,176.4717119659945,336.38185536641777,15.562258307113126,1019.1718422859557,36.08740321152518,4.86335380917523,0.927662572573421,Low
46.641274762737844,100.1536170180579,201.03361512811068,523.9082288339869,1000.0589211345402,2.5294305123156615,23.09740318136727,242.14774757689173,76.49868043417356,1161.17463328197,25.246742635038274,5.413100196016218,0.6503977246960719,Low
32.56188381286751,49.13394130771309,132.45890627534436,430.8920598609466,827.3888855572022,22.741595689571405,245.74798794706476,480.9547259694697,77.49664495480242,1784.5316842903985,2.8716115682459984,4.319919030005027,0.6604458944022602,Low
99.44850109823152,207.27652678530018,330.2585327950825,601.4677340836146,890.8180579297357,13.812073968542965,231.10778996367054,370.4718116313604,68.59710781743274,926.3257132740761,31.205125840424014,6.647746660647669,0.795389277766092,Low
42.810399203230716,155.0671792954786,298.2603067297558,435.7175967082355,759.1204268827839,35.96162594073877,285.4389563883103,475.33408712728794,75.89840901574148,1371.6373955807949,2.7268611602988884,4.3042114887925145,0.15946175150017416,Moderate
33.71214116248569,150.44300878384956,210.0273114408488,386.56055794541714,851.8415714632035,15.00271350364834,161.2984988782517,460.55503861163936,17.916920291175195,761.9062975341869,36.786100275739734,9.465973648891007,0.5467400770662911,Low
65.12352997898982,113.25589499334725,311.74466617224493,474.2607768505484,688.4321740680286,103.78650399293429,291.58441310578075,581.678294758047,75.41024971197409,887.3006002507542,1.9365382488012477,2.6466400374162826,0.9614601494574329,High
16.91090699697152,19.630830155577026,141.25152158868275,229.94085923446318,395.63792870578186,4.355985331382906,55.023961908209074,373.2416341949493,22.301948775149466,1536.4284028099917,6.182882145466686,6.292352600667442,0.3935773725672939,Low
96.26363769048476,269.9664041922897,353.4777912972796,530.237607449348,1018.8583899495725,92.6610750937497,259.5432796497921,435.45223735986264,40.555531654465945,1228.7841558343648,12.379841573547083,6.13321048966831,0.33017983910098647,Moderate
8.9460772415725,54.10682546597094,80.81207370696859,91.48586545543264,523.2074322105993,21.10617462383614,183.5393868131838,341.4551343897123,94.84707281505696,1808.9755556739065,28.501415651736,2.851668482728726,0.6211475673245198,Low
118.42643239206208,240.1111642415206,299.82245434242236,345.9560850665331,507.4778773758343,141.77421857668455,367.0764025370877,672.8853439141692,55.25879298932261,1403.5437771891156,43.936159483408765,4.146291863914571,0.26006345333703823,High
92.66937231559889,219.86274889376662,457.18304183276257,767.4894004918938,999.3796991723552,139.96411096647813,347.6622916762467,414.0931658900092,97.06837888747124,2009.9173430327628,5.302028367897049,3.686462513427709,0.5781478986974665,High
23.84588178410069,133.64721685840811,209.92213856328976,473.0100570242879,680.5491215281875,33.82546537814439,268.4420810325852,394.95785279865515,18.003021299806377,1111.3034914218179,6.421845114626329,1.7663656472038687,0.19786941031475852,Low
0.6626540548322879,56.98598501328897,99.2008073550478,247.2047505257283,321.75258986144524,92.16319473345442,309.3715629088563,330.43543138535387,52.980093960686204,1230.1288815676696,16.599167851544113,4.799087365683862,0.6008037876630103,Low
97.8553714145801,146.65269709211194,261.8208950058602,442.82352180521724,921.7331837118468,4.200797920868765,221.37427164558173,257.6796979436218,15.616208824918358,1676.5785155078443,37.62986119898941,3.897289417567322,0.6222602244629186,Low
84.82288126171406,192.4031721482006,269.17510798826277,398.6747180742549,600.8309336841343,139.76828145767612,155.6991131298557,277.3907527601601,66.71892361593564,557.0036413080619,21.025392873786636,1.8242577326682357,0.4474804550616497,High
87.48086016491848,243.37807421502296,252.1678867828215,511.44084028905684,949.1053816080108,78.44809622875646,289.93858440274545,299.703224551205,17.083630123166476,967.8941946434959,14.472477011511975,4.526306451906726,0.41360910416675406,Moderate
92.5524416023135,262.9645128085247,343.750817128379,618.216329859607,712.8944436999395,6.483472712666849,158.35307133844637,281.05836738217715,25.783102228633958,1563.978903809211,25.25417244939876,4.247347484174454,0.28318536448042686,Low
8.885358208090842,27.948403000767215,163.97555898563434,431.12537555674004,705.0607808753499,51.374998951220604,146.4861118927109,473.97427342372396,33.29472790623524,77.04629181801229,11.723543885058751,1.3570884927116242,0.3643761924419146,Moderate
43.01588742531271,70.88503769290229,208.813130697894,461.7272343899514,473.70792695208627,11.52741927918513,25.65607537620071,56.20961461066723,77.38694664980349,1095.2437269166844,18.05219582613844,1.3553160420842079,0.5234286688317952,Moderate
13.904287143015566,183.9568137239699,273.09654401819205,344.6730625606706,726.7833044818249,58.94166590600398,228.36010959801564,446.7284484953361,24.756590693626727,1499.1305910837614,14.967231715441883,6.492698429464689,0.285275955977646,Low
103.57241110507123,236.1487522053339,347.97444126848404,466.2639340026516,756.7208831257908,100.48895132419847,182.53938895860284,639.0937824183775,86.1968847963761,2418.6019522856036,36.186346008659065,7.0804790069351835,0.7936927402032694,Low
74.79577521930695,233.7346636886661,475.1141432473577,639.5600454916439,952.3548372265202,70.48348620621594,187.42755245272463,583.0699669154251,21.871354494772078,2193.1563212360898,41.591507689710035,9.414745178093602,0.7235834792594831,Low
39.7077629823179,76.18163712667968,170.51875643425757,286.29630343393706,312.1567447112638,57.55832620791817,227.99043547170174,380.7091866191304,13.17200041631407,705.451172591932,34.18074864706103,0.9156966700879432,0.30584057378869567,Low
7.627002034322836,113.39245883401517,177.94916214901093,442.1782322044261,547.6973973087338,17.87355683106972,245.81719358710544,708.2199331829289,45.55408770727011,1270.4892095521673,19.758760921349257,1.2227218491636223,0.14256340494647057,Moderate
37.317878605879464,163.52300560102472,224.38976661771474,339.66350010519886,376.82893628198894,36.740856854048445,243.10008575529807,407.9233341291605,98.14974777741656,145.75385978692782,22.695073987349872,0.5655903782557146,0.05017103703476466,High
39.02199864320964,161.4421380236647,275.88329119969825,324.26452157456623,468.7216794764721,15.02149316075267,127.67077543665263,163.9285236054339,19.93080050098995,605.6822649704288,5.628316226824605,5.345672886031453,0.6168829097624144,Low
87.55274140056768,161.02004575657332,350.90008293580934,490.5642411527158,804.2837449937913,121.12480974849912,218.07059911009384,715.0985774941506,19.154659963566615,1938.2653908298848,33.6089120010542,6.246328812237503,0.2507955591309664,Low
76.50689656262557,79.2779770670611,130.77502311417942,473.7450745880125,756.8380667467002,20.285974197708384,80.23090890872025,515.242172503306,77.60498597160615,312.66846062698465,26.841405572776985,4.065058346724968,0.06195334659646217,Moderate
106.46552910915918,211.39221933392653,388.7162511191185,467.7747456458701,773.8496564525652,89.30600498233403,182.41269277632608,415.3790844268723,38.09455245942088,647.9378594607217,40.60979982618464,7.98912709856327,0.3911310070624215,Low
56.66579101943392,102.2240680717635,107.51152390911757,321.76705453924774,596.3926902281949,51.41106203832688,79.17265886130146,412.36092095750337,74.55534555031453,2360.386041830841,9.027501460881894,6.88265938823781,0.9638985392015617,Low
14.351309512596204,95.39707381831646,200.13031831430297,351.67088575820014,488.1852835961298,33.896757698277526,276.6731347894662,612.2871737178014,28.0009530499027,2060.5202222286825,34.18767548696755,9.859112188421257,0.7054456672483265,Low
85.5893744667594,257.95395718184653,451.92022348254324,476.77882215980753,599.0325708320202,95.92026592381556,239.39962691371028,336.6407422789405,51.406479477834665,1955.6601430590356,30.810224777363537,1.4220550838318025,0.8648755177763352,Moderate
91.2942058340277,163.12056300966594,247.8038019532738,418.5606140525946,487.0904558208852,68.5503464065411,100.50180710534431,200.52612368216046,33.876088997402604,2162.070938303881,11.963049021438849,0.6302408602078884,0.18750214334769355,Moderate
67.35326370833955,218.51755290793636,359.45182826928624,605.2093432961956,1029.7447807479416,60.02182009268387,148.22332240916032,383.0136740850732,50.63753933911782,1875.266188022973,30.032038779337128,2.7842968704154085,0.11962374688846457,Moderate
92.51606159454732,126.45337062941252,177.69817883589022,357.3251703756268,665.5648496462491,88.92780073383324,225.68758663899723,681.4741567078462,79.21873833267735,305.8626092149962,41.59680212594923,0.2395494434025982,0.060953275334236334,High
59.255471563726886,180.29836120823208,365.7972089897752,671.0343313010785,764.2898375531084,73.69014427350011,206.91155343371753,211.9084408630029,78.58089464298955,1293.8205095806522,41.32961944502035,9.3294837072718,0.9578791755185128,Low
62.72793952583929,238.58919132484914,251.65896714203905,352.786922972193,441.39161288281275,45.52263128273412,54.398473462392204,445.65129143707185,56.41950589063513,1113.3885824017934,32.38319585322636,3.074319003947345,0.335192598585871,Moderate
51.30492220302595,69.64568036015457,282.7813415790297,312.9685515354174,749.4863522984858,83.85919316478775,321.5694517220656,350.33284357939266,93.55346593489459,781.3231877845983,2.1632900640327044,5.546680161366015,0.4865296952238151,Moderate
3.0502952092914226,4.547884810185985,54.09698141560302,381.8949454959052,753.2603773775649,100.42478648260419,169.26870685134034,408.37976429289927,33.74056922034466,2085.9308222504155,39.25189517940727,3.2147928471434817,0.42479744242168577,Low
12.946971239196534,90.99187391306711,309.5913818401498,441.96010417502646,771.6596441277122,4.0039737880281425,8.05014102100094,326.98655755773916,31.62802160073098,1163.0273099237131,29.600037315204297,2.495795788788793,0.7439340886232163,Low
3.77150228240811,20.444089231654207,108.57639955678353,310.3183425655552,513.7503963352051,69.8807593361513,88.99176157372192,432.37139511495434,65.24257610578903,155.44251538708647,13.96954139322305,1.566029003550056,0.3444666378551059,Moderate
76.36924935165365,211.0784322933753,391.74932591199695,668.9504200575655,799.9382021968242,8.652492687531566,153.70121849952582,182.94085030748153,65.916733079511,691.0391313820693,8.426266276756468,3.2376409072748986,0.558680238483349,High
37.7227177291592,202.3414772218998,282.1478016684469,395.6575840249001,885.382965581312,27.960812110216658,62.40719227899087,271.709000970975,14.188603560847659,575.4095397834656,5.22917383487927,6.173418357559346,0.9958031517076942,Low
61.02848293976433,139.1522580273409,365.63017583600276,616.2877641981667,1014.9075517095667,84.07631011169596,94.50750832507178,386.4261385762341,64.69999411482078,2219.2598176041524,2.2606604665992442,9.717630936890902,0.4718603737770244,Low
108.90797687113117,155.47607245911053,187.1353538387041,234.53195127494394,385.42156284308214,129.92833728983712,224.83495389301495,257.8577225460184,43.69925416141129,1620.3580610943047,33.93464615778404,5.603015801653136,0.5737079636647678,Low
29.915067497864992,108.10766491905476,152.73761223720442,254.69042375913125,678.4728218983786,132.4208518782727,288.11114996331986,355.65842826097474,77.26982727885031,1403.1387833757774,10.61293495244739,5.3504552076851,0.5274016591952959,Low
49.24595076427557,179.46655797727576,302.7240892669763,353.37281191475824,732.838786222099,10.491601520794692,38.451552731197786,370.27604748321704,82.72950980907456,1269.0898579883692,1.091382121946478,0.40086703014621133,0.8130268502292306,Moderate
90.66613662516585,92.29588570963263,112.78049546916915,396.7111909096444,545.2514658486436,62.86576294300599,141.19772098083487,402.01681927616073,59.69384375923329,1627.0320037159563,17.87717933288952,8.408985205893543,0.30349767133189626,Low
27.455779858994696,133.5574979662402,182.55254414168067,260.4797764710555,473.75620359187536,87.45097245068268,191.89114035681825,272.8054709909635,10.153452835203858,1888.4144892089262,21.717318626655253,0.49617168122585364,0.21191611533565713,Low
9.23758917945516,119.63009245918339,355.571688012187,606.6629324040106,699.6396550995239,22.060485682551512,61.92551012924331,329.54517858661006,67.27292291499779,1388.1898410496171,7.61536039050571,9.067011127329618,0.7663885003516189,Low
34.770174349652166,149.55405879092055,393.67647407789235,723.8309131138708,779.3571353029255,114.81483251171575,241.3333071283933,697.6794938506011,77.39931516993408,2346.0221108057635,1.9821751273147399,5.409783667299343,0.44483727705022147,High
19.34655447048053,62.91052886703842,156.9753611996439,341.69563437375086,703.0766507935992,111.63528876558583,132.93881049102856,140.73260287871054,32.40849396083628,2442.2012557727094,8.5106467394131,1.7262427220786527,0.9180397085278529,Low
111.56371828110876,240.09320848917156,470.91471374265547,659.9249310338962,793.6808597108295,135.5011520560192,147.13077614228638,468.4476628852137,51.818140102670995,2488.3790799390135,30.559624282645846,4.544488550464264,0.6619513215037278,Moderate
96.97444554773003,113.42491308744978,249.63108200580774,410.99283084004196,821.0225137131688,1.2729018125164526,131.23174360130017,168.05696090397112,96.91539610706094,1675.1308196711686,3.700965476304288,9.950095582797823,0.5861259561261555,Low
76.00845078125081,111.87711134527495,179.31272781371672,293.3742780014917,791.1786337587048,32.5026365983504,94.4768797860693,97.70160126841972,36.83039980546931,2331.8880645559166,24.976666375064724,3.085574377838725,0.1169342020845833,Low
104.57527082252612,262.5198792203329,438.1195594904825,604.5988203142035,642.9087272790279,124.07800713679826,147.92145911130515,223.24870344162207,30.08379259375667,1014.176839793347,6.5885394558675,2.7311246970583576,0.7438913098809081,Moderate
96.44064922789373,229.41081635867567,394.13626800239,605.1189042957558,841.6364668376059,100.58700762404031,206.56515449594838,418.018470422908,28.976931143020913,2149.6830161622265,8.806012811118872,1.2241586556729338,0.7017383472373103,High
22.3884070663243,24.862606788366445,272.1439365655498,617.2409868252805,1018.272266480682,134.1584780547736,362.9436629341223,764.1156624250988,60.292075091859665,2273.389875355504,17.688504747001442,5.9915663704688455,0.658068328262797,Low
107.10707981879733,151.81480668536136,218.07662853768218,546.2942242990607,940.7696725696775,8.57694817953998,189.62505984307873,330.51780814535806,95.48083911772058,2260.8304784690276,4.53714012241791,0.937808640188931,0.304514047392156,High
64.72106902987808,103.3142359686477,271.3291116340815,573.0826470366742,953.0812262021584,89.54459485746642,293.44857369422334,606.2851798886027,64.78211162803191,2077.961475856412,7.7941576251995786,7.671780234850567,0.9494023555907223,Low
96.8928186196875,145.63795766634257,158.6438964237043,469.8395839204047,644.3370515713602,85.35698623405112,303.33548342371023,508.91380240136357,37.299080821389396,1019.4649082949198,15.702858515310936,9.196273967589052,0.35557237068117903,Low
107.5309559908192,152.09171464119873,180.5032243153786,344.25043846759365,571.1770663101198,5.351162454079855,248.5080978031846,365.6739937861886,67.47128002607087,401.47416754193216,14.835105247426508,9.322117556594218,0.19461940891623758,Low
38.16041699662367,49.4151502303359,50.39474396810921,280.5002584802219,577.984437150957,77.02831153687254,267.8399549154158,524.963512056845,66.23580678380087,838.2211090793925,33.71721685540793,1.1237667161305058,0.9878410971882631,Moderate
13.206230943321211,95.81552393074888,345.6806941956672,658.9540472233421,1145.9243390099707,91.42804669648864,243.53002718135855,642.2622723676702,63.72326221566888,1919.384980398742,3.3652037306890965,5.604712843662039,0.7589339651675797,Low
27.352219505033002,159.2442449665427,359.81266925341214,497.3454370003857,661.1190724696321,28.693976130316084,120.05044620587789,536.2966312339499,24.34835861994718,586.0493507682883,38.720283104985455,1.0162430562765576,0.44404753820987225,Moderate
51.25293463515076,160.46464508428932,357.1453987676745,693.7622661885887,1155.3342100470177,40.99943746869944,86.41024660812846,509.6700125467469,67.11101194104947,1198.288801740801,36.73044768327547,5.741560607768757,0.9391206093442714,Low
98.16177191069917,219.27867225835354,346.71019108039843,492.2353128046125,626.9137718948596,96.05210194466055,267.7170704404841,436.9959767179738,48.714800726304965,1415.6717973717566,34.46962378613723,8.159056822835332,0.1365615056478874,Low
103.28766999076122,117.89452212728426,192.91129285364423,403.2902257412697,897.827458478122,70.24514213999375,318.9826386704792,715.7106710283557,11.673285276073003,1511.6271132824988,13.921756310840962,5.401012114917682,0.13327815560522988,Low
0.8342556637428844,172.10258349556457,209.91865461123356,458.35030425656373,793.4821476703596,128.702048635249,245.54171978997877,351.6309473444327,58.578803843274564,2339.6352432051026,37.029680349335436,8.726935569761478,0.6983284676971562,Low
61.289676309307886,212.21820640105236,283.38689111266825,616.0940956892466,847.8498358685221,51.35726490137825,232.27710692458015,601.4896575460218,99.03400706965759,1655.4250859337224,8.226093613017635,8.026659830751308,0.2190734459599013,Moderate
50.08932037785348,195.00557770707277,288.9983831893576,374.6140791076507,681.3092931394531,39.99894875823017,163.7720612565192,637.9642743928275,41.47656317595852,1966.815546112869,5.598414263476271,2.801656081902287,0.9212825394336199,Low
26.65293725648763,174.7900221640058,363.8675464090793,625.013388792604,761.2789733127074,147.7298910517264,255.71324689259558,262.5851642380742,96.90032964867923,1456.7864779896254,2.023035007026931,6.319517714680294,0.8483412155839273,Moderate
14.383844080041936,182.27173554393897,317.1871827697271,499.4726379201559,636.5595666758892,136.6703655195125,239.24676890949127,459.42873449889026,18.65851674963351,2084.7828955605983,42.268966335250916,0.12375065843750774,0.34104886289612707,Moderate
40.51382056843536,138.47953446890094,157.85044110777162,251.845440324996,308.62271224674294,4.3489117498469785,130.50508248277137,454.39057668977364,75.92051042805757,662.8407146090583,13.860490396737315,3.9906170634524,0.8943976031559017,Low
113.1491644695023,149.19992768567496,153.707179925403,425.5195738541397,482.5447227068391,115.60929229598489,207.33320776232864,558.2210930061051,20.28969951965518,528.6447908136291,41.29280460800577,2.417703669453737,0.09074330265696195,Moderate
38.78435184249063,149.80540125594803,175.3884461394638,368.6662442003101,542.5021149347657,16.550216073780444,203.7435465292324,291.78742566383346,34.621441619974675,2316.1685216511346,12.267610268369836,9.374307642137687,0.5712059601006192,Low
62.25487460920393,195.97354346943297,298.5982218937778,529.9390591211643,911.3667980693501,4.122779224405643,222.69078587228478,708.7824234915812,61.375675178991195,1735.2347865116592,40.84046817013573,4.083620666645442,0.9387846350233916,Low
84.36227506742134,217.1874058711459,450.4856351334005,563.5010091356659,867.4865929347471,41.05432739495233,261.77565405624836,569.4083380417349,63.3501724579074,1680.4563147602616,40.676807378073974,6.557941062803681,0.8626138299889132,Moderate
43.635552285515274,137.4963766355537,296.8469969378591,465.29288007752086,516.5851602430313,40.40188185916564,97.32656021562212,179.496860829756,79.76901855107542,1170.9016203779825,41.56542202548208,7.333217012272391,0.38826965761094523,Low
116.61384992651529,128.93641940655934,329.3928943754381,545.4668822212616,971.585144709217,122.8978143520447,346.8750990349174,357.1363548911751,65.37802665046954,944.8596619373087,22.32690476778872,7.743464759880999,0.22372691347290313,Moderate
115.49367539305335,182.29400431047634,298.88765293661345,440.60643793105885,741.290251426092,106.60008689142528,191.98789485520155,583.6199942500896,63.42532339425047,1391.4495302242037,38.96758290595014,7.370963160574411,0.2500135589835573,Moderate
30.2138754990437,195.951865022448,286.3683858212087,355.79877476790415,836.2265631602941,147.24141409980214,224.56833047112656,264.4207001938561,92.11177782902244,305.81304180705945,42.78446532752941,2.9271923568279603,0.5387824841744849,Moderate
59.66982070708625,164.87062446342293,191.97071764257862,528.544889952935,863.6376236585388,106.72693504677277,288.41594939633177,358.94140993145004,50.69446769882415,1139.507839902354,14.607762385373077,6.876373582455759,0.6169342966446504,Low
36.10539717801236,133.0051469640408,351.98840251059204,531.0020415255082,618.5894733775987,62.73833298840719,138.91241800997955,426.3274314378249,30.273920082554955,1141.1424226413749,18.84934825571498,5.512644348509718,0.08117360079245461,Moderate
34.18085932529611,82.57449191409094,278.36449917106665,535.2366287717618,772.128309925673,104.83914914178253,118.08075054421005,419.8335022690199,24.560972652126722,1348.1495997959416,32.36580843010848,5.993858014735312,0.44287398127314365,Low
4.426433682543935,70.74723926752813,112.77676366695941,256.6432814115798,580.8920801851818,149.91886007796032,243.3233031555373,586.7668624517365,45.99951371285498,1588.5406078461697,13.51619197754854,0.05810544222211098,0.8388677598617094,Moderate
73.14772007758762,234.31001612515809,362.37515709422325,486.67127450322397,500.8036250282128,106.52128238437922,286.8876824739665,483.64468880577687,74.14774796743262,2393.5093231334786,33.92141890106965,2.6196631294809225,0.47211250272400723,Moderate
60.32148278746338,180.2848313422938,302.12853332260505,444.63603778609877,452.0911698635027,114.25220339704774,195.99180846459188,582.9411429480033,13.828913643691081,1632.1619720939334,3.325146534609027,9.310302782320772,0.21071662140193997,Low
6.177450149998722,147.90711496541863,304.1800031370508,447.3988284620282,512.1003287613121,140.75475227853892,298.1445162773256,785.32381608527,21.61480478584655,2209.8942541237616,23.5574272929844,2.936257028891971,0.957117278368142,Low
33.437575708393375,115.21975186057131,351.76647535838663,542.2295159380703,668.0617334608057,17.0476891967525,182.0775502625351,317.6250218024766,19.55021140932755,1392.9781343655636,5.504106783768535,4.4082544463839435,0.3029617629301433,Low
108.99190631599845,222.4364058181069,367.37926625872683,557.5937207522039,772.3682825125417,105.71764401715903,289.15164694874807,640.665955217721,62.67251377463129,1569.185067155587,13.19955643965044,1.9074061228476233,0.8085068523523575,High
28.74742688003669,73.45647645381405,208.5107931484687,382.5146287074738,626.234865587368,127.62089369511735,351.90351027285146,816.1378364704299,31.857818547813963,179.24319800837617,11.638142661891239,1.429095391441713,0.2341044580219881,High
17.38738465094677,144.3703341019743,156.9510673356403,204.12609205674363,273.13989652569205,143.15679003313394,251.2979148502418,594.4412961587632,24.963348547125683,337.49298859661684,37.75194331031997,2.1262562379551153,0.45201409276051036,Low
58.734331233307564,135.70257129990827,151.42944030441424,325.05585777960016,661.7516473375156,31.645393456754906,73.25341262236917,413.8081619444989,63.34936477687201,1451.2777358178612,8.708276493278886,5.558790922226381,0.5159014127860713,Low
118.27805449327208,197.93624715992627,244.7729449916235,303.9593101388515,602.0283409871189,75.58935115863663,155.32078001660898,267.20706455921226,78.51789239071414,992.3036105452829,36.38015640716035,9.194335081331577,0.5256035311508322,Low
29.04663258138005,145.92465100521875,154.04234392815582,198.18986913167362,345.4219185522537,102.08322714667227,210.12504094016873,477.6901411000152,39.893942480739796,1998.0322470644269,35.72821556585649,3.295681839967093,0.5406501746956696,Low
80.65626568870543,249.18677755311222,435.0250014456153,761.451002515024,768.28094423267,37.12015942520062,215.5930267572289,496.854448559519,62.03841451089365,1360.2287978110692,22.449737500075344,3.2679091244693113,0.2637001636552733,High
91.39435383944611,102.91549622899788,283.7480722274887,495.4805768291852,534.3045345058306,90.07092948754111,93.35146087794948,443.4162421059259,18.831197187951418,2206.316142183588,10.522946501825833,5.663198839524339,0.5401197458627934,Low
28.51650527908796,176.97028800154933,210.98434660946006,441.80586695306454,637.6532547084843,38.6368173746999,117.58316323466964,615.9938881827609,94.1671927411813,2430.9675377634167,10.210335298030023,3.5995900410466954,0.5076271161838666,Low
87.38596183342315,140.01492170761793,349.0346469064382,489.6624315231155,566.6496071059574,50.01855307974709,244.97919833457627,261.8011096064573,40.320656678329556,373.3497868781051,20.92160912021315,9.108639677440681,0.2482835222699501,Low
44.133975926310384,124.0394777374584,162.7359864489864,480.8792986191889,669.2891016931743,66.22780447662976,233.9422303093036,266.55856094304704,99.77551238561512,990.0952403807883,0.39640533270823397,3.8095880242905054,0.9887819815285253,Moderate
75.87669967122953,79.82109885073115,155.11499560007084,378.3906669529538,692.4819692081313,79.37851481198504,262.31350820838634,301.28854292384574,98.07289802648039,1664.127657968887,23.910783957511477,4.9299004125686965,0.8722852231472227,Low
76.02356529130736,130.2118593014837,192.45608409182495,461.66553842508057,735.2842523647223,67.4048807437726,270.35757310357127,641.8471403480496,80.09411044022303,767.1944447238725,42.87507865951749,5.357223375505588,0.8931975334713589,Low
64.29296208897102,154.76658576239453,247.84336040565648,376.8402245653563,492.4281661340534,73.97932796818938,269.78825768767996,337.9651552430587,11.806038586627004,671.2456826151304,6.961809683816843,7.831574561548187,0.7012924978637501,Low
10.834772406528996,20.946466329068016,84.61240780155848,420.6165660882524,592.5278117176285,44.788313443243894,215.33410498143843,526.560042226611,58.9127428345927,2035.2777087689474,25.800552966402154,5.6608640971780915,0.20190217915716868,Low
100.23629947070856,188.63353075967828,310.8712623692913,598.0327139247015,905.0483131490269,23.84476410339459,133.76014719604223,296.09458614277145,17.815277839601034,2451.0442803015635,43.280040989000554,2.4295932464658745,0.5896874607047614,Low
38.4936077966083,205.37352099112522,307.22549132979657,606.1074533848869,1036.5349674066113,7.102496599025915,253.0020788185644,481.66205692391986,90.56242233653646,1935.639311462466,38.72349627712201,1.2836727059323547,0.8303676500460168,Moderate
22.382221247982507,41.35300050738745,287.99537320221907,348.2633668012331,724.8700861706717,29.396808373750154,171.6651072712686,279.49668717997554,81.06726273826627,1311.5731738962634,38.26710523716031,9.380856739555192,0.08679966425422941,Low
4.89301698657167,142.49234804016245,156.47393557221886,251.3110583271457,528.0110717438531,87.29154622586745,137.98384856807724,571.0371292203483,97.51063389361147,1109.0655237035603,36.983246867828505,8.02555179665912,0.5210509481232387,Low
70.90715318258901,144.64794279026768,180.1932868871056,280.16259677635753,461.30909593460063,117.91731717046986,191.12053094666595,484.19569302817916,64.75446578348158,1351.4210627232605,13.906062272528352,0.2785038423747116,0.42631673599517217,Moderate
81.30772342107389,199.23899203545471,212.44546551260532,307.26369364901024,489.78933241991297,25.38713961643418,198.77775360905167,671.0593854001779,56.99555240359042,1159.785056958401,40.07775740700655,8.224213394019298,0.25151849317633845,Low
1.9905394713427382,48.83312710868402,205.29342585427796,504.6862825907788,944.3949377229768,16.283303665897268,247.46819496576316,534.766319817928,56.707647034994885,1259.7057016802419,42.3603158054927,5.926448049352448,0.4093375035770518,Low
61.45116699591372,90.15977425335821,103.7870936067881,114.94677192979535,134.56855995006856,112.39355408238754,157.07358638386194,219.02760168233527,44.78035370089104,512.6153610704231,22.310659048456774,5.2129976385976855,0.9843226353259802,Low
27.179493023752556,56.06276359257332,265.17269793660415,291.80769407987515,785.7990162900056,45.77374958059345,66.36037351704005,151.79559043627776,52.182106050622686,2259.8361635267725,15.955697126675645,0.17168033128441118,0.7370811600436887,Low
77.42073484913398,90.10928506490002,218.09394273538197,313.96414745584826,646.1518528816293,142.72491588410287,363.1076778946044,857.644666078528,67.18713248218153,1887.564828800554,18.640305702263525,7.81959736102493,0.3345602260141943,Low
20.923971480598972,54.34037836282272,186.09228450820615,256.04782563551146,596.6166751717067,107.14769559155596,335.96719031976454,698.7497889851984,93.96528468006494,1704.038669619584,15.039289882406951,2.0207468917004383,0.6250872989067882,Moderate
82.91252857229591,202.4720178703102,342.87064479835874,424.02150965735564,443.0204283097267,49.01340708645463,118.10824341542948,142.74761842997432,63.629590443042794,2375.0628025813103,9.558829891104303,7.293413071281086,0.2843234282713958,Low
46.40824155606449,205.11255168789594,247.81597826444863,527.0960945031036,829.8607319487396,43.43141216905574,137.7528432618657,489.64334577919806,87.14043480856304,714.5638581225309,27.830181161380022,0.20788906128988183,0.6303017135730602,High
112.40759864840814,258.95022205481723,308.3727978334391,505.4671056956555,747.856135740879,78.55475794069636,243.60175731516097,449.68828071996677,87.65019201722505,207.4927301795675,25.31685988103953,7.973718814178551,0.9013583550106852,Moderate
16.50251329751919,139.82668907492632,219.5310197931775,221.5507512457163,274.4402046927498,11.871700241731414,94.35420545235012,247.95839886394538,56.69494082634333,2066.2159575865526,20.8163281967674,0.27924271013265356,0.5790329599454247,Low
40.92796212603102,60.8056975400295,209.17980149549237,359.4427694919607,498.4037748766402,17.651476896794847,236.94115396430806,313.9715508295752,41.27226773478594,2496.050324304891,4.31304240081743,2.3971343955215643,0.7466729766800486,Low
13.616822548870688,65.67056288214167,118.2000068671953,260.9597312648209,706.1169593716465,26.378682197428876,53.273357875894554,473.22533515417734,67.56164859988729,1448.1889328603975,35.86018341176999,2.7193682145014986,0.4806720487804819,Low
110.96323419342754,166.72847175147194,195.81140353478725,235.6922478403775,510.68645577335394,116.20853899568402,125.70409423573282,157.62478373028318,50.128960772335844,151.72942284214125,7.8720103237855135,1.6172109491639175,0.5479177217807968,Moderate
105.28072240571773,150.27297275728955,392.8021943618976,629.4518203724076,836.160107959362,77.07860389036837,129.20015557606575,274.11788676588594,17.32967805897396,1952.2677601865782,5.155291952822166,4.836529052143922,0.7103213248171347,Low
30.952995325818673,123.65401407356883,129.14946777597456,374.88348370879646,411.22456162920196,1.5850684161664408,73.10701296740869,226.2984598802609,44.00281903891903,189.00387687037465,28.038212796732633,2.872695198186253,0.8217847547988274,Low
79.19808552410149,175.59777220244257,376.27212353644796,628.5847502046822,985.6455139058351,101.02747912081635,129.2591269430351,209.7117689247853,99.46649242443924,1352.3348957169067,17.938996255697543,9.933215358486205,0.6764788171991772,Moderate
98.0666640241459,162.30613955494573,359.3149269487012,614.2797578942084,965.7051695922246,63.55352679907456,79.97613413423625,334.0685757776714,14.366068302365848,697.443523155265,2.691381390854826,5.820689493986117,0.9786173941955884,Low
66.62409739193548,130.30614596449396,204.60967442576796,204.62816385207185,511.64996733835363,76.62785474456969,265.52978312001926,271.3810965254656,72.7000220710834,2287.9918175780267,16.00057597324762,5.686454359289693,0.8288314584083686,Low
63.558069402720776,212.69807702581542,246.60473102764377,580.4770123739966,835.6083354843212,32.11743651194033,73.18657798750468,223.67433569270923,85.70698345641225,1131.071377082415,34.730115852823324,2.247652819559229,0.7883021943774814,Moderate
29.0222749080542,171.09498760559762,207.50214928195348,492.47521775108555,709.3674188547719,82.76733425911554,311.2478840256915,778.0626060422235,68.38533131278409,2246.6660544539905,27.68621423476939,4.116459915213368,0.8528465000319742,Moderate
11.172332136707904,66.57558183924212,240.93348614854025,557.3270799547901,853.9626264487863,146.87298596272328,238.8729013247473,394.13768599575013,61.277340804696095,751.2073077101461,16.325371034414857,1.2835810438820001,0.31715038865313155,High
107.66589095439922,272.1478108515859,432.8494586231293,438.3246119807312,555.0223378449346,11.016703650864217,178.66815608120058,358.8978496345764,73.67989752808818,971.4696466342714,8.631215623556464,7.637166059891342,0.46044479625096163,Moderate
108.05016685959966,279.55686992005076,475.24328848289747,802.0938670079063,1272.7233990967302,42.587609949664596,98.93813864186465,335.5206627589004,48.64084635696901,2368.062374676466,28.430802936214796,3.345034499227095,0.5862397724748613,High
75.97217487279215,134.7858324381995,369.15612553797564,652.5821105788123,946.979375168927,36.44963892912447,96.53033105209119,377.3770184778286,18.222556357798908,507.2795550744302,39.939988542585986,7.532060042262442,0.48926700252055133,Low
40.683574925844084,104.48006570859397,277.46190652524194,570.4886065607864,726.0848287379747,37.28239661267694,180.95969732957076,585.3140197399428,96.61345788730435,1448.360373369607,29.08227231071612,3.7483751992982803,0.8550849273128758,Moderate
41.90514895351931,132.9192965694719,171.88218070733276,204.53276536002176,429.3726908026004,56.80595363480659,196.96668492130314,292.12729649931197,48.907069298577646,974.3332697574779,36.58067345926009,9.888134539142714,0.07571509179527042,Low
87.11468146442873,256.51642772048996,317.37708191184265,575.9493920333518,978.791786471798,122.71646771162513,314.89877471464547,750.7719633109241,69.88503134512158,1936.5463782464747,23.468752734946694,1.7526601414334868,0.2487166463711798,High
107.65323119430926,265.39072915992534,475.939161878204,811.9100032529359,892.7180336180846,136.9288034946581,326.38212991822456,705.1568084901692,57.81793932003657,327.5944460725367,32.3086998033463,0.06516274413914638,0.8876212139517621,High
106.45037091181408,124.91260417686024,177.2391231354124,414.73069263176865,561.1485038618989,30.332263118845997,198.00420428476127,559.3293716155389,14.92057647797991,1095.8513476666478,40.330204820025855,5.968514136714937,0.10614513079311884,Low
93.58506550291486,164.27659929176977,182.40717853039013,382.10367014900237,721.8576815172801,81.44249069221691,193.72513216558966,237.12741902290728,95.74719408932846,1748.8369039789316,34.79305402163948,9.53188434087399,0.26563888842835814,Low
77.04379753851453,176.65061169347345,352.4706252040361,683.441012416185,841.1856156572969,95.53484582482204,318.19494239497635,329.0152873822687,81.3283503502891,1020.5055063403687,40.943427902916554,6.488187846314494,0.3836878138576619,High
10.09679579940586,100.66064085868308,201.29222973121858,356.32022233827115,752.5710632690041,78.27412115457673,233.9187437099014,530.9250941639434,23.41881050224554,151.03668949206485,19.401282095222694,0.9029490513444005,0.7632035327711064,Moderate
19.39544569135365,54.29079791999433,284.30081105647025,494.0535592651378,559.2803028538182,65.11145912953793,312.66108174512726,744.2280630067079,98.348398865944,1764.255092031683,40.68991148071755,5.427779805538942,0.582171661358506,Low
107.82650262324951,262.41352143351736,424.9772892069327,591.6956919299608,973.038777157265,28.796325878885675,233.63878036247533,525.8595124327933,76.32112349545372,1260.4798275740327,27.970525551676843,9.099395014570387,0.9568744676413145,Low
72.7714871591508,194.6208280985815,217.2255725464967,543.7217500226014,577.8976074478845,73.23290387988578,84.31035668946734,190.92778941223276,52.5089485385478,33.215173266850854,39.15219447367622,0.1147353754061267,0.2664812643193248,Moderate
1.1036461939955577,151.9271536673202,388.8912954807354,415.5209498486629,421.8172561824103,60.182224156699334,140.33070092677877,185.5906499013854,65.02330509036159,1533.5764585947907,1.7719438697025929,1.7107765177360978,0.878514384739293,Moderate
12.176585143923852,166.75415542682885,231.39347133689031,406.7853666257622,855.8971260418432,119.33450437534044,262.3034334930784,612.1016599019458,19.606301381313777,2300.1031512093223,29.603357186109125,8.154887483221033,0.3187678152617863,Low
79.6202122929667,214.32426595279986,298.6273885543713,539.0607430392747,829.7303515054241,114.54065387444928,294.9080383423211,655.7931770012258,60.43703590140499,282.00974078816404,38.15887854950544,8.944375710445954,0.2832233461702322,Moderate
0.6073900615462424,79.66529828649536,180.23040170738085,457.3976901551638,633.3111386985695,20.099802180850606,157.68392662133598,243.9497769648903,16.629496481535348,1478.7247313478765,7.8390915139439885,7.086248177639295,0.5234564381943831,Low
19.29696617009984,129.19538207287627,142.00145617395458,346.0579827794023,462.35530126132755,13.277857884460136,209.81046350000557,223.90562124827372,59.036973140737175,1823.0288599977628,29.78041200592154,9.916023628216218,0.117644279993669,Low
65.84805472399033,94.7138278255441,218.84268338319532,536.9638938257042,845.4067854561122,136.22309148412543,206.8870046734616,411.0287612850601,59.74261198865069,181.58030700006208,37.12296213974842,0.9476484993863648,0.415091662343619,Moderate
83.02742372312319,204.2835988686066,235.11322163742966,564.8102280467847,819.3113198151538,80.32625834467466,126.30427115288091,417.663622219392,88.69949066446695,61.425568119644836,12.957721633468667,5.479481332573775,0.38789216970425644,High
78.23535114031206,110.5009371733826,210.74351884547053,233.25524696322475,729.0541347282174,128.6701405923886,142.14931153983113,495.1505163234267,75.25517502450646,1163.1686872791433,18.23608475578764,6.865697490343482,0.20209647791668484,Low
26.912317135267173,151.8232434270954,239.5006904251165,380.3303792645975,871.9383725914704,8.722668084960173,152.05110422784068,557.023608804292,32.45971529936081,1979.0107846497376,25.62829733246487,7.041314967672424,0.8677551030111651,Low
85.4615065617043,126.78917549741865,319.9991963540445,328.20985395644857,645.7221370272534,78.97734247824454,251.12722264711834,556.3959363004844,89.95835279690712,405.9949281978242,23.362545999805295,7.945171922674617,0.41659516152391407,Low
28.469890499616007,49.6291245266556,250.4217524348384,365.7175825158934,587.1528355688387,80.91397718643546,162.45140646627584,217.89171076551835,61.591839836320524,2092.4099941762324,1.763522686671104,9.180379148738863,0.9828241705379984,Low
39.04796377911212,68.79917200484446,107.15239260211646,295.05626889182724,540.6267534591583,129.1053048813225,282.5013510952916,623.792187166499,64.57415307166303,1643.1602522818723,4.440244413843605,3.64833238389029,0.9047225515858855,Low
89.5789686141629,89.93755295359556,181.5753497984021,500.3535754768842,841.5931085953152,14.641499734456126,27.680807447788435,519.7691288952295,25.208323229996047,833.7723530322717,4.52099606869626,0.4774857584359765,0.2350701645914292,Moderate
77.95594788566576,207.32907909930123,300.66736935725913,596.9613822201502,647.7486543378409,36.06683455138639,60.8901711255873,513.6824634242892,87.19962363722026,1291.9853672386614,11.802055747462875,3.6562970490855347,0.5298660637210415,Moderate
101.90680925930135,233.7389980898096,271.59160907383085,316.2165134090259,480.39255031438495,60.980747083051966,236.41944014767657,672.2538947824329,93.78686035148895,2414.1095744182126,11.063885076110216,6.732566895702987,0.6217139314482253,Low
78.9135470760412,171.60155006042788,371.21492632322554,403.77555748253906,441.411677984341,129.87622131299133,221.89364761731602,372.97872429648646,79.74915845454173,545.0102417276853,33.40000727040598,2.173888068969753,0.82801247779644,Moderate
68.19703240025659,97.24233659022565,274.0494186740815,480.292987238915,516.9733669973748,140.83249726058506,308.66600503633646,684.0600932633367,94.66772073805056,1251.3408173713804,25.773497370726503,8.109230868009169,0.891360612168825,Low
11.240972139371097,26.28075289129525,73.87619946555392,260.1174898261279,358.03711077324476,148.9086929390442,356.8389730090237,782.3906959915964,37.20699137101113,1563.0939574885138,34.378923809035854,2.2366563543421663,0.6428171200977154,Low
44.12589636713202,47.56911032584368,139.24958747429343,232.48176197480177,475.1083892714152,143.87902296877823,357.03463233780747,696.197734653439,87.50072515264941,349.34644066178726,3.145322583489156,0.1501308536827247,0.0833774929851046,High
31.824284121807054,61.65895597554678,88.11021218967534,402.9187917835177,795.3059523649124,0.8912633766531619,43.93317474276591,169.21405302675618,54.000382857736824,113.58761111515756,21.83464068622203,5.105403703524614,0.5072126270422228,Low
29.27875720549003,189.63275350245644,346.68440277571744,671.2626460872611,914.0105916701974,7.156251218080806,128.72764430591744,605.6446302433966,24.752548264922645,38.58258256402086,14.569901066937126,7.278292635466018,0.8905633593770157,Low
116.76126657029347,160.2378980765962,190.5808792137511,331.49488263280807,499.23318791324294,22.1410228736383,205.6227037817599,431.03240951109785,70.1920539130061,815.1086772170405,38.247268984008585,3.529070638341498,0.7283851224170469,Low
47.17172696001125,110.94056585911007,357.4241080153395,669.0300030050716,710.2064981734508,52.32931451554097,245.82446358226858,310.7272429152083,71.5708243635291,189.4984997397391,31.850512060945647,7.501513205391028,0.8766348443389849,Low
107.04558662125359,126.00777382789357,321.17829249985914,455.5604054918996,730.7081670834643,124.4877046480438,320.65669983026316,375.5456473589592,35.82320623810212,2010.406031590081,39.11663118720583,4.412123124504031,0.690375800236572,Low
75.73663511967155,115.7616699743422,213.32130737034095,471.207198510736,606.8414917523244,133.89842930032208,190.9402628954682,514.699756544991,12.474399846481305,2493.3122202685563,2.0892205082727027,1.7585604422020173,0.09183325932422404,Moderate
95.37735642499781,188.83777916543474,333.47876223527334,500.0585383769768,807.5256273355506,28.025160944187455,76.1588653751308,295.01368858350037,27.9862533177007,157.95303522748773,32.43705703049702,0.9510560182996014,0.9696063233962801,Moderate
60.316451172623054,169.71193412984053,397.54738818394276,440.4514929614568,929.0453625276659,92.9496227429563,240.4527398113803,287.69467740086213,45.97997929064981,1084.6520584539319,24.30037584718101,7.120342290828106,0.9221176135411947,Low
69.22846615516309,113.39188270508109,251.9167028040376,576.6936732369951,632.3508339757702,137.60429775979148,322.87574719434645,693.0580332723937,25.08066199538817,69.20164684152405,37.12500130570046,3.887862136648634,0.1702505629169921,High
59.10212325826367,69.49391191878476,113.11853351827355,272.0523412004114,378.1150405613813,69.55976038969811,149.34463927324643,549.0072229025562,27.462695341564377,339.30727243937173,22.822226591661945,9.132098990841515,0.15705660850156136,Low
23.42915853576534,93.8150749786971,188.49091387398693,445.5613779868282,682.1086470365155,15.531535792917595,41.70782500852298,404.41564040174865,45.22515979440426,810.6917894721317,24.309408505585903,5.425537832810799,0.5621245754531691,Low
86.69425383138064,128.8508605981208,339.6370768555571,468.14791190650936,952.4548195794741,68.67204751269374,247.8586432402131,348.98908208221957,96.56079528777043,987.2770415788364,2.3295321423929307,3.5169025612959905,0.7691982928290391,High
33.692683492902695,73.21238967426704,234.2656436716715,240.87395117335365,626.7788393083515,56.36923534320859,131.29369318820972,476.1814211862444,78.78191638668835,2349.758451339457,30.083528926618502,3.5224597235477444,0.413064551341341,Low
2.9179159717744607,175.6932204601964,338.3743165436465,373.5599420857891,822.6745386672042,86.64869940990104,128.2393804878315,133.60078193502406,38.77735611039077,992.6128378484552,12.291294402227251,1.357806751303859,0.17956305536607997,Low
77.45667550886014,188.39076297549047,405.0961343976128,578.7729522190864,745.6303764569828,65.79880266106555,102.72968476034846,255.28575459955306,95.64436620266933,1243.2127593482185,0.886226498046922,5.958202078212108,0.5350282938422868,Moderate
21.253281528845875,121.49140129982314,344.9846656654493,586.4721906596761,1082.4914275489734,2.601889028057691,81.32927590973677,280.74004161350865,68.10821130328594,617.7305038432967,2.989672312771352,5.842562997332705,0.3706878294080238,Low
112.85503012234972,187.69454875654765,417.64269170140676,534.8000560041544,586.2164640362331,149.09966001205066,297.26917649048704,714.8926509332377,50.99046801761261,5.312221197655856,43.077852403471155,8.00993723476811,0.3841833577737584,Moderate
114.47142924031048,191.68140925773645,215.39370757102546,458.8146682832031,485.30112130625355,81.53103565958564,171.1315953330398,366.3287818677419,52.14701790596324,2248.8394695491725,15.573478031093114,2.0519097765474066,0.662736259998363,Moderate
109.78372682645383,207.1466275173084,343.1781280080836,587.7005843092682,1015.5018978362823,71.04461332269143,76.21007622104933,81.84479931574847,46.967002105185266,208.87831880558053,39.063403287952156,2.943356942634482,0.8913276942680287,Moderate
44.419044030653325,169.7764092971526,354.9037896017322,601.2813571664731,1064.913792269966,143.1926057256081,167.41971439506088,343.59292030906556,30.96928472913457,2410.8008583853916,43.18547553311652,1.0175177925010377,0.5806621443128621,Moderate
1.8547939834640914,128.2410912961934,317.4728025779468,489.8554514851248,535.1481302581757,23.379055138061567,96.00486693771634,345.4669161173599,44.796897299233514,331.45603973014937,42.447023497679524,2.9886549125756217,0.7032223852881538,Low
111.39822751052705,142.30313089750797,293.9821813900089,614.1923339325353,670.9060473054561,28.385640381787237,193.3117609185602,667.814154254947,57.51067456390533,1514.1718094723485,39.67763583147391,4.3096160517562865,0.6769496419451794,Low
51.38209779807772,141.40239317187059,183.09922696778912,354.3180082610046,370.9050871388915,121.20221235941752,145.83098072655096,616.3481326213233,57.52246156571989,2498.5294167023094,40.26797606075854,9.642082639242139,0.5735888829290835,Low
115.99857828524034,190.15103539137868,389.5061738767948,547.0989916006181,599.3527729219801,39.12466200375132,179.28887537892177,269.72589448962754,78.55632119912661,350.4691671938413,13.005361995342819,6.548006728605387,0.3452202383039736,Moderate
115.63439725071034,272.3292511791995,452.35708455793593,522.1403712116554,626.8502796117958,119.88406594372904,149.8555336497301,242.42880451945587,42.29180714416173,1062.7379969248616,6.8161450617161226,7.839595601302994,0.40890447566472676,Moderate
102.36113465608321,216.01654047539097,237.55048336265003,345.2297639373678,830.2680733923683,40.730022436275384,93.63385427362076,175.324582505896,74.51182263735572,1952.1570540838338,28.766815293956565,3.288823357943877,0.34991860856589535,Moderate
35.333867048350285,131.184599003227,247.13705517182106,261.95412755322724,595.8842386730674,4.978144533750223,48.025276422690915,442.48624262974255,62.02826548918162,85.31442387567081,21.964751634097073,1.4879024874405598,0.921623191657952,Low
46.21172743223103,66.98276302443615,110.47711290488705,332.21446567054664,721.4909784298177,77.5522085830074,94.35936747571003,97.37038765991322,96.5660864074151,1726.0079640944111,4.443602341282697,2.6043634220376313,0.835287736984921,Low
102.13640058202283,211.1512206602369,295.52048208847987,382.50799246296236,770.5776943087235,29.502965119029206,197.33541946567675,260.9240185616154,44.67564334305844,205.5314780375447,30.48935922100849,2.6018535254432447,0.6003800042086597,Moderate
38.03064061875332,59.12734364119533,63.64761669261669,170.10195576252949,437.6388306521368,113.67694393987067,229.5278307863793,498.5076466084288,91.10948178347113,595.1177549716998,25.3287003368148,5.851997516519599,0.9166312974254907,Low
20.3391296023311,81.03631320416648,181.11878030685602,450.90386288936844,849.6483517458771,96.17994498482221,303.94330520915673,427.7243386525395,83.85782925684605,404.39002542093425,38.83803303646976,3.447637767927535,0.892088258490579,Moderate
66.81615149500202,92.52770516158175,229.99693545063434,344.5243495571432,642.428115752128,138.54040019668767,163.2631101922669,209.44133931189793,67.38978561305112,2268.804396959106,27.413270805977938,8.581118700116125,0.9313096797642434,Low
112.33857289929372,236.9118293636801,391.80747757045185,476.57603977505164,633.8490885767304,117.44825358986039,153.63148692437846,333.5704930912956,68.90630200679055,455.2395083702937,25.827578087478916,9.886017966403156,0.2606851647727563,Moderate
83.52357560099676,120.64895609150423,286.52154237368177,345.6917545704788,626.2468089546792,27.116393226109025,103.73082606372168,240.83462859384406,17.61849411457696,105.88306831031721,19.833827549968255,3.465819132371312,0.7316278858756999,Low
68.40734041072379,138.94202758456845,348.01485586018345,619.215296623868,885.9695896911247,120.02373549971945,311.4902322344215,567.0423854915638,95.52021450340891,1471.1260677271666,20.825418144999162,7.065349723185756,0.6287632749273268,Moderate
11.661179252492225,172.8826392238724,226.7483660428049,272.1455563393143,683.8720832189746,96.26055672210349,172.7002625110282,662.3170594261261,19.624245714616954,868.7214088972065,42.947155214060224,6.591991490107669,0.7471391059428768,Low
73.80086720390037,110.57781621571502,140.698271825332,299.51208791295574,790.3756966037852,100.34274626409373,202.44742313876688,264.5997415462261,60.69099778691564,1017.2370205002092,6.230070423010769,1.9849017529362005,0.3002103957223728,Moderate
118.80646201251159,210.21137352509183,423.0956664995732,600.5212071265912,806.0424898370565,124.83943289552231,200.24032446981346,386.6036768868606,39.7063720404239,302.0615484320547,20.07984683619842,9.18418551846531,0.7100686178663829,Moderate
16.810081828382884,92.27898083826685,131.43218456142932,372.01865400142947,753.7139932221094,86.07361037834103,106.12968332859852,572.1221922648359,48.68667804608666,1871.8450561258203,29.512225526707926,2.034453742524592,0.4393370894916676,Low
62.19955828364841,65.46188567187976,309.1519060059286,530.801124822477,580.6826268415439,69.90052715295194,304.75893287699876,743.1954546239101,64.91647097531353,1505.8763558605774,19.48547905156798,7.382723460113502,0.8423872064909853,Low
105.28476863135465,247.98122907446094,458.6157864241202,742.3680219549314,1130.7837066790757,95.49615530380919,232.6309033216064,429.7664207137467,91.79662400940894,913.7215266469585,12.744703216834099,3.5087159406294086,0.8055974389036844,High
88.89223413050453,101.32049726713248,226.53964873953225,242.2026506137156,427.9111066103317,44.693614343753865,241.65191139012805,591.1285436499963,51.18104112150713,433.07948468902424,12.931081684328468,3.7024615917392643,0.2507897303159713,Moderate
83.64188891943216,169.0077926952838,414.36314892579014,518.1174025985791,537.8124840434225,27.389569663064893,191.97884270938889,235.90734950006168,98.8956599775797,1485.6620892305482,10.514522081597208,4.581718076245155,0.22466251258313785,Moderate
84.29809007845311,185.22018316746409,209.56436544446512,307.61130701584807,489.23439629693667,92.48817571068696,221.05174547618074,577.3222732479883,63.35308588163498,1947.6002123709065,15.475644026239035,8.651854381648638,0.7318451352206228,Low
43.13893814637062,156.2557003369963,232.02214063077173,283.1280575880096,588.4494330488319,35.07725536282165,57.49681952766668,543.9256842700374,24.449854837795705,784.4312232486512,39.22536490126051,1.4455068180365604,0.5729511499917525,Low
35.231021311739205,159.1847145871568,318.74081834730964,419.9532071970647,479.578291037798,11.98726640199101,172.6706527195671,441.4147291366629,27.100836534812707,69.52165692879976,22.735104764534782,0.5929672994558014,0.5793456151479465,Moderate
97.12333865742164,142.71236769151037,230.21408480980506,338.63194475982124,800.6491909749485,0.0831276877880871,38.92571667199612,288.17083018920323,74.44999320303259,539.788241958695,10.81074276350183,4.050306148192124,0.7648895572863869,Low
97.21360736150169,99.00978716002257,331.10292515522053,513.7624868298379,552.5986934662573,91.24791021001008,194.84370254907924,288.50301240003444,14.535801481904358,1707.5825581376089,17.30370226619396,0.6030717364637765,0.8622222533707006,Moderate
104.04867822961245,234.2685374534966,250.675059497951,482.9716271221406,947.9749870387236,54.322317522035526,211.6006033921431,528.4947028457891,53.230741860000414,2472.795461755022,4.762368543535561,6.891628786421532,0.2770157055782809,Low
109.58886630677655,206.0070541893407,343.36001220458184,476.74519196871677,830.31395093656,112.8466456010184,308.4038957190493,603.6225361085067,23.339719882316494,38.37371732489743,40.68160828824321,7.615234496520771,0.5777625694510227,Low
61.361087863312534,211.86227444061728,359.5788412893959,611.3934222490793,776.2495099561811,56.276459746965365,227.53775367412027,553.5042834119955,48.98967716600605,768.8531375195914,18.36890244411444,8.554388327794927,0.8375069740174733,Low
60.18195536246395,208.03186068458893,371.213891628895,488.871760131748,684.2469339862946,72.90051723573401,240.78389949939123,253.82554284175214,77.49256798645476,159.74207176985297,44.117604206688405,7.4512303425617885,0.8791544626352524,Moderate
95.79542147601302,247.594131677832,311.5106875107856,413.10997457095175,783.5146569373238,61.06274592230774,98.3232982161096,372.6850423906464,51.29316354172907,794.2914729687652,15.639244796813367,9.167696367242158,0.32303891892159076,Low
77.99567169333181,165.31271048964905,256.4543173696152,445.8701369195737,746.6056873601774,97.58621866640192,184.11835368429888,481.5857754329854,24.710599808283426,1017.756286102916,37.63602212522045,7.49559617109606,0.14894616376763692,Low
84.2360252709244,144.2891365215602,355.2092689378046,363.5099950448313,699.3314557723039,53.42087430224523,64.14894246729376,167.91401017369486,32.67328333209782,2302.5509194059064,11.537339098115394,9.363952616790096,0.2711820911838909,Low
95.49512033233212,237.97559679877872,286.71128904131865,314.63748231321875,509.2197905699587,144.56514749134632,324.4343707854625,428.60079952973047,43.07856297869642,205.99919451542195,3.4268802019921,1.9714524023831634,0.9482245383138009,Moderate
106.80064101810795,188.03358136337386,394.75054315671434,541.0398834119987,784.9466243157982,140.42204798977951,378.5685433191343,516.6776275746092,16.260506513777322,1943.949462399096,1.4280012753210314,5.023638172033915,0.4893557268134535,Moderate
40.5594188221843,73.57901417480251,214.24286990048813,544.2623188876029,1039.1960609065495,127.2041853985922,193.23178294336117,549.09257880698,62.59038724730097,991.8583181770936,27.27757919901526,9.93960946706384,0.4476451010282236,Low
45.06995431679328,198.96527783785868,389.51215563637925,642.0412785815776,749.0027138314364,138.0450405859122,159.96921787648952,463.10224964267536,64.6780412150245,2029.1008099189846,14.020815225311523,6.83170291630002,0.06243013129749966,Low
11.27783278090428,170.13861059992678,348.5404521657947,379.3847514909899,588.3128447520556,67.37095326890865,186.26347245732205,609.1447955162243,15.59367344193107,1285.9384523874253,19.958394621412275,8.792479123993111,0.09846394877528358,Low
69.39361691954088,153.32937302477148,205.20724687099124,501.41855134429704,647.3301451312807,80.46455951842381,294.639115300316,442.46840122186507,46.20801890567458,103.00868691430816,36.83911660203579,0.3524182486369095,0.6852611330009875,Moderate
4.31307285560905,17.939023771370795,160.142207879839,416.4474775927023,799.0032328126272,111.31388888373667,249.3074377016816,705.3414676458408,47.26006145962524,2365.783682363523,11.164863856266097,8.723991090755952,0.6103357152887466,Low
55.87176217589522,125.68045836094285,342.6112465622159,556.4425305581445,938.4488433910049,104.42188874078117,116.1161762883095,487.9692572799887,40.04376116973411,211.42148826913197,13.889361453071096,6.992246683992371,0.5967518835706336,Low
65.1173561649092,209.7541348681778,317.7831940686601,604.8857302818722,751.1084607805701,133.60178934082063,377.16984947280713,574.6756844796556,60.19657662980006,1496.2203388217215,38.040128327640026,1.7490165681777208,0.15480673222324798,High
34.38495025539413,196.7042753937153,438.3519679495445,579.7904146595795,620.4855729760709,107.44965408850429,314.61213157915444,362.2431643918824,41.13617410541006,2194.781068519122,22.174302300457683,0.3055255164147859,0.3844581110870858,High
70.8999912682813,107.52508491784855,220.57885994327808,298.10422774212657,303.8205660782286,149.6827062342691,182.58122549714665,311.07305674088786,47.47683515300254,204.02564538673374,37.244932517361946,2.636269452350246,0.8217402317081406,Low
3.6600299926859314,15.715280157234805,51.41168932420598,230.61987551227173,444.3451421335145,52.275869974738654,282.7253091006159,761.1094177080411,81.7771192697445,1386.964004097952,16.851420155984236,9.161944921978064,0.2161656627208054,Low
4.48178264990573,162.4048642138167,259.763534233235,451.8581486909509,657.0269458588364,124.9496613359127,237.62173348720984,392.8034214292495,24.589841988718128,2061.6032394335084,17.926649137219883,6.69792274006785,0.8885528884333146,Low
98.71206727915899,168.80495629535653,406.7305578929908,595.14478809646,1089.3397274163915,104.64522342489963,197.61972106863493,362.5702011431672,65.72032257730788,2465.8801480712605,7.521226280021532,9.198717587619077,0.16540438533145801,Low
43.222876969351546,140.73985053751295,220.6700628724765,418.44588989051334,653.3469277393532,103.70796678225278,218.97129941404984,313.76576496290835,55.503496152176105,1812.196865030983,41.235563411773484,4.489200285817881,0.21069186361778874,Low
15.247261518226175,189.49910768736277,406.52364765412847,738.5703690378418,866.7795538255522,48.87533922674984,257.51832844448666,660.9436290138693,37.456447373141415,699.4442667809177,40.35526623056743,9.369439597590649,0.5038624630960421,Low
62.66919120657653,74.65084223113664,294.9635126516091,610.74948073529,1056.3642012510238,117.84026886345337,282.7101884351498,420.53230355628847,75.47811908413696,1750.4279729642965,44.28976565541481,4.656450163677806,0.9480349092261106,Low
92.3992263718333,209.0964677132105,296.6430987962008,603.1440615918295,848.6780364186188,135.05640335213988,149.86851645207176,314.99764063649957,59.60695235870332,1765.8880894225601,18.11012072263702,2.0823345079624276,0.3630702942381524,High
25.898523299621182,39.23749936309726,60.05191387575529,340.5477976937748,640.1356152990637,32.782269228084445,272.1833620071272,479.3574162229405,52.96253742646258,1751.4152002010203,36.837672379138894,1.5563649686352508,0.6753070938801464,Low
74.74685709828003,142.3312642222501,323.47074151195466,653.6705790548045,701.5049342689109,93.82452556750562,130.77055893708507,347.63469882438994,70.09023832940801,2136.379790547299,18.672917925245336,9.93842753969869,0.6092376931896224,Low
10.24169579925216,154.92831393407258,232.8063886875691,267.2795132753602,458.73771694024725,58.82022436541628,245.21221229925402,450.8826075067649,82.20612771832248,223.01325598612988,20.443445501443772,3.37193348167198,0.19214150467552965,Moderate
6.201806540232924,84.22680843624711,279.9577120006402,372.75085350664904,844.8626907435424,148.43221789423157,307.4663505012643,559.3381981886287,97.54019110302185,275.50751431150627,37.3499727117671,1.6425276019099975,0.2857585563244551,High
63.76255578817776,243.25537949070883,353.9190915558171,527.1886725349218,821.9413646226345,71.82492237475223,118.70693436139246,525.9633741695941,66.64153315387361,1603.3397249427674,7.981504689887988,0.133663887362984,0.933645134011631,Moderate
64.87621459321278,165.50688588360117,286.82357146925654,583.1106440624484,755.3615716336792,34.2480260695414,76.9310450978038,486.5735654688148,88.69959868603446,2384.9333347649786,9.913992050778853,2.8914171869697425,0.22558814247044456,Moderate
76.49158817978478,134.30077565425643,328.77812734139064,505.58612637434703,818.4197166901436,57.27864378327488,274.8605422094479,674.0171090911213,10.098238692066126,1167.2674041035186,14.162770817811676,8.896705628845263,0.7102593952673576,Low
87.13096004671938,126.75099870957494,222.34183147498192,484.15399024453797,939.3595350335961,98.07575847249393,202.99948934739322,253.56190890563698,57.72121234533021,2401.6039405560596,35.46805646250259,5.363392740739151,0.9664597584702892,Low
117.10224953550416,180.19594570701327,290.9777820377419,339.6137488748626,476.6090491111577,11.41340570243644,175.05753424597108,574.8969358833781,29.31827938931783,2345.522722492804,16.769319721563726,6.342728762673301,0.16353069259216418,Low
61.95604179614344,129.01203107286258,223.05964826526812,311.4044828070642,563.9628420424015,90.54028803318565,216.55803899735395,276.68392574064234,18.477321137482345,2257.759796894627,16.11756937263427,9.227791483710803,0.4292228906779487,Low
38.75477675294952,51.12323874326249,142.95836756258248,399.0800008257678,878.4253277816455,139.6837138768347,321.52209314582456,383.8839781719536,57.87739153579529,2275.0781822858926,44.94673553648588,5.1527571851649405,0.2627355372206004,Low
95.42234337224444,161.9456992690636,293.43234349442844,351.08924660513185,437.2873182543582,127.55441814867757,247.3650119085102,721.2963977259906,77.21438555341847,2246.305389353325,17.271276439476576,8.390884466233516,0.26048344153431574,Low
32.4998701514489,116.06280370450939,318.2626648297971,441.23724195902145,801.0692047573773,10.151030498697505,81.9960093125896,491.6949316653603,47.10452702269418,2050.6240119302593,11.149674134201414,3.2721411168597183,0.16303655179969678,Low
52.67657048467633,182.7693658876612,273.2114438683027,365.91463410305266,673.1551382045438,149.00848181086022,239.85432455998432,516.0595579939886,70.30967044099914,1738.972501720299,28.04461551904245,9.772163535270138,0.6670736247918926,Low
9.414765761071916,127.62607301096135,258.6897531453955,381.14134612326296,720.9789116935804,104.80903855558186,319.5784621681675,757.0635644070985,54.074732845685496,65.89840558855757,36.08459783797504,0.8341980414489013,0.7590263344151762,High
3.0420892098549013,130.61990715110267,298.3017385117529,546.2151556890425,721.8249710228273,24.342123647103552,141.3507968777853,636.0331181537167,49.33772793634834,334.97271242935096,3.132352517542167,7.262053778856982,0.6929542145219034,Low
115.517809761351,117.02327249918528,184.38313407509904,313.1296474750794,470.0693342169619,1.8624133754135241,55.224746436565844,360.5457797524546,36.12309763922745,339.9089760560105,27.850150401231375,6.622634553264929,0.9284236347381952,Low
100.3176144614647,139.4977463859612,208.87844761155935,403.22061052433844,745.3254458185237,25.6923954438227,259.343742463136,565.792960953895,44.43341630509041,63.733009277576734,1.608095514610114,1.9571314832156284,0.18839486828215146,Moderate
83.51690473124376,202.62007664321794,435.97335839908163,470.949515368125,578.7211579203977,125.72638810286078,324.87650222745503,702.090016807419,41.481606771498505,296.1709122169735,23.684955794078306,3.9189977885230327,0.3538531047157559,High
49.07435332971239,136.19243960206688,317.07608293483906,598.8322755669587,808.6596479964613,3.2458987417745613,17.16243525582434,133.23191143849073,68.15684656133934,2299.76735174993,11.564620369101414,3.1626497119312136,0.37734416921733316,Moderate
20.795318408501494,21.751744028803763,166.04841308463097,295.5094320614746,389.5967550879336,34.972095542712985,284.7078360378424,368.2702667972421,20.441666015122557,1661.191695842411,13.798876395293357,0.990204039908329,0.2704779986545594,Low
18.772445120530325,163.58148075825835,325.5114943634113,552.4984500250812,556.650870586746,113.5958393002313,287.32751341025687,667.1178884177932,18.33727318190254,783.622180647079,21.019318379207217,5.86864082836087,0.1850946969491183,Moderate
30.02914777975144,169.13487097201218,176.45973174786678,430.3460923295082,915.3747723485429,87.91658038472026,127.983230144867,300.43562764191813,69.40116947876143,1984.4332305305165,41.71983573355141,9.937014963373397,0.5123683021299505,Low
65.90719976473446,164.62264910357572,319.14839049399995,392.5297132330951,608.3812025613046,117.41035655402878,176.70227687867788,244.23745503164488,59.16682628909927,1223.481869952353,31.98002879645444,5.617902003481222,0.842717646645057,Low
85.75151072400747,97.71490936373645,225.09212766978692,534.7283724034594,1019.403179613372,111.9225755740182,285.03394588440494,442.47280884327984,48.718008706839186,359.6069571051121,42.158051832802336,5.475336073449651,0.9568127393231523,Moderate
79.22368520612775,217.196394121993,353.6338140668519,569.3123021292854,639.4740620131985,7.59020806827071,202.53047188805118,381.8489058253389,23.71985959671132,2211.8326926600994,29.698695205140492,0.45112138817775566,0.17287360060757279,Moderate
33.59206763351314,138.66051342515865,228.51647013286293,378.57026974588143,672.2536594746244,133.87671286412274,193.63569865157427,676.2495284044196,46.99244006823804,849.9615558599988,0.31984861895368477,1.4352412224687199,0.8319993666690991,Moderate
114.5838336795833,255.33662956801595,275.7051039962514,339.52241824862824,440.009434644248,34.054775142340304,98.29698861715801,447.2768441611196,81.07585869880104,1748.653780172086,11.951333880645493,5.156529936567496,0.8333520668170111,Low
88.54763000349222,223.8620886347435,272.1968970377565,602.0022253031789,997.0392887848162,83.00886603446456,159.78903975247977,425.21719845234674,90.06591122103313,730.0324304465205,40.75976599741683,9.85252671363151,0.41952921547493854,Low
66.52248630136808,211.06285925377875,448.7490375569467,713.0229090030155,1104.874403383503,96.64322347916682,246.14781468832598,730.5843840296284,73.23189129677982,1252.677770431131,28.955048443548513,8.772246967845495,0.15452814293818143,Moderate
73.40648954812227,166.64794150095474,268.82283206868823,341.63142902532536,397.93500354498127,25.29423163276431,68.24827620808354,519.8181464451739,15.392095829279274,2041.5505152683866,44.17412564566237,3.435080757663016,0.9905076064190531,Low
50.35200749133479,75.6104207661675,192.28120972388353,310.4799808773621,766.5122073155567,146.43468850514617,172.49548822634054,428.4959165334204,70.33687989410066,396.1594793287974,7.018380864823302,5.452892329569868,0.6728133790023778,Moderate
29.727718740138897,150.53606394848288,163.71351141184263,447.0995017426683,544.4143253442805,73.22339341309635,242.93941568447474,695.7792333729651,31.68870305916651,2443.242231122,13.353652489793374,5.5493871114286595,0.9830859102895014,Low
42.71672143815139,154.4020027475061,163.79356013350124,407.28074225886985,713.76941305355,8.646404339609015,203.42088928790153,405.5732183192298,38.37261187237645,180.18872753751185,16.306544678266633,6.869338096983722,0.5094727399004255,Low
90.9415332557243,224.54710695155998,403.8424687132494,671.8669711637529,1164.6837812076049,140.58930671667605,265.82165782080244,381.0319904991148,27.628588716398607,1337.3522298025578,14.695101817528975,6.893431310329428,0.4254333499398923,Moderate
1.7272186355707042,32.305799724703064,166.82946575498087,321.2498515295072,762.4481189126891,87.94017647899021,178.89835404608655,295.23744245712913,79.81802115581841,2290.48367078311,11.339618856744629,7.908435259440438,0.2848262021719311,Low
13.928716860829947,49.02425284288201,176.20074889694865,426.9674408217071,905.2494051022916,104.87897969720646,212.88965807882556,544.0474202998889,68.3741910373551,2364.5062427819007,19.955957209055004,0.2984616971548397,0.9843934016834186,Low
5.52031704261033,165.79403014208947,226.57516274775662,361.8479657501264,533.1473513591861,78.77636849013362,175.8783269581216,426.41348731176015,65.06515491392628,584.1118623850411,28.903415551621706,9.439617896842586,0.29059440598916,Low
4.887456278276416,139.88345999964915,326.0711429071297,400.0131638354984,452.8009849452301,125.21069321654514,365.20692027596397,694.6823437786873,70.11753487023485,364.2425281309475,14.006561529901322,0.7471173575930036,0.07257461840714784,High
102.65527008132086,266.136398047379,308.19554282450196,529.632505018978,623.805941663703,4.970019328981634,196.99249563376668,540.0304777648516,31.309503526351307,1812.3854857931378,3.586496549141506,4.787793109195552,0.536844992909054,Low
84.43894312560285,221.00770093510857,268.4913868503636,610.0962608099416,860.3437083482485,40.25675479157216,92.27855850409973,103.43999495295854,50.01799728928255,109.72405284921157,31.88396371019235,9.199813799772475,0.40819796839836964,Low
56.90085949047902,164.38881456873335,279.56685740580224,388.2771973941676,784.8920365308287,70.44725346040383,166.49454147389883,193.51433764785,66.99283493940902,1215.6712277306342,20.65574501015709,4.9023048508492435,0.29831337825780124,Low
11.740099278120177,129.48399194313743,201.05395747112266,362.39331474551153,437.47013683744916,11.490542447056507,147.49361528783396,413.8324785834589,67.29346248564704,1991.9062908489889,25.041703774052845,0.6831865006195125,0.6528777106571148,Low
58.99390501401988,219.03693132322167,280.90267663150826,516.8031565059571,846.6689226363357,105.88600039899873,259.13246591492083,354.6502047949593,81.26666764796175,1402.8355376695006,20.49302957237618,2.330938197128795,0.3960551841529311,High
56.81661249366788,161.00182830581718,322.3112394441501,511.83843818702087,673.6272402067768,59.049512108346114,176.09548611553788,492.3623705177577,35.839357001929955,474.0930981061425,40.06608765547096,5.807734215915805,0.4321383439010292,Low
20.78422438920182,134.61466276831155,297.35759907294766,592.5573275711149,763.1583637671916,40.9001985402216,243.43185729321138,519.5247268785354,79.33025095271402,1220.1755271775583,25.143524872487102,0.9242230980947422,0.0718933236993421,Moderate
52.06219790855676,80.22800678920487,286.3572742391872,552.9672215035177,883.9260865824809,0.5068270212618409,192.40833188581976,485.28851107126536,49.61660325552421,2303.580417539988,41.54745779332874,4.2655954136220995,0.6096173821254047,Low
47.820568127684815,133.1263877485833,237.55352949182728,257.95755084365226,491.4572606102623,107.97454676249306,234.26402641953473,385.49171633504005,70.31554228530413,1544.9463802204705,22.97589037002001,3.324477998604478,0.1659674783546906,Moderate
73.90201176626597,202.85349191872376,221.12476467526133,570.5721965485823,976.5888430615792,125.07139633092926,338.6787430263619,658.6004961653102,51.01474420587581,1805.1191157847045,13.166467300812682,8.161315896851184,0.25311461595065066,Moderate
76.21123810411726,124.98092380106303,193.39752003142746,456.738378833241,534.6976336646545,59.256080352224764,247.02846296282124,661.7747812053327,95.3749152811849,843.9783797579747,15.994916422928846,1.1458127864377197,0.7312619295820063,High
5.436481172645342,41.84223366706163,286.84359946626586,589.2097601692055,984.1838950527248,84.63269655500483,279.2781587351657,778.3137855312842,26.137203826748,475.26701904320623,23.49581821131535,6.8438445790799225,0.34758058987471546,Low
44.953513755176544,101.44233923557135,250.50698304374689,478.42618227711813,510.5438063058286,34.15299388943976,273.2531887477939,692.4753818339011,70.75045797241214,642.827363599511,23.849524701225388,4.095561255215295,0.2050496875664619,Moderate
75.10318988570836,118.57330292441839,296.00757412467345,595.7073689410403,692.7343090638428,93.32964694201996,159.94638224432063,438.6957620842943,61.8881500691343,1335.2780964319359,30.930196569702694,5.898119270699669,0.5985529397093567,Moderate
60.376351029610525,99.06062569616178,100.90008310251541,140.2341243275637,468.30898157914635,1.8206187472800783,68.73265933899238,165.44745517897064,25.545793685297014,704.1492832587059,10.102269248398384,2.09504113060942,0.25415927019104356,Low
102.77878094259867,179.25193265885432,308.8033657044845,430.51160815024497,857.9744364057806,73.29658456481377,295.53464848747376,636.2575865473842,15.940570223050113,1357.2021446281221,29.64793049844758,6.116551663378173,0.3074293032607697,Moderate
79.0432357942734,242.45416829330952,251.8363326762603,558.5836629378327,684.9234768075073,96.63082227610384,289.6874156225237,758.5143084015128,81.92299500744973,1770.9408588035615,35.03646037713385,6.756078387790321,0.6402723444789801,Moderate
19.552131249771563,110.82286766274085,253.13042068560281,323.70974462901506,487.30554754347156,137.7287659844601,369.36515134336696,475.29842120951815,24.170620028163867,1837.3177110449021,30.446639526014554,0.7488040683777244,0.7528686922957192,Low
8.468249688051582,42.29391823480972,272.48663064382856,299.8713651468365,568.4317392902065,57.20037256834264,72.9829126494559,200.98072291274445,26.785601450719838,415.8889244544281,21.682264941791587,8.252225462450223,0.7526767009357983,Low
77.09031338475788,90.94521387331521,333.04999649841716,608.8916254792439,714.6780287238951,114.77853044715447,271.7177997625536,346.2220714683792,98.05908015901355,1877.3249678404884,44.62562930025753,8.619478423238002,0.5081312412772889,Low
3.1813572649946176,128.48946338982117,263.62763223705224,556.0477867122058,961.6259175059587,89.65305449152511,125.81013902238698,494.17096083558783,74.55347663289677,1683.3569082829358,18.21659216081473,0.6823628540438074,0.48158206545896365,High
70.2930697528156,139.19684735136542,253.7480486644194,310.67632503088464,697.494647533765,139.05181693876207,265.02611651190773,468.30686822373735,32.54381574411002,34.95280775492316,4.796577656092315,6.051715506567993,0.7982629250196945,Low
112.82762897099491,260.7571993563596,497.0114729184831,796.0325668924336,868.6784228753244,59.75665134891459,98.69338431227564,130.04120375546768,63.18540641364411,151.88607684892835,36.967689693330435,5.960414394873658,0.23338298885689118,High
69.05690134510547,187.76883970044412,356.17129769961787,596.5400261586273,828.4548920669433,47.8643009809482,79.88392822716801,517.3589239723082,58.070065456226196,1617.3925071416488,9.54905484961882,0.17396119809101102,0.19459232515203628,High
46.58039114478263,189.90385224222896,206.12867212683133,388.15761125263566,775.5714945799464,133.07129980412157,136.11338614962986,414.9493385009132,86.00259407624628,962.3412294114556,32.097850780609896,3.4563468188617152,0.6814603127280343,Moderate
77.19458621308237,126.14487330840315,242.57626772527755,533.1638351987623,701.8286007504697,7.386660211243368,164.94636330696946,330.49350930714735,75.6388673049362,369.5294789412864,8.053932722180665,9.690811538001789,0.43903158766979256,Low
54.990346858981994,179.61495290197246,239.67620751804844,386.4134447796865,702.9668561385523,20.45780894005152,110.21346311257304,282.20495114312155,84.85490129438672,115.76941512823497,0.759482588607272,5.576734985073992,0.7244985375416718,Moderate
65.4740147179122,113.00517196278157,230.45625232495195,298.354137003141,323.4606977319273,12.360665187606667,38.65773640734959,183.783346502803,29.03559291796262,402.698859977715,7.190937170506155,9.335457437277976,0.29377021229007416,Low
112.97577705318302,282.0081033542355,395.87449635582595,495.57293316954076,799.9173134341997,126.4664934864604,207.17593791928783,434.9160241156087,67.61972839303047,2393.9973409824333,16.964491345911984,6.77266412697997,0.3586282870134285,Moderate
46.33231653609291,160.8796872121003,306.4158879157858,483.22329431844594,559.5497843187494,1.5911135055479086,43.82713636844415,212.34798061251664,13.621677257654229,1820.2762757195694,4.797821120840923,0.33248565632160043,0.9018437667261211,Low
115.34286765886971,173.75499169043127,262.9476142777441,448.9133917133556,864.2050542705813,129.2485733245572,364.6722811999721,638.6454332352768,16.20465510512981,1321.625025231063,8.895558790605692,0.8232463205815009,0.4505737004805087,High
108.64207703472765,157.15421224733672,198.22182461131874,480.1751138657505,657.8998456559898,67.69016930569002,147.69139074602705,534.4500168816742,74.21743294341375,2354.1435476362067,34.40818249579768,7.235680605905857,0.6114057962343652,Low
23.494936174715573,57.861721487611405,183.79158013510047,460.76503341341754,601.5419647775154,0.6037918280956123,84.09217265044308,421.32281437262986,12.197809237953821,1549.6805420156018,34.64476235897088,5.567949514171742,0.151348084412394,Low
8.323356105019855,133.35872870589085,340.9094497923314,544.3877448139326,964.8322331696752,60.24677658180628,270.2112774317027,417.43972380876124,62.178850801045826,1815.484744760265,36.786970223593954,1.3151590627687633,0.21988771358312081,Moderate
12.093360165291198,51.462170504918106,217.4652275218187,490.7401466997354,515.8121582356405,28.02012615675534,189.9590664782564,454.32957224814606,85.6364588600077,710.2162871721508,37.851985644641665,6.159923649618482,0.08409334238151203,Low
2.1866190781859673,109.341206945134,193.93317342643797,261.05388382922285,459.35828349639525,93.66007312082445,271.2029749715748,691.2660549277002,44.19476275762258,1474.5096997550436,18.919615257618993,8.112359237653552,0.4531522711735832,Low
11.333155290711407,58.96746013727572,292.84821582699004,310.3708003096431,495.37257059715876,101.90381848824698,260.90426948548713,295.00738685684985,14.035639315592151,362.97572452311147,39.03973473120878,7.5421751798194885,0.9894740042702728,Low
81.96081280996282,201.11522287285916,429.1671156851547,734.9389536072997,877.3391407320751,73.12913556074997,309.6782065478913,348.8268400413437,74.24627046658541,1014.1854472684496,23.66715937563194,2.4993164773190664,0.8801794950188927,Moderate
8.54263781522748,155.23178895252454,207.56888879854924,234.01296161551858,689.8901276162571,6.077928815950495,57.82813670546178,335.9131707303385,93.67178072177357,87.93461084159223,21.176870262120367,2.6190399182276365,0.6512634691934817,Moderate
38.27707563525136,178.32161940128893,188.17601568137968,274.5169660917787,649.9811628501399,98.41932065508028,345.67913109402923,665.2366952889308,74.54542528524411,545.4870785187878,32.33413480480991,9.679986160766031,0.8680416673595928,Low
101.38503731633455,238.33827688387527,423.66545397156585,667.0270863401005,698.9886684360698,126.30581754082819,334.0448619299565,439.75136981790854,62.06025187024977,191.79723040957336,9.621828511195824,8.879677781419527,0.614460888534802,Moderate
2.792632288299104,36.582665312904474,243.4852306501928,386.792008819751,744.1357335372281,108.04864159896022,255.29178881804577,627.9018521638048,30.702594689115404,972.5081546705422,35.52738195723624,3.217456278587176,0.40033043631743076,Low
97.7362179106723,113.64550836788567,355.6116498557245,662.3215393261526,925.9711058905496,124.49368784329778,290.08659394236,613.2182824627238,11.38380616400473,2108.372735773033,19.325962195479146,8.249342172206633,0.2148690810460595,Low
33.82257297280799,159.6333621005374,382.0924606226151,486.3853887544094,936.819335955199,30.07642853263312,192.28289765778663,653.9275317759298,72.5204897631148,947.9455953309075,5.72829363016922,1.659298370838827,0.670396304672213,High
14.17977931459875,80.48227779758199,230.6159698491857,234.77094118346145,391.24374985764064,133.33319094847238,147.93224696326087,232.40934789252924,30.792355825986366,2079.9408668566352,5.369036108263541,2.008568958199316,0.2333987125712081,Low
83.60845984369807,161.43078059630056,293.9438653993958,399.1733395956562,686.2543394004476,48.329017597194415,102.83314223017906,478.5202749091844,87.23464094641217,1642.963289884324,7.420803473101506,1.8529007357611857,0.44655699634005713,High
75.47314161358608,81.07997831639648,88.04024113204305,290.3665083467341,540.7441457172272,2.0107221377986537,242.37844326898596,284.1999885606195,51.972770694935015,1276.2759693439152,40.075773040970205,0.9228217113844759,0.8345117500474999,Low
105.29664162324636,152.0204024927552,213.68451420394967,345.26294559510234,590.0433987089052,126.50874694936061,260.09985416420545,542.7460589231541,57.75720241352106,596.0447746870196,44.592202001657135,8.554047255805486,0.17276783743364205,Low
88.20852525646629,94.27027795386981,209.17396588710142,396.3794304026658,624.4321301612721,141.273190344709,235.861591160187,511.8091609097599,77.854288983973,2305.77945164616,16.063820964057758,5.809128637135524,0.17257034810395533,Moderate
96.41771164618183,254.6711507144064,411.7971257352983,718.6064673275548,821.4212050936954,98.33372961260231,288.84334545987105,483.0358677832413,80.14875470230089,140.231018060873,13.146473349238391,2.6266131203146887,0.2631822948120175,High
33.84414870855678,77.65555168789226,216.96851001749494,536.3382789981239,914.1932402443204,34.7154945695137,165.8452302334661,588.1308040677498,67.83857497725114,1723.8379791585442,9.844693766745179,8.494117575639562,0.574321441766184,Low
21.29274525356674,121.61343577670819,307.2724331971308,400.36335582607,626.0313721957143,37.76166964237956,41.05236250035396,43.237684893360075,94.45886338714688,1554.9935325593754,37.07174147252605,8.036335255958562,0.28913730434691737,Low
90.073770196903,97.09004791590647,167.03178063766669,328.78094628213194,808.0390837834348,69.98893101534293,254.0483301941224,514.1380311433827,98.40685926883774,1105.3985980300345,9.414336708849424,1.0544676053711681,0.5280380403922507,Moderate
96.82016871207168,216.85269914709014,358.0908510602085,550.2912563947164,680.6954699911046,134.67466194021293,317.72905195342827,426.30582687102196,95.21968999371552,604.6007834550503,41.584055846862135,6.45918676866297,0.33688348050670275,High
118.8606170400808,177.00553927581768,199.04110012351572,531.2304600344022,872.6023798479227,22.439648422133757,63.72682644962735,435.4761360078438,84.17612668095492,1079.586362428941,30.03076705370772,7.2322443351814165,0.5309300946629852,Low
49.51412122937118,211.13957488175103,314.55595577755275,664.0720174850874,1134.4305573046415,123.89605043752304,363.06107254357636,384.59478569662497,73.50626982198263,2182.5679502557846,40.37075062511376,7.17248200301034,0.31374987655164366,Moderate
44.64217029513398,204.50344430326044,392.04365254191066,474.43618963644496,806.1653511444913,43.695421305772555,99.67245419105114,515.44979828184,69.69932720935009,2092.731445086111,24.930443447736582,7.245269943146678,0.981011756828137,Low
93.16955528903962,151.72186659415422,325.0720799514152,579.5150349224506,1015.1514887311479,121.28792541436468,235.72526725991452,654.7713806133902,19.33751592284805,2353.7462186926878,31.080593798212355,1.7361049672079216,0.5180820060848694,Moderate
40.89642483036214,203.06938605464637,450.73007034769114,583.0409421293094,996.7814220078125,138.0406796402308,166.72466995545946,583.1576761572109,34.43359121372012,772.9440505299938,27.875614529596845,3.1851102199742547,0.7564612624028281,High
111.69087907242776,290.999260302208,360.47204179914695,363.30991070932157,543.3687684538235,64.12408079914803,214.94466066179513,291.22892402813005,10.511940117643933,970.8248751303379,37.40379553457086,8.4495761596194,0.7155192309532948,Low
103.00953022116141,251.58434976347206,376.13167455696686,379.3700574095327,679.432027379281,54.75759811582962,148.62037813013274,463.8236374106552,22.366888321059267,51.721750886359,37.61373650336465,8.988997914764118,0.5160314060736432,Low
51.479283285002204,203.55612588094343,285.9387293244426,447.13683197123214,525.2675018769099,120.33319784569527,208.62656339812162,215.81024298981643,49.530652945226954,2357.6602368264203,26.54068499303063,2.827929421320459,0.276918958584529,Moderate
90.10452813497969,134.92610063461586,245.07687914940954,415.99409870092666,683.7570400487264,79.4224323569091,286.1666516621459,710.1479473067459,23.188289571016604,826.8282790840858,28.462844219839756,0.2790441859686368,0.5351823640172216,High
90.54514489016188,194.351576684558,408.58910915190506,416.48850295261,531.6994888597786,102.66735726947957,105.05778548209912,466.54538223640935,91.14970732090822,1013.3887347248182,41.48441642240235,8.604681124302775,0.6969230425344128,Low
12.374864260311913,24.480928774438127,195.53319757155978,435.9577934425656,807.8262009187883,93.42438554417693,292.91107826728256,558.4879437169088,82.51292668017538,2269.9725055612494,41.84399177842362,3.802063786359571,0.48692330703505116,Low
108.306348801548,125.39157742944855,346.001875266344,448.90306127457757,712.9322722206398,22.93332684671945,165.7954682837391,531.0911848320477,16.44507208805664,1318.8630832661988,29.891240275283174,3.3281623818013664,0.12782885199460453,Moderate
60.63028469374286,240.43095485973515,291.30873194270674,487.27131748028904,692.8849987961192,126.71855404343425,373.243182413484,420.40523073937015,32.40223439205394,1417.6054816799176,0.3489425177923594,3.502646812901825,0.06708406808017976,Moderate
99.17489593292899,157.96996082959296,376.3102402899525,481.63191589784907,616.0304639813378,29.36626671197043,176.7270718630327,441.0549879514608,83.71646961503579,444.7009311865375,4.698504663927345,4.186179418478033,0.3614829680444466,High
38.40595212367341,173.07905629246576,188.01962483706188,246.5166350413194,745.8658759619628,139.84232161061712,153.6871051476066,299.3253510558293,82.27415139038861,1249.1567519425428,38.607413929848725,3.813752885466464,0.19271272978864634,Moderate
107.46278741954406,252.66249696437103,474.81231707365913,617.3231255832654,653.1783860257318,37.58569371332218,50.24702532425376,536.5567569357403,95.090549510601,2295.9304592673916,3.8121352366860677,5.685987446378925,0.9108807336296958,Moderate
46.704201448099575,201.14839022940083,283.4168350945828,364.71251277125805,386.49285305746804,110.08214599106128,330.87039258401927,759.4293678959701,99.77929854556243,1399.0016298292753,9.608363138477987,0.8354557710569923,0.21704103658067864,High
1.3005181776358032,180.873611710024,259.52052006354063,446.70086198524945,555.3295622321817,42.69830902403881,253.0018454018021,619.6396933187905,97.86430569170096,641.5153297761964,10.374600609974332,9.716824933369725,0.42456857831098777,Low
108.64583717031164,152.11520451654786,280.13734869121384,349.72733429148184,835.2635636053917,47.66781128802958,134.14033018353538,601.0141478084014,46.91241871492973,82.79625601623329,27.01056464009572,9.367687792998005,0.7264736364679073,Low
10.954401214336027,18.217550049081975,253.39009697988993,431.3321888055094,920.9512729655016,46.5002779173458,201.0083989626301,374.43005124536694,32.5295599421829,844.0729247678996,25.94847590476939,9.347346133824217,0.8246505770152579,Low
38.31763651084978,112.33210974987526,124.2774509202266,179.35993112433025,506.8237985103982,112.18383810391249,234.58167736781257,685.0216268619032,78.25691713843563,1433.6143305908226,13.023788553918013,8.79881235961504,0.5038274955192243,Low
114.00743604609659,137.42195661530704,225.47970038299337,460.3208487030181,900.3741823062205,83.52226769540897,325.313281479422,487.93239753277714,36.93456034696277,111.32015448522114,9.342511450579927,6.62024670670821,0.22207825912797252,Moderate
114.07285763250673,118.10951768167665,332.25251485251056,596.130704407009,703.1115698274067,132.44286837712457,369.9330935963475,736.3314534419239,82.57603241181968,1526.4324803414347,34.40394134358641,2.250030199346902,0.3073504623970604,High
68.81254657479434,133.68937546026183,232.7029948191285,271.34097680660534,757.3620238949171,46.10590788060673,292.06566001580035,660.2741159040249,58.0559257358132,1310.9174986596913,42.09552700226893,0.5423606971064043,0.4480200252590898,Moderate
75.82046546037591,216.89335065391847,266.68257505318525,430.413419266254,501.80584433603633,103.79887830851165,320.4110734670777,329.5860116941244,81.45345477114584,1959.6714955705945,2.3762555962397416,1.0382445945785777,0.3963648598593038,High
53.81346263739837,155.72598705791114,261.92453239076406,286.7296276199698,337.2922217107989,112.9422899494666,340.3301876432419,520.8600367823395,34.82918917453094,77.07598981854477,5.993120821718827,3.273725379632775,0.38123911931117366,Moderate
35.18529260376774,91.48533066163148,187.8734560345488,397.2373119742497,453.3430815978861,22.722316954493728,77.04201164627784,86.75834785052679,55.72245839984388,1953.2141253227499,28.897379491756837,5.063636103683065,0.17526111166883107,Low
39.439745444389914,157.22130643307946,386.07535679975535,478.6168610751312,765.1808227114136,60.08840359797168,267.84010084541535,766.3861096505397,60.76214142419638,1304.5882291664766,36.199865325214155,9.932868058288701,0.9176447395624022,Low
80.70221472924462,122.46548718483055,312.94908112060483,497.6176410141526,888.1048413731787,72.42262415256167,249.63690245363034,310.7352833682493,94.87972609481189,929.4706852853801,35.60349009493798,4.382662743356262,0.07826877609682929,High
90.2849435325216,92.8736038254969,219.15249276149848,400.26384604600037,583.5974349833169,53.353108484156145,294.0497356911737,565.4551835152283,33.99378191473755,2413.6305260152662,32.385741888721014,5.270228600389198,0.4680020214819636,Low
94.98948524710183,232.57309480565874,479.6657364860515,803.1897576538817,1292.1377515469449,48.316889395370715,191.13234650602556,586.4104658873441,94.30194153564052,404.4982703539523,39.934257952414136,6.966814609521401,0.9813054178779324,Moderate
94.75417713534647,207.02793241086812,323.34731522984896,515.526443128902,732.7365121880667,102.96298409964629,124.25477577728537,224.8865769077316,82.43730239191443,1355.6061721323106,9.780699580686578,1.8483030059555727,0.676737741882897,High
10.944732365842844,148.15920477601563,162.71866248108444,366.7681303824949,441.9924057691031,32.37995964892328,181.72968244571152,424.2560164934479,75.78046486780258,805.8487766132337,4.828092592137621,9.331628665544445,0.3876401305464291,Low
59.33043656430978,66.3392795680896,131.9078600218358,272.48645403936894,505.4698281324373,106.40861178766932,278.0538437929913,581.7682242535667,80.81832422666126,1321.0785150943627,27.691333654111574,5.313894328135205,0.1887927052305114,Low
6.907051201997314,157.5885842115147,266.60620426634284,598.7840653803287,938.3026480915487,140.25662945860958,195.33688663671666,275.43926383448934,64.48825412920513,1382.9272541881282,37.00241511855446,2.798750638737597,0.9656789753634729,Moderate
65.94346587884826,177.45818188538286,216.68383792191287,488.6989062257762,904.8117964779656,84.77962817666267,183.30797405484475,572.585704010614,31.967200941623727,228.1733798199902,26.191961031625794,9.354334414071463,0.06328704377949224,Low
52.983660164805244,154.39482329308046,391.2861048740912,491.17795648008575,720.5621014583822,91.71513551092112,241.34098902384108,391.00921761852373,27.054547195586746,1654.5321915612826,43.33488693565078,6.273233654661553,0.6973181920824864,Low
106.52450193099597,218.95503059161166,410.66725504605495,706.1406100677361,1002.9440230923199,10.339905318613363,103.86633964773975,209.3778778171599,87.97072922653514,1588.0313323179346,35.800400762630524,4.862712825929643,0.8861305978730609,Moderate
42.10980150624944,197.70778594255495,264.7795860494981,416.1183121142796,549.7906681937063,129.67153554267423,223.40846485234022,502.55283807104865,75.26254623362499,1924.8208502129876,31.535631040916737,5.822551304109703,0.07390246539193009,Moderate
14.048041971312703,119.69661315191597,267.39774653139494,557.4312467681528,880.3895099709098,42.81716807997983,76.08882787317918,281.24564169464816,29.188385448485413,231.19294167963164,2.711578089228012,7.495607078107004,0.7389161208859761,Low
17.159001846340303,121.73007022621258,302.0923595036056,590.1031834063313,1083.0891553815031,92.25767482928472,327.44435559870124,787.5873279169101,65.35840292869614,746.660074524701,4.848400742925694,1.5876531367448856,0.9988958731919981,High
91.38127580609667,269.7035240779345,505.023256304634,571.127821671633,595.65460796553,146.86682546172034,334.49042158549446,774.5217706845715,50.279183327280144,1627.0259463216125,35.31769346660374,8.655062785497092,0.657660345144682,Moderate
74.18616759795133,210.39759767029358,430.8064349641462,676.2058309483981,1119.471166300982,89.32539008592117,89.63624980244667,331.31158149688827,24.278965296678454,346.14341065944313,8.92070665096632,9.597092762467218,0.4439450004512288,Low
12.134721134734828,91.74760611593918,220.5456626504926,322.2707019077785,603.4119532915399,108.70642311965663,300.10974412519795,479.74163148799676,57.867139842144795,1695.6075359171634,1.2975829235545748,5.69164653491324,0.8806806833884678,Low
10.092816733799692,137.42427673972668,331.08743168798105,435.2098661854149,561.2591959665649,66.79794273356278,251.74669089802745,414.50568171366007,35.33671832197756,152.27164349695536,40.98423085861342,6.838594925636101,0.5764702841014969,Low
84.1162957750944,154.17778067961632,294.71396913651256,398.4357960447158,875.8806510493448,9.054876527258603,11.487616566139351,145.26942810689303,18.66197117418144,840.6542246342711,40.086241816555535,8.605343134420096,0.761968804450443,Low
8.731560763703223,49.92914401073304,188.10511652211807,442.05400316809994,683.7311546975494,119.63990242346827,212.0409768269094,484.31490368314803,52.026246869086975,2117.544250219635,9.831772225417133,3.7793657825941795,0.6083900422275796,Low
98.62320711484274,206.05654495463943,234.74203453918742,315.18114916657504,481.02627500326787,5.249826189597851,156.93674877098053,559.4260511382523,63.10976968842056,1936.8567695009947,35.10928161328296,9.928676359079864,0.0863765378635518,Low
84.74906725877955,251.8218449192908,283.3562594233288,283.6733017594604,374.42211589488096,105.09867433317811,218.28633729768708,373.66464139946595,14.221576934303545,1613.6779844915843,2.159084754524479,6.820988624603631,0.2524877387950802,Low
9.761853677027972,177.00696727981128,309.39037103542563,559.7232697543473,681.9493748826783,3.4382359724455416,197.93476565257237,292.9818104966131,46.18834744698972,2176.7937494796274,12.827610172046839,4.268787048661921,0.12482539528741213,Low
10.18052569022303,71.72347574921129,138.93886199396295,198.8535223362568,615.278043131978,129.34578548650057,235.71036864510907,473.45227173675244,33.18957278530168,1774.62751270964,28.065010871548118,6.78951285126619,0.1513533742640618,Low
118.39674942014105,213.37869334004614,218.6379189551633,255.2067573129054,562.4117619714883,23.64540537494709,62.11114773840635,96.62835613723962,12.758553163650918,1300.8408875009534,34.34305482712735,5.240716323508692,0.06463521890866837,Low
44.912495490734436,83.00695723330945,263.71675820836253,346.84740041628356,803.4702101604416,77.14072431638267,321.2446303848398,671.8841334496933,21.30962946503552,2449.3951634625378,0.4679634954685308,1.1608336368067336,0.45010673006344526,Moderate
44.47705764802691,223.69065735782593,231.81230653036715,364.77748934331356,480.76171542220646,89.5726056724721,150.08260386648374,409.2617370174505,22.51307429365398,1738.6659190743521,14.679387597318483,7.968859782454718,0.21971905016645682,Low
97.5359480709003,274.13717148712874,422.9563817631424,589.5235963787627,650.0928833032134,68.63181110601181,248.05488874134488,496.242292727772,26.458682330617403,1505.4111061484427,9.64555020286533,5.6655370235166735,0.8629116944692732,Low
113.66982928606305,230.58143663340357,365.37988516523217,380.97939941465296,384.02316490244795,51.114523402333084,86.90360131835106,237.1262910933623,82.30398142941291,1025.1320495791438,44.94511825869256,7.968663300845192,0.7625356606636273,Low
118.32012765874451,263.11465840068973,505.31833104514084,845.018997464717,1098.950016272714,70.17214442714575,152.4252978731289,604.7620166389972,49.55426798303253,2256.5191839547306,30.194200457335576,1.5913738066562848,0.5945181450747212,High
90.40538223107299,219.123411262139,340.1766960990494,590.7987647958947,1089.9522299868888,46.71236308217381,157.21926518977975,202.4624111145561,23.23773930433482,742.794193534457,18.25521537958847,5.406653710167717,0.5145702780828757,Moderate
45.151150263709894,151.91962969081416,167.8199887852635,280.93791164878115,628.4205460581006,65.71835206212947,113.77635319389545,548.6883576374112,19.026727023510034,28.00288755620219,3.404367089130826,7.677911508518482,0.293075208547177,Low
10.020086003840252,19.62272546184184,157.54471741345725,269.0887574633463,423.2860534459194,53.836948649704595,166.32684274185698,354.6794439498183,36.81464128561352,495.8676034687381,26.94016158781337,9.883630447528443,0.5012038925812362,Low
93.25762991129241,175.1152115707714,385.3892542247968,542.3791465037575,980.8084380168434,84.93072352607179,124.2214292740093,564.5331872615204,81.8213966834007,278.2461423961861,28.87656619212289,8.849752900033323,0.6591678120711902,Moderate
67.00850996829661,188.4700443584305,437.6823654287905,656.868053395852,1047.7291863898317,35.68862433674752,175.44025908322007,539.8209882494118,42.801386314567914,800.8894665618149,36.738266737641084,8.650278789253361,0.7931174171831368,Low
50.90664110963716,172.8623316087004,280.4481250309685,331.6786983371072,339.3862813753768,148.29848323710186,314.2267963671503,366.31215969816947,24.39076242645443,2065.567300258845,12.985958381371358,2.51222837455666,0.12759796294661374,Moderate
108.76252621136831,175.92459752739734,255.99928315158297,322.1247179693163,730.5549582398276,75.13049300732483,90.73906401432752,506.50720726900437,46.370456339154394,1630.5665649856935,44.16426362160434,8.387946787005022,0.7230414543082725,Low
13.343697876738162,182.84825547518366,409.5115797131834,710.3136837049262,860.5770623241742,29.124311612176445,246.90734188271847,587.995758732471,59.978040155835174,426.6065701381127,19.775958269127727,1.7343487115524825,0.7555933829232211,High
59.1150125149031,89.23927831752368,137.04981058655403,226.7390339477294,301.57576623952997,71.56001243509087,117.84523369559975,133.99619015327397,12.662576527421248,1973.1101941253846,13.317468959677214,2.0211712622569133,0.5810235908786137,Low
1.3624373720902883,91.4271376908912,245.28436644912284,378.352615740435,491.5180356089723,129.96226942872363,186.3028757588046,253.15421681363955,66.48776212961559,1263.0285659180097,15.680220030065602,1.1456616002475466,0.2536032359180412,High
56.23927703929515,180.59839281844324,282.0269988636802,586.9721466962212,821.2620488837907,3.271018968659339,168.6084789894251,486.4225069072727,45.55906777133104,1284.2229871751508,23.38137238352057,8.583085480602183,0.5622253581261163,Low
6.756393081820482,132.24083814234615,142.51142938123496,374.61316967117284,587.0471332051784,101.93311786609333,219.12088297469683,550.4211344148393,10.875328761807495,908.4698915472788,42.151570402820724,1.127132239690621,0.5275696377245448,Low
14.25814995216863,131.01316217055543,217.8352807469799,337.4344385165708,481.87808820368423,82.1951695190892,207.04406931185562,580.3697857306531,70.65004590517428,2162.2178302309485,33.08214590637302,1.4242092234628498,0.5019245915674564,Moderate
14.103149613252587,63.65502803458742,129.96215866025608,369.25699966387333,455.3661607673897,25.43369915552033,57.4724452963035,417.59514568379444,74.11488720063834,799.2266231202027,25.969934225870205,2.4965771433197386,0.48760791969382483,Low
77.90523625392763,106.02241861751958,277.54520710339125,284.43433248688603,665.5497273079707,122.6214658957381,324.0554213648402,653.8153986998177,66.59558097028145,239.87870287087318,7.326467459093781,5.747990970750378,0.15528428797694377,Moderate
89.5253855118508,203.99464434065874,441.19226876363825,698.667199767616,1193.7220916350745,55.33269335610085,209.59625488215335,592.7157057553645,40.773719583857996,760.308839960003,6.720898990089225,8.80779284373901,0.22374786061449653,Moderate
70.00425181165916,177.87863271675795,244.8904295614174,415.3460437421012,804.2418339519463,44.070304322326116,77.91581514969013,365.45866809587653,57.6644368659365,1789.807097938375,22.59886112161038,4.211370144792903,0.14246548402877524,Moderate
115.46070581694504,147.74478766900842,350.6112724569289,635.2250240064902,783.1935078422608,124.21877877853515,217.71862053493413,348.11431329716163,44.84419355200918,1645.6668075743055,32.791891707074214,5.485545194458262,0.2803539362845852,Moderate
44.98446954284449,171.9095157455459,185.74946998014826,519.8726481824121,642.2771288884788,95.77875692874969,298.3812401125072,754.5695469778664,73.0559557143725,474.1027981161767,33.795547773979955,1.706569529574667,0.30030294359413934,Moderate
34.285450353823286,116.21640886588145,250.74666137583475,574.7726536989337,683.6055917319028,134.73886255122366,276.8276240478788,285.9346395138678,62.522216761031984,283.90182626683037,10.166147274431628,2.6961612661830263,0.28282206841839314,High
104.23189538273523,224.42880187130277,242.06631779877642,560.3090830081458,628.6566202526639,94.4825555506799,121.64475033391253,304.9256102696576,17.36192024447048,1653.860067212357,4.504478078126397,1.3825613367334604,0.25038261477632323,Moderate
26.831500622334318,177.55757498096145,411.06582276362127,590.3253073404818,865.9905821866324,111.1226486898173,204.31691013713896,568.7520566857206,67.87842023970975,1692.5602049590061,17.300744516420526,4.128692506427543,0.7486509432105495,Moderate
115.58670473287336,146.13782187671953,337.72564201606707,463.7753819646954,766.4755679413674,125.46688443894193,186.1404840528756,399.7185046277127,71.85145729040214,918.543344840374,41.31776444598334,5.923839803848013,0.827637129618212,Moderate
1.458536962777961,4.904613202208563,169.39209100335665,332.15445465909215,684.9057849906608,8.210945386490536,137.57733379992214,149.9945375399293,43.36319625532295,2107.7894519050537,24.541526370122202,2.8759943238328685,0.36075375574394136,Low
116.38545920491669,256.6239247561583,462.59802016232436,704.0616213220006,1044.1683067888346,116.40734383040704,327.2476260484044,360.238077606511,88.8207202863734,2445.6219834807926,14.404489507429844,8.467658762969187,0.3398724471002264,Moderate
5.179189434069134,114.92472596154,276.8046748540808,586.2038967589962,732.3705524006874,92.05597227743651,201.12275597854148,525.4414405476857,85.87129193604665,518.0848325062415,14.563695075260474,9.813321592516012,0.8518307322648826,Low
106.93717364376853,232.87229617575042,475.1083954693232,547.5536015193651,712.7091042177883,10.426169477278984,118.76167706935976,601.1939767720096,25.76498715097641,1444.7864456865407,5.943917034998323,1.2455407805300809,0.6427277065825016,Moderate
63.324133090355986,214.19202858831164,392.68151555450453,714.0491210161006,1054.8063887372696,76.28668828030726,302.6244138620665,578.556231779316,91.38396776372817,18.339090864828215,21.29506812477711,0.22770755735247522,0.3287664085496046,High
119.15577553431604,263.66174380272616,494.82639619828785,780.139477387749,954.8632977795633,12.368711697593081,156.4150648244112,409.7939738362957,49.678513434556976,1784.070718085587,35.61132053316773,7.908280228578098,0.7279316779572531,Moderate
8.855587768247863,181.8212142154363,311.10418721809583,653.7037925304779,760.0153873401345,110.39208025848336,251.93985210783507,411.1024586359687,75.13746873708641,1038.633873340478,43.585141118730355,1.9468946441432815,0.37736316972150896,High
66.46251412815849,162.93082832153976,192.19693156700544,500.28505221559595,687.4531290639658,81.97525708468245,147.45273005352982,275.79806698656137,83.26873062705124,487.2067211233963,22.571774998108893,3.5638085969755466,0.6072278336250644,Moderate
116.31630427429188,204.24551815307484,336.2899485088291,434.26801390099644,570.3100926899853,143.0360306118446,294.9667175711262,305.45920844926854,55.46011789627209,1881.7936948021186,7.52467121292098,3.972600621844312,0.9930023284884114,Low
62.77174130041786,135.11143728074927,166.8296442965226,203.91421326693927,248.07057387622817,27.47030573576548,171.44792259011456,307.9253564103501,45.919174543373416,2027.5687499024211,30.732767991128902,9.170163919564398,0.3365146564552316,Low
75.52783657623151,103.19222428818833,251.31559408228958,290.5999692793456,705.6694204176724,90.90501787805677,190.11788546352275,414.67310589614897,92.39062317535885,282.36042043396355,34.05561042353829,6.605440246873311,0.9339997006729165,Low
83.48984267815406,186.5591445969181,307.1824097288338,409.11057123123044,835.6662658097487,31.737320185573704,279.41121166036885,378.38610318484393,30.776819764188087,107.28442578589481,3.2264887240395987,0.45406442851376283,0.3546197935704632,High
54.54492777213279,104.40718215080898,260.05103160900444,475.0153350035932,584.8904850870329,92.10974770910975,312.58248894613143,356.256483186846,33.127306994723,838.5257119644476,38.2562608334053,0.19736189510583824,0.5632723691560823,Moderate
75.3069696100876,241.1423218084232,243.65406707213108,525.1661812061415,557.5522809687424,108.39745535412847,295.79402787333237,654.6579615006336,42.54582826120934,1566.8462120737838,37.31950754981358,2.035702570426287,0.48698460011908795,Moderate
70.11771743077203,175.0920622006496,223.8021851144906,538.5397925580382,907.953511233628,108.34564939943078,242.68204650268092,689.9921810367146,87.3519200173509,1984.5817203356396,21.264347431760307,3.215810811683478,0.7940015842267394,Moderate
108.13896125891868,214.8501937503785,337.6828017284112,555.9964862576427,661.7607991893495,122.26109860239148,237.77604907604905,706.1620839195919,94.49094377917683,1367.425929092992,25.219013337714074,4.8710121491616585,0.10803806450789506,High
5.4535656409749445,69.34000459883676,306.9658949961205,308.93685445793926,505.6545991763694,128.0325341937475,174.25688299954734,483.256247248042,29.80609432793757,1453.9681968859168,32.10336286699136,8.386502152473112,0.6457661888652307,Low
33.715582751067636,43.07366610705498,138.97592619584458,204.1867979773313,236.25442409602294,11.590758940076556,88.02512744373247,114.41241874337338,87.74831328681208,2000.6462632734633,30.45366562782867,3.1824366725458564,0.7726335971313817,Low
114.04937808918704,119.763255856325,225.85626236973366,260.76043371841246,373.89522609763003,51.49007356086061,244.98027351666315,615.4115884975499,33.23826635217124,1324.4642186758047,0.744119018694408,3.7965453317529696,0.4985376088130133,Low
106.83165406690996,183.0319800144855,361.706002266141,488.8695687152945,885.3207078801124,103.06837805397086,216.5056165383587,271.55326916930187,97.35771220748993,1529.8304531146198,5.5095886731818595,3.3269124035960926,0.1500279762109151,High
54.67881033428555,69.90057839178837,220.84876771331787,396.321615485129,798.5198389427298,74.78794310868182,295.35532225105715,630.2293810949691,63.76671027834241,1292.9622632415153,7.316575010156057,0.13920509352741084,0.2825647628105724,High
74.41591173618441,183.64836373340944,258.37990125799274,273.56891376048907,377.11132620434427,28.601392013218724,65.57917609960091,455.26209397353875,10.637782070264416,2201.7432922524217,34.00541500824445,9.554255314225292,0.6956887515958206,Low
33.28574195773592,191.86088297287426,294.5649818647312,416.5322733932105,584.4891959465552,82.9064355250047,209.99320952841381,572.9255649416502,13.07169136640601,592.6139633697967,19.8037603301571,1.4330090471579142,0.9006655162252994,Moderate
22.57453916685136,181.49920614022136,235.9241558545295,298.6370419733924,365.7562515202642,61.11534791492157,222.85676892024873,698.798671800814,23.273607772423762,663.6639934285708,24.54761818740713,2.9122914081223072,0.4505281766504642,Low
55.64380859279786,174.27198241659968,415.7773471991518,642.2519053897577,679.3382205322189,58.505741648145765,187.71785572512727,556.7909979588221,26.881584203688107,324.2638466965553,34.77093466029679,1.336567855859596,0.5823914333243463,Moderate
42.40226736312634,80.42399702825392,113.08259241759386,275.57792168111285,771.6637789053176,121.46305761534957,343.76978051159637,690.3746695025006,79.0857210543937,2049.569544978582,15.344202107884085,4.930904403759389,0.2669657848905189,Low
70.03873342210466,225.37816306670163,318.3373592083065,491.6985356351746,819.4955112575942,61.139750074827184,308.5305705321121,439.4021566236633,30.04892887752549,1032.3843399530815,33.700060229344786,9.325052843677867,0.4416026483350278,Low
9.328156435798181,168.82497479217565,175.28471784717846,324.97684365888983,596.0250982580492,3.9681758220636243,32.92684040740606,495.31118362535693,97.22274580448739,872.9953824987033,19.903467358330182,1.0519721403735884,0.3699503173819669,Moderate
116.92737691993997,152.32502221147254,207.76989519485915,542.3767938651577,925.1260440678075,8.709500833663691,41.19822685289394,130.9701622499774,67.25008514826445,2453.4650491324546,16.973108449839298,4.436924389705536,0.6727492705729474,Moderate
118.34528933755234,251.08198477627425,446.199769371313,521.3570631638602,941.3956430077222,128.43660625374304,161.0176346437733,613.4659403803365,72.32657583281659,2317.374399267265,14.986676882463305,0.2726297154272055,0.9854640040913555,High
83.77940568236941,135.35292448925154,185.6467325614714,366.4792235068274,769.8366075291912,144.0901215018782,314.3843955195101,470.7156671924653,29.603486735668675,2430.1092669012796,43.42251669715723,7.720437302792173,0.8226382793864019,Low
64.33156396129445,208.8068201848218,228.8226708170632,486.42874974493077,494.6984743898691,103.26140046835613,196.4304243423156,261.51222128115,90.34356826855762,360.03599691293863,34.73880348190405,6.430200128366528,0.23255635567987587,Moderate
37.14331395435933,216.64613593700778,335.2594308981386,530.1549754952355,623.5589245904847,54.65524411501203,237.98390943148854,651.3254230670739,70.10331155379382,2228.673273804675,0.9088173348088219,7.012001703886144,0.5987946636414285,Low
97.65540236483385,103.06008332412455,105.55239200775418,430.70970200863457,758.1623530675502,140.79004736920913,242.1579155909538,243.40564239136836,87.79650619076774,825.1304504716915,43.08369689331908,4.74974679091254,0.11309112920098151,Moderate
82.16774070646551,243.69359654883326,264.88513515541655,397.174059629866,585.0537335318475,99.42046295636037,256.3221432893763,672.3663021297916,96.08329875081043,36.578641678596966,34.894783337700304,9.080948644086238,0.2845697125005037,Moderate
19.514032721386954,131.58752876914542,333.4939961598892,495.7805281805015,987.021853711055,126.65003237990065,319.11453379962404,450.270454822612,21.307687939863676,981.2893482777565,6.7128621504415005,4.125096636182464,0.2136067922573709,Moderate
109.31126213926109,284.5201335889289,477.3884698038305,508.37128012898546,841.0736764481125,114.8778456055514,251.93182326928155,694.2924596470922,18.69285072420511,1275.4449010794588,3.4352156435092707,5.165146494131416,0.36876826075748975,Moderate
98.70446915078028,182.40618230553724,411.19088740676125,624.3405762749362,1102.6150306395393,56.870897365888865,191.74679497839037,537.48638609918,82.30670439306722,275.0099568006764,13.868734214675403,6.968127761592762,0.6948732705920029,Moderate
113.97598959503088,266.50581709787815,480.1346760755655,581.0088650324026,681.7321058552996,71.80533012761782,93.86391144902643,426.9555778743215,87.95134531847532,1346.5056541012696,28.08816882057278,5.229578378899826,0.5244236510709854,Moderate
87.08634100660319,98.31727335429309,269.1111641642476,325.2193279946967,757.1978420522082,27.919823155214925,130.6152588825736,313.2750404649953,62.53852787901871,2049.561642520945,27.744601011726033,1.933889696767463,0.9362637968377568,Low
73.60982351229478,133.960052526388,147.0432668515537,337.62921936813154,498.3053722757442,43.80211506611011,180.2464033723445,209.94789031772999,42.94004929754686,947.239122343789,12.413255631714922,3.204852649546874,0.2521113978560832,Low
50.189164354874265,62.25214115009206,257.96429564675645,444.27288782972516,939.0552919486286,116.71884919297825,232.21405560958073,647.2506047123693,68.73666724677014,884.848792303084,20.0553740395838,0.9683299579811123,0.3959986889412431,High
111.92741800248159,287.4891820287143,498.8668847388544,525.4219591672711,604.2662952038447,134.09675878246622,359.2922588295726,444.74415641783656,37.509766533321155,850.3319984755402,9.535057007118096,4.354504297312113,0.363359947952846,High
103.927666740049,250.9829700489796,450.7535064919682,695.1289152150337,953.298824634197,108.66906348771177,335.3017215175841,521.4310424649602,31.454712293812136,2308.1206424798115,2.276040832503186,6.113451326208963,0.27416544466193343,Moderate
5.426240412742729,158.88477623701743,286.00453506402397,504.32480179182244,900.7470687103835,69.77605449849575,275.25539964568617,575.432742400227,53.93306885745389,126.65145648154676,23.26367103420954,1.2293729454779494,0.9935122306699323,Moderate
3.1640369396702406,171.9977785977712,230.2232382601416,296.37928722141567,512.7005275234336,12.97639034096213,106.80090918424213,347.92777846455294,29.453844484574173,1115.4649742724234,15.614601041341714,6.324341858627783,0.41786426817090166,Low
45.17560402536595,60.494231526927315,271.826725449109,436.1289272030243,670.1709572968476,8.542192304767232,187.8669802266508,287.19729781230984,53.53332474836556,665.1756381035435,24.42970945340685,8.934077790533488,0.9434835314746185,Low
97.26639969381995,166.67396634621997,348.4646687812546,600.5776895487506,1093.7555873016213,56.14883469192807,154.97094995933054,225.2791284004725,96.09458549172147,2235.048528341798,42.59282951117032,3.4103511432059195,0.42094980016033995,Moderate
118.47313551779334,131.25941554571372,376.4497091429266,561.7522183323733,774.40629348295,69.57325781514946,127.72165755908922,189.34479368423453,85.58056320556514,244.65039764159079,6.45166402628945,2.259229307377257,0.24388709480362786,High
18.050026932423382,55.992785211428526,94.91593465041176,233.33711131466134,535.3731616141931,91.36809333199453,177.09375421971492,608.5976949693154,94.746782755002,1031.549702867625,0.08829082399298971,8.935410335226935,0.1632460141485756,Low
71.29568584225622,112.58152570903724,168.997671472051,281.8161318003813,309.08596213795664,0.9734282080495815,18.714586529433454,34.49436106010027,82.56960773626227,1020.0062993175587,3.459519597695633,6.934855097180608,0.8627850335167299,Low
45.706902795722584,130.14620078428675,183.09573825466242,396.73359158008117,817.8386316852111,148.45843356994595,231.40281082110775,719.909940621055,41.9275842351649,2221.5440717798215,20.821873324573303,1.0986789371627108,0.08049275846082432,Moderate
116.38972773775238,164.73091787940805,362.86585978474227,691.5539041933264,1015.6379286830982,54.59083251060643,169.77638682589935,269.0407320186064,83.08407146964032,542.6561453772188,31.811941341104557,4.110713923014237,0.9661748589223174,High
101.05427077628504,119.23033000348204,165.95715411601157,401.06784828313073,603.0778997145375,127.21419957016822,366.08442326537573,421.2455717049148,93.06241691978926,1614.0140487025199,26.134362149273507,6.757191517557759,0.44728165119627095,Moderate
100.59944456533654,130.74784060227591,147.41279805810245,173.57386433081288,181.65863430807275,80.24500584981065,158.59765240471688,447.08347979311446,95.2332209053349,340.34328658503375,22.270257331818616,5.765119556005774,0.28500563353013925,Moderate
56.243179175396435,82.7527806147728,332.39298226117995,493.63272297992677,789.4671332766787,19.565918180001972,245.17930298138214,285.17228195173044,71.48780656164973,2385.169406630954,15.928340899158558,6.2045438375312365,0.6365738256045944,Low
49.77834028051982,224.9321639047335,231.1364667660208,542.9249127947404,549.2538270368215,119.63483288017828,176.84940183605255,478.07603341785,29.022997943360185,1484.5723233843532,13.948837718917543,5.692994981040564,0.176267342244377,Moderate
32.80884863168475,169.48149987701,378.2925149167264,411.35436394710683,411.9561709016158,106.47406123798142,154.21628567779376,579.5296080846003,13.575623802822177,1567.5105421500725,16.932877879724103,7.990710584783657,0.11853829488803796,Low
6.765059598111254,180.9621233466324,272.3038337342956,618.4103329824358,926.4596140571131,79.1154127393842,208.86427684742543,232.81328758113784,23.248020534414017,1087.2646371428782,27.523572930408207,3.238248220129937,0.8363941843140886,Low
103.76668515060639,182.9199727220299,393.3238376614837,725.4981254373812,820.0066591046583,77.182963700067,245.3108060244185,645.2451082886905,96.89922261045508,858.995368102474,7.548928013949129,7.099200361598661,0.4534372358940604,High
97.5481210956093,147.6544477948875,286.30957059767377,313.7056388531303,409.649413712178,13.121940862639208,24.205003563209566,221.4437240542689,51.588714177349246,535.6276915897164,34.711293737458156,9.911240452818129,0.5423421664993054,Low
119.96612079433567,263.65889629198927,489.0667036635793,815.7613658209235,1142.3971487372953,98.37734228608112,153.6438085478853,233.3891254634903,86.94874133488517,1511.949445811486,25.886395804189963,3.930090634922744,0.21786120843131163,High
119.59642044886864,178.32212569627507,409.8703722999318,536.9667788907435,563.8153728604307,136.68677336314497,250.60768998847408,338.6559301222036,51.853973820246196,2386.6315546438536,12.112036992514243,7.92093072982019,0.10835303230059518,Moderate
66.6518046723153,120.54081193927799,122.81535725947198,418.46356573602384,575.166346473302,13.986737883203753,96.73782187899913,556.1200937261123,69.47358251138556,902.6784304605455,22.551883326507767,2.4987869095049016,0.39938732601925436,Low
92.27848982166125,134.12956841907086,152.98261241726794,299.416780616913,374.1327316879225,39.52671759733574,217.6819874344162,272.9848634047484,12.172669941010028,2208.476437211825,43.32504094583249,2.8548722872262906,0.5308389397610849,Low
113.37188758589136,136.71410366625372,199.3037860589676,353.60307550484816,643.6912604031152,135.34619601631482,263.136345026644,696.5277385844724,32.48784484474301,376.19690055388793,0.9221188115337314,9.351895548126254,0.7771590907841265,Low
101.95768688128938,148.12103786430725,315.4498919551827,537.4349737973226,868.3175511610206,42.651586472968994,82.74136287394404,354.8636733657513,49.26423520383303,2340.6344221000927,8.978518840555314,0.3080866446744534,0.5259994002236902,Moderate
29.68177220918372,93.6393269344835,315.70737606236,586.7744728089542,947.342399608476,98.09155082698895,321.7078956557616,341.23598506398116,66.75679424387468,879.463278325701,20.17711079564751,2.213402081365251,0.7933816668016078,Moderate
54.06529623721122,175.38425370344268,290.36974152693335,302.1959443588204,429.8115528181031,80.22272474147162,153.4491436123115,385.6872164709806,25.436906924786065,952.4193929253975,28.729787480092266,4.8550609432294305,0.15966114069059817,Low
15.499129818179398,26.760801417680682,178.50408048624703,386.10867892074407,430.7335547390361,89.4491407505793,272.2319179916852,680.9566752298356,78.8096317843441,1159.791431300649,9.550271982846834,4.048383835956654,0.11076463344175404,Moderate
114.48612327104668,152.37737241080842,199.50233560969872,264.8588835437786,304.2007120147275,62.36833523658797,257.3472800129405,620.4486738324906,42.79642355226136,1797.0194535193873,41.91317767692883,6.31023882578856,0.20091791593627906,Low
72.7409561341056,218.36521138660734,419.6069198570287,540.6892511091497,753.7650253345116,44.99872058305667,285.78814564708216,530.179354489441,83.5691742310496,1800.535317054143,28.915740559108897,1.9675844010858001,0.7834115205442921,High
27.437136660415526,53.88308290549426,295.7151107438617,417.50414389818746,890.426348429545,7.280017609450345,131.9068842404757,561.9318240885842,18.817218135556054,1201.5735188755648,39.484437703039376,0.7519426934668868,0.7713637192967664,Low
80.60408212870281,142.2802085027567,209.42994173140607,373.60106080880985,482.46557793232216,111.64214089412462,265.6010197602327,325.7834006503476,71.17809289141347,1310.26648378827,14.819306861264334,3.7248673081573322,0.18429941428510938,Moderate
74.1753888549475,229.8139947894127,353.5204826895493,470.46822684621,598.8390275169846,111.91401932913402,195.63309269901745,650.6036193952019,36.39954998858592,79.87616699648223,37.30292704379833,5.2673346593346,0.07943922533814576,Moderate
42.97952616394086,70.86608216976055,92.39510979635399,129.9715012540877,180.41590230701718,100.60886101180849,270.1536843648251,693.3742886064995,81.58448567103561,764.2202703880225,17.01986476047508,5.641918278994868,0.7010178394015569,Low
13.626911063955482,28.519541475229666,168.30370559097176,219.27376407487975,522.0589010218448,96.54506821794308,212.390939684523,566.529352513141,46.19533843381695,868.3126002053706,11.373829760754223,6.0348605592475435,0.8625176940808286,Low
80.58878347113595,167.8056225855379,293.501483047208,305.2047779935922,645.1412149671796,36.55756982512893,145.9706610062345,554.9145320706091,69.88146690372099,1399.0245354707697,41.02449026237068,5.509186857827471,0.7664023107346731,Low
62.436924108455194,116.87243613859175,152.98155717736114,317.56873704242514,639.0343411228051,3.351740064943681,217.21862234397003,489.126375765303,94.08747417728262,1397.9579195914048,4.149831405548455,2.4952321111633164,0.24265903158432428,Moderate
92.67820700827671,194.09171261537045,304.6082658948892,638.6649590934352,1069.2300806158257,121.30730953281595,133.84952040748811,471.43073495632154,11.856396881238792,1776.1999953310435,42.42999582253819,7.657269872891567,0.6045795023640689,Low
62.41962013343921,207.10450042046472,290.6306634421055,331.11699171894634,574.3299092319822,73.67078035437403,294.16138731234116,574.4604226662307,11.000510410093627,1793.983104064112,20.63318426404225,0.9234136043070157,0.7694974345942641,Moderate
102.26178003822481,126.94850790571859,257.4062267320159,588.5987992830946,655.8273196666269,46.02571960539275,259.043179062532,436.7574443165066,79.32513269590422,591.8507569091471,44.668146306863775,2.0236211015442205,0.29303726931968754,High
66.22882065293827,170.75465587270958,317.1682397299094,573.8447698861421,718.5473352383484,15.289786017085511,141.88134940753278,426.3117480881216,68.17537463572702,1926.6169420065378,24.281759418076295,7.406811189740185,0.5513347613009804,Low
67.31255658424635,158.30413345442184,160.42802810622422,383.55260913318136,714.7675958438572,9.40823863520826,131.95895218661533,260.69161845257815,36.36817484539894,53.91090227547372,34.08696774370364,2.8332750343472544,0.34873738377508173,Moderate
105.1984323190014,131.13261380137732,321.38410953876615,547.2313239020132,853.7923107727931,52.3300082692766,142.78185027814914,362.9214356985418,54.495703249683615,1791.8239020937676,0.31819573521017996,4.960060744013581,0.2642966464606701,Moderate
48.41794394548764,160.73767134070448,338.9912443061397,628.3459212448385,893.8474861163197,120.71055971504107,369.25400763547464,509.6417112655962,13.774209903898187,259.64245328096064,22.350006898207432,3.30561752151281,0.9711098604323098,Moderate
16.081827414076887,65.33710262901579,156.90869918064635,194.33065171358385,535.8128610579274,137.80856240007458,165.60089558853488,227.04479031922938,27.32010448251167,1825.4722800109414,33.18540622281519,5.094463055579231,0.91695286236758,Low
3.4539211576006768,91.26409849552293,104.4980823877275,281.16209563566713,599.8575208223168,134.5127046919597,282.06651359911143,442.9974417940645,48.204673707445075,1320.1596359681687,35.227215898130204,3.499225209476282,0.47338434440391264,Low
90.61647068083428,105.42548905070542,294.158623996968,538.1405223882334,978.8029671207092,138.00012521244824,308.4205227405525,734.4141318329378,85.0639974599334,1095.9499792043148,7.112186217071912,9.942369499565201,0.1799391580107776,Moderate
74.43714616241576,157.1622764608679,395.956066580401,601.3432223561483,894.3514110952966,136.1588014694014,369.7413035236375,560.2816888447903,53.17004645740763,1728.2126424547655,18.853692767225038,3.606902014113559,0.7415119381546162,Moderate
84.48957217190683,139.65299641961448,199.69089542511801,491.16357028327116,880.4642496335493,79.08371274005937,274.13458695424976,648.1364114386843,62.77262540733808,95.74523019934561,18.85823811537024,6.289141703106571,0.29291607362180927,Moderate
25.55569938106929,173.58431739443307,254.46547082869256,279.7605689826656,404.1141469658995,32.91234578353557,193.87414648642226,281.4730736055029,88.63784127944024,562.5584625605679,4.663836382457514,8.88901501562623,0.21009191554618978,Low
16.364577070412373,26.620747929938663,72.5739703003924,314.31933412510045,653.4106264196345,119.70698742552305,148.91006662855372,361.1196462123745,37.793702222996075,1543.0181554567966,19.937047846116,6.397453193929266,0.41245256685127535,Low
1.7453598801458314,77.09466936544521,221.32870020165512,408.23840583630636,859.3354650276442,32.056946227886854,125.4903254357537,182.91836010334197,73.06293889918504,2118.8024395438906,36.319183141320245,5.680279688340605,0.5533573187084021,Low
42.07050705679164,124.58816340045048,163.29851206231422,296.0048144552944,488.8709784052111,40.08109151348536,74.79150215048168,144.10203383422652,87.5500532810428,955.8635541780668,13.508133192854416,5.713833074824271,0.1425683133293939,Low
70.79012242255597,201.29121615639735,290.3397020217422,409.435945803653,798.9880394729763,34.98814827338227,255.2913313897607,564.0095213347953,28.235413062655905,650.6098742207249,19.46585348522474,4.9897840736876855,0.5931591493961003,Moderate
47.069285411967876,150.44104892820584,324.69430241177156,541.9857238827391,904.3803744804568,77.24736055437087,264.6526494452816,568.3935581697872,42.083034863304924,1299.2474072935408,43.24314082779642,8.085424993974328,0.06458095602449045,Low
52.496990642847486,172.59521133780007,312.62420709013713,624.4725882156298,654.2356866515411,48.27412622536198,237.6583229246693,344.3442766021004,98.18291565004196,1557.6765547051693,1.4268634151202997,0.5517195796957506,0.8972756075634324,High
108.49904333924981,248.36791475656594,344.98355583854976,518.6451299739401,809.3992847859763,23.12340744380122,186.18753688718726,423.3991340315866,98.489670831659,1053.1570633573374,26.618479555291007,8.85704258389681,0.9247046048149232,Moderate
41.790656042796044,196.98719130127,302.0495917531555,590.7026991800776,655.7973737804788,67.97601178408236,194.73689601825976,626.3899795072336,30.09069372645441,2192.393153236089,33.45462412999331,5.883607591444145,0.7464172348362589,Low
61.678738699177295,118.17632810922198,258.70404876502937,399.458782410418,883.1183685257135,131.08608581777506,168.57885068364936,255.6796050218908,15.98012550033653,1310.9795786057334,34.23970953140303,8.496288551494695,0.49322193814546866,Low
94.03836152893717,190.8824484944397,192.34863046623002,228.18669244384182,633.8904437941699,85.58292824249583,168.00664991875877,177.6119164555162,34.38294501790476,94.3798509886096,32.21721111978199,0.153407390314875,0.29215145703514567,Moderate
47.58513387855242,198.8045879976084,218.43205511101087,239.95906287153437,294.8209634950944,131.75034088313805,165.9792890023607,491.97685933414687,45.795876157331854,561.519616991945,32.69031495607964,8.699300219418095,0.7569064861758267,Low
74.65040402734482,252.75160760105499,473.0661245418079,491.033154505095,551.9091533289342,29.38082776187061,210.60911347495642,237.3582175192989,49.69050408380473,1129.3643421399472,2.655569955287244,1.2453683157740054,0.9352073418544604,Moderate
103.48364504960942,263.5971210374868,283.0668683103095,416.11941799549396,713.3563454518035,25.0460810508831,65.10327505638436,555.0733943426073,65.69256765973813,1745.8251699472487,24.036147861134978,7.226119163604372,0.2006070196525676,Low
113.94247483891705,180.80658211130486,357.5074811639312,475.5406939564759,647.9852810430675,86.33656885476303,261.8649563976844,566.6750982971249,90.95524841183918,553.2818482625091,35.23360822457652,4.194387859234045,0.49253088983281307,High
17.648817711484554,52.77879081084163,282.7883318381048,534.0662901060041,551.5192196425587,69.49933523194096,242.56318263091714,477.7613590529033,39.73132107164462,2440.7623120949656,4.232927206679832,6.826670291424347,0.34949855423413173,Low
111.19051501937933,199.28117175256529,266.95207282799805,526.9395983827011,797.7603522992276,99.02589624704353,213.85201599486575,428.84828600701917,86.49860819492876,799.8028541792683,0.5422465074090538,6.300487889889773,0.3889046995936144,Moderate
59.05395516954458,192.54941650003218,285.17227576491075,302.97116485671967,496.8937146996431,119.19401865401724,153.00118218353032,439.536511441996,18.41310288339642,1333.538116117168,36.655282421984616,1.6757956433190562,0.43546989225678584,Moderate
30.989326595875003,119.65175933146857,261.88211079264767,339.2752528038029,389.81349898967426,112.69609434782647,191.39630088133566,236.70851924144313,13.768722907589325,52.32112990394773,32.053247440492015,5.17040695625314,0.9542065271527715,Low
55.09629074859136,142.06884614505168,362.49608855469785,458.48773611031277,859.447932238304,141.33917604878417,221.36245331767202,686.3719827274199,55.364066481111514,2212.802349969857,18.549288761149917,2.8084432082856803,0.295705309474689,Moderate
117.60390903425724,268.48538482898135,503.9617816440864,695.6259760940698,1153.1643587334727,59.73846137355173,234.83474465937508,547.655778935314,15.36960009975444,1973.1424605453326,42.317839465837736,5.626346586337723,0.5180420471388313,Moderate
59.11417127914435,124.1668515112379,309.05766353905494,359.6379919064875,737.9349589135525,30.958011337227116,59.3937661906582,151.3830149961126,45.32408211108071,492.66772071750376,34.496914259316206,7.393132666375798,0.9539130980787008,Low
39.450193234500986,194.21323470059718,215.8681749142707,262.74760170427083,673.9587567124095,82.63689599218286,289.90405754620554,571.1945844285369,90.7100305182311,2333.425544643408,43.553742372295986,0.8585212250892872,0.5022540457074014,Moderate
76.00810251800709,149.23296668931732,316.52150557303,646.8476167958154,755.092900428874,16.61146802867784,206.86329057515633,273.4915434916621,31.733473258672603,793.0202106745246,41.819186679636026,5.181836114133701,0.8704195458253807,Low
28.817474253383168,87.89943327548426,190.47536374364978,471.94638129787313,603.7328567571736,43.32766849974472,89.9043980433132,98.68075682246925,73.53781976124128,1732.0047895083922,21.65821213406882,6.195416716584472,0.10582653560901689,Low
9.103599373039671,90.8217833889855,208.4970332617509,271.7262489936605,375.99001914325436,31.18320828947167,210.97430373419402,526.2327963411931,37.21288531510602,2048.345913451417,33.96190403896047,2.988906163292277,0.9553788975400742,Low
15.465566629277907,152.70601919075423,164.9931167770485,307.29184954397033,689.8235652267523,59.48455751956214,226.6128528865176,550.8545238215816,14.042804971792204,1853.5815807867662,30.11361249634375,9.532384653820271,0.22815458967474833,Low
15.365500674932694,38.04586569045166,85.8114005270412,210.27910026718914,684.2376397344377,16.682486250332307,203.7126862780639,495.56097767977167,60.10215232692784,2294.369046154454,36.51503445416212,5.227013113792953,0.98093828299472,Low
18.22832322147532,53.58378207843845,251.21218396185037,528.0636098847428,886.4822132516941,4.7762616822146775,52.008400544388294,143.75000272439985,85.13681414830765,2161.3655270500676,35.44597810129464,1.8660450439670306,0.21679802199562098,Low
16.659260717929214,187.91932933728577,301.4090375992507,479.98355836659346,920.7169408063714,98.51910069450477,137.91668123362194,439.63161048100545,46.852160350835746,2486.5557276585673,6.895438651495204,1.122493204902876,0.47214765040522544,Moderate
76.90496937638575,108.49346230503008,183.9090227128173,228.65643066053076,548.0059781021171,91.53734674347072,150.65834322415927,178.91381368641916,65.55644438122783,460.61547437748317,10.518098931384586,5.439512514195386,0.3431837669939172,Moderate
21.825610127897377,124.0165273554872,220.02129584672673,478.66851795141207,672.4984682308116,106.25384040579918,197.7217661930431,502.34094397900424,91.00212378919532,765.3806940606166,11.95792097299053,3.7836218922129428,0.46156985004029183,Moderate
41.48007399886359,145.7566779980124,359.35655632943246,498.2673487081541,711.1481561733067,99.0579660407016,297.47421129965187,574.4827208534613,81.0725061463289,1592.3835392419169,36.83243516476547,1.965843622795427,0.2879985029292492,High
107.61460918872142,195.74701235776547,382.9967667090047,475.0202533802562,512.6809694639586,17.144202171357527,201.62518654107004,529.2526019606198,27.448875945353738,1833.9527287995013,36.4833766768135,0.35544994351845705,0.9670515418062599,Moderate
56.875396831544684,172.92954157537204,241.00839087064276,372.4329085778948,388.16150620090787,43.66183220634694,275.02473027598023,722.7625331521772,76.00455634285052,1338.8396111164943,22.290090612274895,5.6876707963769055,0.34043873486943704,Low
80.10692862252326,121.47573926609456,150.85119931918788,325.0659965816016,672.8037986761403,19.428991485052855,34.08638125970671,459.26543387947504,55.17037226441368,189.45127039210422,26.137451666336453,6.006072356494935,0.6706111664610118,Low
20.67838454419558,120.15759274401026,183.15714815502818,303.24757890098147,522.4620249065717,126.44586030728448,129.33493056083088,619.6620263421003,77.13701270974762,2104.7800908669533,37.21149688357799,1.4609358817556113,0.18057511511884905,Moderate
23.074682257040493,90.06586820148198,320.2549809651654,404.92200137228065,681.0295353995954,112.0355483033285,286.82025572852825,774.9407721968157,54.50639954699964,2402.3815182730737,14.066712030498445,6.0372935952145275,0.8331681106073896,Low
4.904233951977464,124.00434068523148,269.4015501476703,408.87726022906344,687.7078840402717,30.229050437736365,100.05092438627779,486.2107710731541,21.516234769747257,1016.7645253468548,2.2580449612363482,9.522128909340605,0.5653825463340377,Low
20.272207568659745,45.69244537582665,179.06249756202237,185.77301632448675,324.46092299113747,51.196386073484014,134.7161099569384,612.9259210458024,61.291850202031526,565.9071418386209,21.716839722562526,9.784041319397907,0.9804738183047501,Low
33.43084068383504,136.18877571494076,285.28717563805617,555.6614217717661,793.6076771865114,144.99224883963214,281.6927553182602,715.3346982628161,54.29205931576059,53.18781863040841,41.11727147319023,8.8905047187422,0.4522321059917634,Low
21.241258113209618,54.589922082207885,146.0969885188367,205.92770126749173,441.30781210134285,89.12390368194772,114.72718446364735,478.5184094111338,56.61295602772976,597.0610950534953,35.571071743203284,8.080431879315618,0.23567548122782733,Low
10.644304050846674,60.80005541155323,262.57681049143144,277.9434252621545,472.157035876083,120.17333959517359,280.846943732186,318.5390710540636,89.10122082812832,1751.2973432218635,16.497778639881858,2.1332099752976457,0.3787180494689344,Moderate
14.476304532072097,53.84406859031708,184.66563091537952,413.46017343215726,823.7978651326926,39.68865521530937,120.97551677309693,145.50046090804082,90.53533420356263,2279.4155222434624,2.9147112217276523,1.6065300658345048,0.7501173257888195,Moderate
55.29345216392709,88.20425254031417,117.39122823251306,388.2688733207984,613.8508751645963,31.507938026895783,189.68671910214368,608.4865028550288,50.81833960891465,238.31510074725574,28.66137774221295,4.477228642739276,0.6761511949460822,Low
24.7600462086951,173.38801748961515,205.6542986968809,490.494494754376,792.3167570073699,117.58753932698227,326.0892675953287,570.9171965311779,51.015883715207956,1385.381671969015,37.5520858141734,6.215335925619596,0.7894300372368389,Low
43.71238332576905,95.13974550472932,229.35453213038392,402.08274606159387,849.8428062520069,102.88086828471602,145.65870161907344,552.9620438065339,56.36682629853544,1740.3504650370216,29.922685490458733,8.51425290588336,0.11979677759399864,Low
60.41007250258283,227.29235323818372,461.4349077558935,533.3137723973883,966.4305838268496,102.14668938176456,334.8649626103946,491.32409793800434,56.763035050083126,694.5701486601401,19.128359914335885,2.358032259311175,0.6013503365775472,High
82.84737943552383,257.4341539976582,334.5221844167079,592.5518714541472,1037.7629733437298,82.89518727437908,215.56722253999,414.3921517014964,95.53484297612013,1426.8931127299034,5.550912593058211,4.822496610177309,0.9355602431844895,Moderate
4.717456780931872,107.54434136960938,324.929633584414,569.829210588432,704.831708820939,84.53675141648233,315.2686927099744,665.3620532159404,68.4460420639744,1789.5448228844034,40.98484098618097,6.492030407470616,0.15250682350749847,Low
95.92924786908512,121.66944994891587,312.6933465936357,398.88810352974633,416.3793476837777,110.35462579593806,162.2871463463826,619.9505148124292,34.971129539914955,2095.1095116227652,12.418124658902233,4.48365885261747,0.13961849596732995,Moderate
75.34804673890893,142.76673054723358,204.7198412739603,520.9125558259378,651.4459557736025,40.5003721681793,191.6410383192387,235.52177555868167,57.83831172585909,1133.9871277958523,10.09291664218317,4.569227086938878,0.7307741462935382,Low
9.811083833864629,153.40289123654316,162.48807831560376,199.0180886445939,338.3717614549482,52.91526987854336,153.88704920944454,584.6261215267476,66.45012246171845,1870.9037612028067,36.718949952434436,2.2899157522313764,0.3494233330519918,Low
104.82943489281327,170.95976605828594,196.42158234388162,540.3624662008456,995.0426295633296,130.74551557800825,324.3010633670116,720.8074258066943,67.5794548912568,757.9485144909249,44.15489724257357,9.867276003865205,0.6756502498428616,Low
110.50468806381758,126.16778735831956,308.2912708201796,609.3780046622921,933.9993710812774,46.32978015182366,197.80701595514773,355.57665132007503,62.67288036143644,536.5516331965358,29.707211643514217,4.778173169904061,0.568115287397842,Moderate
7.32935518258365,107.55063914965748,157.46807365981917,398.2325995774955,439.0845793786099,81.94643570689486,205.57529994647447,383.18360701225424,25.99625391593836,472.3477964962152,28.11647200610478,5.350782356784644,0.9867633254229103,Low
33.22531777766444,185.3470710469507,278.16480117329917,606.7272620712406,674.4165600767911,105.39591960100262,333.6422712087548,356.8730098197096,13.023387017155674,900.3874659051869,14.374389114947816,2.224664948303949,0.8946035961071304,Moderate
96.74415357516736,240.0109032609978,365.435694762604,618.2446036759018,696.0826664468894,149.98872402497648,244.26799006789653,252.1382956262555,40.4058747130169,94.51980606317835,0.9186052808308204,5.1656603474015945,0.6941691424836262,Moderate
89.791162846039,121.31332806950257,302.68037018204325,369.34031914255934,684.5511932270209,65.29369972429978,120.28875094884515,358.7918141277097,48.47699391042282,711.0646349747981,8.630903962021934,2.5907281074163517,0.298590894797993,Moderate
22.14252232276528,143.24015291700928,171.54795873179063,326.30260707127474,694.0096198247763,64.21393149374157,216.2392282067645,264.00905095541975,15.562381561847793,1632.2959469858545,26.299369645045736,2.063245701265491,0.29881275404294605,Low
25.121918800405236,64.81268621882171,166.40428753818708,191.43034605425945,621.2523013369575,126.38825691505012,282.39536620825356,379.3962734158601,83.34706042178615,1621.558022664541,6.809240781722049,2.7934363968821976,0.8881316105404986,Moderate
44.45665233496584,83.73400855435685,205.0022358400307,341.3823336408711,811.7006090439927,120.82546668897949,230.59912208194834,653.9827218452801,40.966969375924634,188.51674719627064,39.77261131190972,0.07745850262754582,0.6060740120116234,Moderate
58.14275822292256,215.4756774178559,350.6824434107408,610.2435003187638,711.0957790119847,109.66138226018228,231.31389318252786,516.828088807754,92.22694715606542,722.1019646161473,8.466510953379833,5.7230035644167545,0.7998176929494972,High
74.19057258363551,119.13098407687694,323.72114442568113,458.9763172514672,613.8625596134917,69.48444561135433,309.3727991863293,626.189017819386,23.896909705803864,1426.0463733714146,23.49470038553557,3.9054260549522897,0.4773709962099886,Moderate
44.26963674837269,91.6541591216147,134.57370788241892,250.17666929626586,370.33810966868117,48.59086802410737,231.7622908733077,325.5019562892677,15.124146124358209,799.7875830702416,23.04059605959577,8.991955740979607,0.14791995481895026,Low
55.504165935977746,55.62177627301166,257.57963922966724,465.9541421082764,645.3349258413452,91.3095723877273,118.96001025837155,533.2909124855813,53.40844939476896,1047.8801203512394,27.177553355834274,0.45503637744458575,0.36605213532764475,Moderate
89.69651257605078,246.41693871864396,419.63654564280705,724.9081307924203,1182.240684504295,131.43349396974614,184.4660116873989,618.4558979072726,27.021640314313597,1783.4628390038313,14.734533137311756,0.47984299351471355,0.20309173457394503,High
4.401984346871748,147.06905072451602,286.0367542742558,302.6908716653952,590.2471551350759,132.56661873128797,376.46077734017774,638.1245741966994,94.3659348020075,28.120739494291957,39.30903904793919,8.864441497260206,0.7927411756042272,Low
30.29243332128249,143.21164163760454,318.0936092382475,453.0082613831549,822.1042100454044,16.274751760565763,197.89114020894857,654.1700261482786,10.927305860836507,694.6018925006342,19.99356911887813,1.3101141899331954,0.7154863901742357,Moderate
85.60195030614629,220.64978781513793,323.654222553052,379.03848218839397,624.0981002517849,64.2525425719726,293.0138241081359,715.4281365854267,47.135770755313146,360.2187482436166,31.50691104314583,0.07149303603381796,0.13399227626863863,High
107.42482052246392,134.79356265887245,169.39295915090358,412.76694690705796,427.1959035751202,69.70829342981241,145.6736594269929,511.33574776421193,93.40729942106515,323.3849109974069,28.615988743501642,1.8301929439444868,0.6403161288237832,Moderate
61.40129305387993,143.89954007964351,310.3408501459853,347.3444462968825,379.44218929578966,146.64230512856298,332.10902015021105,699.1469779970254,44.59763860567915,2397.8053400358813,5.272023740386647,8.247567942221162,0.8804287316450558,Low
63.85361823183788,127.07310795461844,258.241184626024,490.9239001291096,759.8854157630525,101.69970228638768,280.20037941726554,332.89711639269717,18.379835254041467,944.5180272482323,28.018770871617512,8.037005123463016,0.7124960806299683,Low
12.860641360773126,29.740416087036095,189.58411622272996,289.7474210019975,649.1419384120104,61.08696258931058,134.75945894915435,270.1774777969872,37.26054485756084,1320.0860193495514,24.781620509149317,3.4343154978923374,0.5355563173352003,Low
53.689484018814554,141.19297135750088,225.69266661462336,295.31355142265204,402.9788151870178,3.9086828978389496,141.6127642605153,175.0363741693533,54.82093544509901,1835.8856082387333,40.43718284651577,6.696907626735526,0.34627012069194285,Low
63.91407197460278,229.64720903627716,456.36385337123613,784.0872486099811,1145.0420356061331,84.80777401487939,241.6615518324532,246.00215644560754,26.66365186089998,123.38144977582522,39.63944864182065,5.097134587991485,0.8927419121066008,Moderate
29.09646043616756,36.307101865292566,183.1495690091868,189.63317087027136,594.9660576120276,14.411396345753419,134.69434905261969,213.84911474457476,51.99055346289357,606.3514832014573,6.7929654335240865,9.052113148966765,0.45166463803396883,Low
32.309187713925716,84.77215214280861,106.12277321552706,259.3448183768762,465.2935575579318,125.16749360216446,331.9621702666676,772.2057615901376,85.27088762072538,2081.2087294225626,3.675831551397345,0.611413580403352,0.8626239012220962,Moderate
45.27409957255472,82.63146808958135,195.0824657656885,202.65191312731633,575.8615295493688,112.87779908555432,321.0950595350517,441.03208905307747,88.53561731769517,2155.666579878813,13.256649864489095,8.141132330929487,0.7938498463072873,Low
2.408543733327164,45.2749413931525,234.3639550790611,403.6215219155763,605.6364970798063,69.07637398622681,281.726511061616,766.8034923574769,14.43346612396589,935.5125469988011,44.397578550793895,1.7474567608032274,0.8254156170168168,Low
38.6494998699814,202.16771920826892,400.70135964133704,576.0679418693834,915.2432565968934,64.38161693125495,265.2375092057957,563.8830089863987,24.481302224731614,940.2796911311617,0.9708199382842536,3.946627929446005,0.990307644153564,Moderate
25.37376083958536,109.62619060175759,233.27545379269728,345.85731878085875,727.8558434406302,134.6008448353153,256.62171413460146,375.25095795194665,34.776112219012376,1893.4577083866602,30.280150780779458,1.9599736567759205,0.7613205900793163,Low
39.29968226134976,123.23357659051715,346.9204692983424,393.1770914321007,889.1404005861561,43.26875256271926,138.62832709997105,387.19372884207746,63.537926579884164,741.2002157409236,27.383118022843973,7.041013375461683,0.08233888893271599,Low
14.371455818310146,151.27507146026096,218.19218075883535,349.9278189659017,522.6261499976997,37.35299431601562,245.19706524460824,354.7444765946659,42.48952829132204,297.14973244429524,29.096022620601758,6.799345488544914,0.24516223823170769,Low
106.86327368878739,134.67187040967403,237.32154471924068,472.6135736956388,678.1339639829446,140.87961492386432,263.42997956293107,755.416758654118,85.96368221014679,647.5509483502557,9.822865039683366,5.501581136905317,0.0834353928089063,High
71.23109442648584,158.93885816449497,383.58808580673747,657.4266188322981,740.2366485373838,121.38687551302239,182.97972517001784,606.6122171224997,74.50046814546438,971.4251054312583,10.202280560993247,6.9967222161963685,0.23041789144460606,High
81.49227829733876,158.8896168391295,382.9537959570242,568.716506792874,670.7530359937775,123.0938389600792,249.92972204063327,263.0491164317978,19.04104208021574,135.25075043977017,19.378893697822107,6.413669567016504,0.10836753515180764,Moderate
94.7005486328806,202.1444729312787,373.5726651374489,580.0147031913634,926.7122044905523,29.27907214138883,64.74152762119937,538.629543354935,66.21017522608821,1199.307234229436,4.313601318013036,7.775598454058466,0.5265361891269403,Low
59.813063871486875,239.73345045656583,454.4785872371209,524.6943171307494,983.2171122079874,21.494398714640162,194.40177136433988,554.9343250157835,20.17113628122806,1851.3187443680822,3.357594405852309,2.4320961803409595,0.07679590247642391,Moderate
10.430434570490842,148.9312355052593,171.12455224431747,271.69016887399476,468.99264470461503,3.9044324725702353,87.88475287854682,129.07537888918597,32.953210267281406,1286.7941354787517,3.9761754068743738,4.317680518660168,0.49895014463449644,Low
64.45278501822574,136.06861156136262,352.3173556133067,408.98081913163213,498.90304254940276,35.556226337802,100.72092594966558,436.0397991128884,26.008357018080524,184.37887458369488,25.784062708781597,1.5586839670745756,0.9038988617640114,Low
70.42093416250549,219.38048357183393,299.53546020939064,386.7888327110046,529.3385824025016,116.12857375714871,355.25576031583495,678.7191092986777,25.575575428063445,1103.1733302081666,17.898383560405218,4.32445596399093,0.7611472119460689,Low
89.4527369021196,120.18024229836603,164.7631204054201,243.4734934843562,470.9993458884255,36.005762814622464,230.22601175419936,339.62038465799105,65.47559722991733,1773.7169970668676,13.212755129577312,7.0318329266323945,0.9467581274691683,Low
51.79914554756153,57.28260908317435,117.12506816868594,298.93214340561906,444.25730808830326,109.36549253923143,306.13286822021433,685.3562182240021,60.724443029874536,149.95115170552387,14.211872084308752,6.929342049804298,0.2653144350686944,Low
15.309636335467651,52.1103433790368,156.60247038250856,353.5435349092638,470.33307647019694,37.786239805113226,193.71673212490907,237.24908378139264,25.84253375089542,154.31873836858685,9.327748763208318,7.108797687784681,0.554531525585029,Low
34.05310869584694,95.32718879641368,158.1251899475305,488.8567872350571,856.8490316135969,59.29387469260075,269.087077320175,513.8096679357989,99.11555248765886,929.6505009365518,18.51774008948707,3.122236910011347,0.3526504805075468,Moderate
43.56987556783621,135.474411910557,215.61630841468175,284.06603490021485,287.98849552052644,147.47434348671126,337.26496377755655,342.2265673591005,47.96530591314644,491.43509048865417,9.137613113998531,6.639029039219691,0.5191288059074324,Low
77.51006895979215,188.23331425720812,221.97793577511865,446.56443433164225,716.1796979998837,36.72175969262034,186.41518572602448,670.7839301733977,18.736239533944296,2337.278074314509,31.412071903469965,3.706289879909934,0.5792220381050741,Low
68.49339656026943,232.40242565886535,306.446617048615,592.487361194248,989.370764709125,56.45559409474015,296.73669455766947,672.5185104461241,20.85121152596036,1455.4522913306591,5.5769630694271255,9.447695858745247,0.08437682395207191,Low
42.73160710774155,134.50532882682393,277.57628246232423,473.6607947863926,606.7749379451267,45.16307706978205,93.0618144908878,172.4878525707158,62.550434235393524,721.876871517711,42.67089380613809,3.46649534050937,0.27159332845423395,Low
118.38182985515756,208.61144588778885,319.07487291055486,408.32615128593136,709.9719065919401,16.44374794950034,252.28867769818808,423.12569767382956,98.11624630451256,1763.4179391418022,4.041852305727699,6.0500314287416606,0.7195341402817975,Low
72.69297832282646,81.73672009096325,168.41641039994104,260.3089909069411,594.7590437162501,73.48412131962374,173.84366181933996,254.1248507234281,61.475599145727806,940.4479831415255,42.45573214259442,7.51394985621215,0.7842816233132847,Low
28.467215008319336,34.75129448643962,221.3643267007181,235.10289527556807,562.6152434781131,56.803599499950344,188.90334535032198,572.2120774149793,95.41373289549735,334.62853272563,37.4982737184183,9.068753918812096,0.5909787991131281,Low
12.213896714448449,111.42268985939542,334.8001827077249,441.70566199969346,664.6304790990523,104.23306287109202,134.91789275716926,164.36605547102684,49.97195656822241,596.8944134597331,30.632045427602115,4.407389604366413,0.30728757655124284,Low
18.343096702119844,97.21524708682185,286.4125528124211,547.0238404636041,720.3128344014937,122.63918204273193,257.6660417731797,677.8693695550368,49.22569932868108,1608.6544747261423,41.053574500446764,3.636826826672266,0.434829910886603,Low
29.514927406140977,180.56739850259473,263.56757403201453,280.19878905450315,698.1608255684099,81.63745717434578,234.4391451388941,705.537314556759,55.0006623384294,134.4308844624942,6.2648457082819595,4.32878034440006,0.14123497128731533,Moderate
19.28176479114668,48.20409003927881,234.31463199866724,311.067980875358,690.2909593752902,4.829463313100529,254.25484876523151,592.5688201683814,72.76829123399997,685.359154919919,7.934164838411189,3.270778697920319,0.9555206359529621,Low
22.38804288615669,26.882942067225617,64.87798768573842,312.05936217186206,472.6869488788183,92.83835343520823,336.6364562030899,443.119181203807,43.08543698061994,524.7371367172257,11.346866642646711,6.556548676169774,0.8752435976497738,Low
34.21142024326165,115.03839847068431,147.61789549350704,421.54594248151386,473.0555397026169,8.308609503140879,249.90793247171268,429.95298037848806,87.74974294110613,506.83210113794735,11.01651870446509,9.330531801885412,0.11232222956209019,Low
20.80483143537058,63.55097165077693,149.95773090981666,309.3191744314916,345.2229471542262,92.45344853985374,179.5504635653681,418.17040096983374,12.635324629133162,1708.492217880048,13.988172191722207,1.3044065145691992,0.20816613237541398,Low
107.61185095517102,116.54243815616177,318.468030417176,562.7940488847031,609.9320378341711,102.75449239037827,350.57111707663915,652.883503177766,49.57877755255981,2065.4132073021397,25.9033904222892,5.631174544463061,0.6020397191293159,Low
9.628049479397065,140.0557411119703,201.64280292254574,337.42606195175796,628.8607425477794,29.665144142627764,143.53468204140546,477.8662269472492,55.989266498192606,1791.0871871203256,1.267767508729708,8.981604817335294,0.2708085704227551,Low
62.94136674843056,83.0281067407351,98.841458965405,154.81109472384964,180.64218263834448,122.90192230826565,335.86098699874077,612.9683446581821,64.63290144367866,1616.0909004222779,17.20226677679891,1.0461397193273745,0.9376806631134219,Low
49.247619238759384,158.7451292401583,191.67251304174707,331.02483577476437,499.4882732567836,136.6627697361073,190.74276199085028,366.39972240177815,34.84647211292769,2291.5471706855706,11.08733075516684,4.963960837124494,0.7678110518275209,Low
117.88543402903277,168.47438905907282,383.16063119146787,586.1493682625678,962.7492192196825,121.96304461707295,248.42133953122354,693.879979813675,48.47319738872518,150.68898915862061,27.29834316237249,8.659034478811439,0.3096269372655286,Moderate
13.444668260166281,44.673957324070244,203.11977851089216,534.9384271594038,682.1125104170928,45.76637853181232,287.2694025637137,327.9654315726928,53.6083975192651,422.8702995107206,44.3326198973191,9.009499506535219,0.05579634063095233,Low
47.742671885488996,116.09794601096613,179.39823685346028,203.46107008449735,585.1151086745623,87.99645186684516,324.75430109770207,557.8823282194496,71.8218980814892,1038.9451048979777,23.294457548251767,5.1678040034715185,0.8094750216428259,Low
116.33645199304426,260.5966917131759,399.42064804522124,577.0085808909574,949.7420999944851,137.22227237868415,308.15599183404083,695.9384110677812,79.61897662622326,934.26685054215,19.15583576032952,0.29827125045378866,0.4528852241210123,High
103.86085510727763,174.4376989501007,306.3326045564383,421.45452693019183,544.3680932468,48.099708933427486,247.55328957169243,277.9896222173929,76.40445946094084,1048.038749392741,16.570959531530228,1.1011098253568257,0.6602588262648882,Moderate
98.04864851391359,233.18718537190364,397.04617998206896,574.955272978912,939.3663630252847,123.00417333981376,167.1108474904141,519.7784558960647,40.74247470606268,520.1049880815515,35.322714849593595,5.887831615150275,0.3226260841502326,Moderate
30.94833924539278,53.53587266923991,111.83276127464399,120.22416785643007,494.11248699248046,1.4212696892544785,181.83590706029383,591.6917184369563,99.95054706927672,378.0107723726697,3.2391419242827126,1.2823931343401322,0.18572959639026243,High
20.506510486807898,159.60536602652212,375.7061128251215,485.26498697067495,683.9919498041884,0.5470054177014405,155.0597075015445,485.4753567650706,86.37987806084615,1275.4371524075304,43.18967315070547,1.5367068802671442,0.6915460121964585,Moderate
80.23718639093173,122.88518487412848,200.2273253941317,487.1811770285834,592.3914188993425,113.95674905084512,136.84468298865664,143.31312912633464,33.40210358304721,2320.4910475516403,18.80630486946205,7.732565122932033,0.4778083587393261,Low
111.5251186953103,233.4558820753074,406.98879556936663,600.8684024184897,861.5038058644243,114.21713731906817,142.50688896648722,232.57540253259035,27.55952251055448,982.963808563043,14.116532662130085,7.519385982826228,0.2734112160164819,Moderate
66.81154716167157,168.6522270330509,172.68338862610463,330.3872611117457,791.086055111844,118.34657817784407,145.45748261565953,316.51402206163493,38.261912552505144,113.16626922822256,43.83306523798656,8.435588956283446,0.18074659958789302,Low
68.59352273638798,235.83957183449172,329.0038543080285,428.93762940839736,748.7459956244284,139.50402568322434,320.5932593906832,437.43827720970614,50.71103676996804,1766.8875205093636,42.11454884594399,1.1020646082357513,0.6014556147195518,High
33.5974912392341,103.31554447479063,191.2429989644927,295.55788194146726,382.0191307550979,17.685946773042634,53.11474883493574,534.4408189486494,86.57194404876525,731.3067392903015,28.887036289457445,2.021541566913336,0.7392724431971957,Moderate
92.33915198303242,104.24888597323171,240.11999311898535,374.2054948756899,715.5839572424499,34.79774774755325,151.73081552617086,477.52777258306764,80.0526037415081,616.5120432257057,0.8328318682680597,8.337966227093574,0.3196926140169595,Low
22.445249826902803,25.893237226128324,44.07730267042745,336.5270511580236,550.1285647989409,135.55873805607115,224.8041895255106,373.28966820129574,86.61215111552885,814.0237117414154,33.684073929295735,7.224821706543031,0.7483854085797678,Low
38.84150836850924,187.6760493436048,385.20889277513186,723.7335151580257,1019.4979138357123,26.585429665853017,164.21146485840745,629.0602141911302,34.476140341929565,1810.9197321501513,15.100083001890058,8.069263471889,0.22396608879613333,Low
51.052372633970016,145.5047874130278,199.94998785491993,353.479371327551,720.5113888391049,102.3343901364876,278.9535119413383,649.2506116794318,63.411510020665254,2047.9543702414087,17.47261038844175,9.897969465333825,0.3714949065403538,Low
60.9132454421346,200.45717477242547,369.71662849292807,507.39012205464473,764.8637978118671,79.56945000612231,250.7500843114553,393.0536902249763,35.492415604963696,1472.1998880107144,7.143395803982487,8.651094481249237,0.7576381724599577,Low
29.08916788980963,71.28577589188228,272.0888067029056,568.3815782398576,975.3735655265119,12.479051527726087,141.35903050632024,330.7998152072979,19.812084464754385,809.5844905302812,23.55561377392047,5.228609345955115,0.6771363436647253,Low
13.780418968704424,75.8954931610865,216.36473222146478,365.78159444417105,726.8593841024849,42.789549291229925,158.8732676938263,258.58769684580466,71.57779691272125,779.6431916276091,33.50486682916948,3.142143438732711,0.3069974455587169,Low
73.2744050929959,78.69310209103331,263.9139037715297,457.12026407500764,764.656934084263,78.05583246614518,177.50973124670986,663.0467303796208,22.86977960758949,315.14933301413026,12.285500314188079,5.718282036418276,0.16602825146958647,Low
34.63566638883069,207.70428481217087,373.16936286592227,453.9989454754828,529.3953533916585,127.85251750257511,343.33000457866996,601.9782525237065,70.09279855358243,2333.5861153468104,42.242980861951885,6.403936174832801,0.09034975369987984,Moderate
69.74858657071347,189.96480977685988,278.84725906486176,539.0731465875381,957.0477020433223,106.13077344220105,188.84372466036228,636.8720684093546,68.31678744148682,1597.1578004272048,8.763158520132944,3.386355805533228,0.8460194209233214,Moderate
18.523525832904276,186.5004416295794,388.7150763879707,574.9109877827443,1042.8637804426523,93.28247421823995,158.12392951011367,331.3738150185375,82.92235999816153,72.30167654038074,2.9818053267495017,7.72082352297255,0.12138485208946702,Moderate
57.736812222578095,105.52616555981112,179.2015080311931,462.3636006153127,530.8461625199601,74.40493349121222,260.23380690503006,690.6546084537679,22.559914410720793,1657.6059024907684,28.996374300745543,0.9729002369459732,0.1591028945960684,Moderate
63.91073190619031,173.97418192680925,316.77741136468853,590.0338668747229,834.1544315914382,44.80259757212014,134.74346299630176,161.68688720988374,80.51321336579298,1120.6477933628023,38.2193429346021,7.804958864283013,0.27582509876156697,Low
6.218824418691229,128.34881871136605,314.6982534967509,389.9499223912609,519.3942933765131,17.886736697889177,229.63638663720627,720.6815453993503,99.93488733516133,2431.532117802064,42.89097866883805,0.36838526088538726,0.47338621902785544,Moderate
40.39251338327047,97.5514594296364,192.2904368827633,442.76287957798013,820.0245332907625,61.36140518491433,143.33358484420052,599.3507683608518,86.5938203727312,2048.5767178919855,34.522695473243346,5.0047623041788265,0.8002977262246712,Low
16.12976123267691,168.78942353549033,244.4813254398466,524.5003682228265,885.3151862251765,4.277774086693887,179.76398023034093,361.3654526186684,77.66308686948996,432.4328058128315,8.984250517773255,8.621292811658499,0.2851063096440507,Low
7.604996456732129,178.09405977877674,292.9305623219824,414.06809659582063,484.51065688102,31.658383390027588,42.935634961361615,430.2967176186503,69.59488192252368,1801.6772415927917,43.994753316167866,0.9106279765129057,0.5663328359417643,Moderate
118.79522788679343,278.0691490720742,482.56002265936263,542.9732121751588,981.4868478059773,64.87250638089897,161.26322640847897,537.392189645392,47.96033362168865,1216.4871795689821,41.37461442129792,5.201502418116988,0.13585389594754094,High
38.68246139696676,171.71451706605382,404.19495785247,405.11621230532586,495.602744294327,62.79077785078726,148.59832159267512,599.225720144141,75.7450151102442,471.6776833564708,7.342534024310135,1.6359448176650977,0.4912854548796985,High
97.18493350255618,147.1285758530479,283.3994290680204,441.2157076506223,839.845220474676,6.6443146495488605,210.8139994685297,364.44149003293523,75.17602316264079,1748.356068788223,25.1453622111896,8.953416713106305,0.21875704370844284,Low
30.556878571651662,81.24776615066537,246.61431748157833,369.9657735201729,598.4559533341753,88.35902302879369,330.1228738358712,562.8828764929459,66.83484544185595,1370.7320088421422,24.99828416689405,8.331837993984621,0.2506319809460368,Low
81.78032666687152,255.18518434715833,481.0035899068869,675.22203174578,839.3581785248556,82.45263837798544,197.6729575512258,630.1727638542524,81.66505404680456,80.78282753506838,19.91406501582619,9.342476570770202,0.3984870124034829,High
91.22734318676238,93.07855245518695,117.71526530842254,183.52964771449757,262.6492790516043,11.715645603136926,217.92471489157643,607.2144419591845,50.38874995841512,1618.2369365694205,44.292659861686,8.756074298224432,0.7732803137658145,Low
71.47664887294131,200.36564405652734,258.3852885230686,559.2682302063349,643.0753582796497,141.4744578690659,316.39813310840714,513.1314924785468,20.912744091915158,1589.2927892067894,2.683000673109954,7.378705433166607,0.7567871084052229,Low
56.589142626019004,183.7134518859662,360.9384534488618,451.1527789187002,782.0980562691504,14.907416842629019,256.7539137585523,679.6165302146134,60.316095484831365,364.4924768233993,28.224400879961312,1.889647496105603,0.444224327661054,High
49.42090969767222,161.50502706863577,367.4411425467107,446.6915043273882,721.9066983009484,128.2251226856004,331.0022512713066,354.4792708875073,33.853917584020834,875.7243788567488,9.238663020546454,3.0599010259055612,0.16273759648278815,Moderate
41.86419198515944,220.08378428079527,434.3410413634398,602.5909611329644,663.6336719585807,0.04645978725089095,19.415976278183525,410.43912775967857,44.59897876862352,1466.8179320238446,23.72990421289318,4.993708825164673,0.316657039022749,Low
111.5434973097391,167.68179574720963,271.4585899609428,446.05644827143874,502.4053784906013,132.34216425680748,310.6625948523665,414.0455245692168,11.567341354710342,351.2636201962911,35.08833473043835,5.9095229760715,0.5300879877036313,Low
99.6743289345275,160.86926441731217,183.20423999027886,258.48407006506136,294.6393574514571,2.9579598306468835,136.83288868624027,279.89334259813387,44.4511529126095,2132.5448276977177,11.102706142584585,7.832724783366438,0.875941189760367,Low
115.80322927998151,130.0123218103615,239.4576911352665,334.608945489337,706.492619176109,113.6718047838174,117.78081926689919,364.388241064696,82.79209955219092,73.57768548782096,17.701179591741685,2.308248300461256,0.9698418840726639,Moderate
14.915666818265368,94.61933139613811,152.30297894790155,211.69981265223728,567.6408552668819,54.25362169503794,117.08186137639886,341.94911191138584,58.845013024442935,261.5793503485406,42.78456334261796,1.3263600717622843,0.6555973882727179,Low
87.70409702443732,134.69283174670997,207.491945495866,458.95300790897437,488.16850333626195,110.73252002044798,341.17133127717125,601.4563847121117,10.882047424057394,294.6867650379358,34.26663319741393,4.851971197406678,0.3831521659725312,Moderate
112.60085481852454,174.4104612105005,367.477350419877,637.0085113588057,917.1435491572921,60.261780813746775,291.777124010435,564.164921846447,52.28594382158626,1322.6272793077626,25.772543303032602,1.6205220381855598,0.7087807810096598,High
21.747967939879217,171.9708901858922,190.8526616923639,352.66763580311283,395.0057134244578,10.63618834977626,210.34880339993487,376.11264891568334,36.23064828808667,1552.18446036072,9.989882451302254,6.952681183179243,0.3694186290295686,Low
7.979552084013299,176.36676451896253,383.26206888913805,633.1925268288942,1085.065412133365,115.12600430930462,360.570905128802,448.184661637317,52.9795589857454,1012.3332872712089,19.13874468649124,5.777527356412587,0.6441997807457761,Moderate
88.93447791480709,122.3664308757405,229.28370233178276,486.8610895098887,940.4197990999548,10.687902798204746,212.32420895425594,596.5648235979089,46.42234493030893,725.2237350320747,34.83275935724652,7.424022580337902,0.2815782431108928,Low
68.93677358158942,135.98838126121328,285.00436403636206,333.4007987235951,682.5172936301601,138.3180653941827,140.869112215494,340.85718675906503,93.87812976016434,2024.2468521857656,36.924438514948925,0.6811937685683287,0.303639266169809,High
101.01945321099265,268.1729543917636,290.58601220068334,628.7483208927712,1091.842781612496,7.646105368749207,79.60469044412714,332.52512167365666,13.705956906671423,175.37352939741825,11.007278916407952,9.648740726419827,0.12146430958906693,Low
16.77268519515474,27.898208119214814,112.23797770853473,399.5991591922856,805.3256743991308,71.89879166572732,79.55483722516803,401.9031964007271,71.5229210153739,704.3281935263153,29.792709468765864,0.05005508992359304,0.4491340946025162,Moderate
95.43207742318683,112.05697248323496,134.4822022369464,206.05141365548462,620.3207016190092,108.45516462761935,131.9821568120092,586.8011179653372,86.59239366715673,102.59336911590705,4.2751346455529955,3.2881520293846704,0.6372657940908844,Moderate
24.195278405729344,53.49765646285063,293.88358718312804,359.04134969425263,643.8952749792193,58.98696971880566,113.69717395649968,467.47358952660966,96.33147261854279,39.65588674083868,1.0445538352708994,6.812366193994085,0.79935519662009,Low
19.63871314388454,126.777023286722,328.59243561828464,372.5738365711386,525.6034356792265,32.585021188865205,158.4746577702458,181.20427056543807,25.98726038898663,886.682817895842,24.690326554485956,0.4991636349280828,0.8198311175958091,Low
19.711895751719155,46.7969045327987,161.70509312191376,210.1375900115852,319.037147569796,113.86364420940406,325.7466450749085,745.0268267739173,57.81743217695745,491.08503780010534,10.097093442619293,0.8793283345081891,0.9928222270318057,Moderate
97.74896642776585,272.00271508889784,327.9033521698156,589.7599818298593,753.3599928493238,117.64420571830897,333.135894757586,827.8134023213456,13.923061958549072,674.5728078214245,3.5510414058959787,0.812980300420792,0.1333679395451138,High
79.82366648354402,160.23228139007767,393.59605770254075,557.975047635609,872.22276268014,138.40424759315508,292.4547122324792,528.6972249181703,54.92651720095797,2053.2631578501455,32.84227408028535,5.836021780873744,0.5184799300235373,Moderate
62.76785097229432,153.04108383532426,239.1902327670672,513.2171932260208,599.5454611422202,56.42476656466165,288.4687513312204,773.2639195585207,21.291228058688375,411.6353401418074,22.408856476409028,8.964456884633455,0.5453058466322928,Low
43.0596580948203,87.45820893979347,127.70431686163715,388.89352988420904,518.2136482028699,75.93776017459903,200.95334182215106,474.6177129937258,85.41070072288421,1951.6822510437432,35.83246549313027,5.576597928237006,0.8143067550589976,Low
105.264064897573,190.03691033582504,330.82800744931376,542.4424571761413,776.4728885738734,54.469266426910806,276.7282774602112,506.53627539618606,20.248300234482834,1689.251304750177,29.877490785625064,6.055534955182732,0.3030405898094047,Low
47.093412890716245,166.23786676537833,402.18139685158235,642.4097091541202,758.9347584164279,38.56227327770523,152.07858736070824,317.78096972443575,56.19595243478457,819.4815852263775,32.84122229619705,3.4927164295194943,0.11590370394249366,High
97.99193273658925,233.20381738831696,234.1613900133976,240.58589354609722,534.907728404128,112.65494423064129,181.96119608611184,510.7386340027812,56.89864620934784,1368.6575822148382,13.831226158315491,0.23647452862254614,0.3480708697549987,Moderate
52.69618902842621,188.39244391621054,247.92365472971022,357.0458311114679,818.6338453396329,50.94777675254332,280.05100627765023,394.96121654017253,97.44854481384449,1113.8668463874742,11.847412155745637,0.2650664416246029,0.9847314376110479,High
45.233331530988906,149.25373181592482,383.86564191852676,607.1034046593204,981.1480875108837,64.2224162988528,161.20618521857014,213.6732944757723,68.94826246349993,325.3463121666751,27.039370144286757,8.888684166485067,0.904469137933357,Low
55.52157428035277,218.30633377924707,261.0778254935376,264.3485592137231,597.5618662881795,60.551048643604176,186.40207585471958,200.02062714682663,35.905626376912174,2268.427377726768,9.003696317913796,1.0705957652604847,0.42548461289931894,Moderate
36.16534489969705,183.29875741479674,211.6096203247517,223.15155061365937,514.5122886055487,106.89918384701187,189.11434197968117,335.30439833731305,31.671937894432464,1426.1968291264716,36.69354520344095,9.997904249535324,0.8824583988078075,Low
89.71312562115014,225.98178626690273,368.52859021685384,666.689384081488,910.6633387100205,137.66934391660197,303.37874398928443,501.2641600728035,21.542338508055842,2201.19891425966,23.531407603840734,1.6860049845372174,0.08111675991082577,High
60.3264468110975,70.33544071358041,285.7963965372879,525.205098129513,618.4870279468428,100.0134091961066,348.7712154476155,624.8095635882394,78.08632516441536,2060.4471469741593,10.214546955649245,6.762612717354134,0.3484938735909905,Low
27.86552341761808,29.103556617154954,148.38101104063648,241.26041763275686,688.6156453461897,70.73738941413488,77.11577663032729,223.4906892238305,72.16809905641048,204.04093364701097,28.132570454845883,9.492106948200012,0.7404712555881673,Low
107.94894879294822,146.18945868813336,394.83052285926453,635.6175169008127,759.8855179072309,116.88076721083252,341.8427687126079,833.8725549053136,64.88894145772954,522.1403117160389,42.5266080787628,3.6547783125381605,0.260379638465997,High
46.06694656478537,165.50119346920678,335.294118353705,612.6539525524472,658.3083913415276,96.14569861832064,97.12721286563699,242.99979698622076,13.675639865498951,367.42648036520285,3.6942626965848344,7.3576102280424935,0.23847140391294136,Low
65.22634333367863,139.24189133253688,157.7606181351488,265.13861722368426,640.1462068380318,9.091553567672022,100.14852385422479,320.63621807742913,78.65459797548651,2077.7949343033624,4.920534329107633,3.5410236022512342,0.8687171686661547,Low
108.77665331574563,181.20977998962175,429.4178129101156,442.0308950348312,529.8386622004144,14.349537962826247,56.501239535204824,108.13932230115499,67.76988194336313,2156.80433300573,37.9727616088503,3.084163514776381,0.6351562630229066,Low
74.90855950967905,234.13419939100953,336.1077585860571,662.5804522267642,848.5284519973522,5.687541611044999,195.02298677918282,325.3362434477207,96.74999812994395,1322.288916971873,4.931719855509311,2.0579506216256167,0.9895715823964341,High
14.027764885003688,175.22907754873464,247.07971101010526,367.89265441357594,382.0351185590658,68.52244893094797,81.17515912024135,105.3412290147369,62.84819168891309,264.92429090747726,1.771891620884451,8.218302323643702,0.17793619246519105,Low
112.77985483361701,276.43140236326246,415.9011982577339,453.1698154073811,521.7037866776052,123.87801515084473,262.24925354692675,542.0035702655907,37.35567159955373,343.36346326482544,15.65687614709128,2.6110012829110207,0.3883219868714893,High
75.32496636857014,131.82302014127507,207.89991809649115,380.04982308409274,466.6516384640488,46.96247540270281,120.69400886403096,496.22635043024684,44.33684969703882,2034.804287033477,21.00176482147189,2.867423720913283,0.3456527032135002,Low
40.188673758850335,164.57872005191746,186.19309683195553,455.15682531440234,482.3618891894913,57.62402746387225,91.04158968004779,188.89649684808177,25.825663484040923,2323.329390640679,25.62499965108104,9.989748934877836,0.8861256258329642,Low
16.71264871960647,65.606621348993,65.96370711878718,143.54026723493288,471.8687455463555,136.4215662551836,329.3761192808438,513.3315881888792,75.06227639812467,502.6918343510885,22.828510465391243,3.3067388326809315,0.2925316940408601,Low
95.28302271243551,129.59279266583647,241.98863089590205,336.31014844257925,754.8140463441379,125.53551679749823,179.8897253613124,188.19783872489268,73.69494940195528,32.78825329807179,41.093305319615105,4.256606163878886,0.38578794779046155,Moderate
74.40873071142163,107.64257303394808,316.8584285905962,401.8086739701003,588.4663771530708,99.757216857384,155.6760198711187,575.4370477322248,28.058501392990863,830.7274983511909,34.59006451762368,9.901051804859607,0.1856921818916561,Low
64.01533103715859,125.59470279260552,268.67349920012464,615.7590676912121,1053.0473060503125,40.020567313837695,108.78976359831844,498.77152606415325,24.264039086405074,81.09597717146396,44.271461513776984,3.724538436903391,0.7866309335167277,Low
107.26710996611492,184.6594815264828,434.461306262343,503.5526130680329,610.2259003480962,17.556222403266524,164.24791336027337,195.87492879741956,16.930443988197514,2070.7974156147047,21.440494045139502,3.6932124719968757,0.2758181197609102,Low
94.63166534694369,244.202516136856,315.91417754865597,517.3462534867994,680.0414652674191,2.4088234020170574,167.32530632470412,349.75911098490974,92.07781693135827,1231.3230817794977,3.7948324427630515,8.28575893882791,0.1149042586206085,Moderate
18.20098556793014,39.78138239301832,109.89514858303215,433.7377731629697,509.1062696785539,16.05160089066313,20.452231815999372,498.0955387407471,30.9762850325366,1606.4426430137346,42.998878932429356,3.1537071664525356,0.4633532960563518,Low
37.40664813546579,169.69330066654675,209.6306657250328,261.0444648322555,571.3240625417548,43.88946654359142,104.356875572039,300.37040361152754,40.974717407662354,1031.6547659606726,0.18509227150938112,2.376171731241951,0.4218852177634579,Low
29.818696777735887,125.48058133181084,166.49647839814463,506.2954476518397,716.2302430869931,82.76850953692436,190.51122016324507,453.6155585252531,35.245405753974154,867.0413297961422,34.92432062275718,4.260942038994457,0.21872874409010673,Low
89.27355510872124,141.1037167903999,212.40036579291183,544.0173978313804,850.6590712523298,9.600012412858034,92.59425045316632,270.2156809583439,47.226214234971195,559.3900306248316,1.4076913847255756,7.0213759657331165,0.17691768190121476,Low
4.023892168293526,92.73141738420196,290.9414287025837,600.5416241729756,981.3790768700674,20.434166747767353,241.47683137548887,539.5425254396198,74.2643919444235,1927.4787048601734,34.25463857932373,0.48026809854369024,0.9017293527140977,Low
68.38676218455798,122.37633474442205,348.815532403534,423.9103148690348,696.761822885509,27.162105346191158,224.08928806779588,713.167725886207,88.3536070353656,1740.3912231167458,42.20725229316244,3.770464470824739,0.11445226222366901,High
91.49504228888287,198.78979423177793,442.5615866586983,664.4808562625424,978.2960337134364,94.79731394749594,251.2698678322028,750.0211195728014,26.433887457568616,905.018816317735,17.51671337989711,3.495136774361111,0.14434540886150393,High
105.21187641140993,183.30378252535388,241.37619604946704,507.68821158590106,975.3133687830675,92.36846984701866,176.8790738462786,564.2365628518742,71.77711093670486,806.1847550764614,10.843418304887296,2.4859425552572234,0.2827949170814857,High
41.0498098459089,70.64280508010707,290.96719148362996,636.0769663523804,785.609121156802,82.61485895582294,257.78294516736287,459.9384941775825,41.73059280182366,8.10098222845411,10.182561863032388,6.5601589922482315,0.9551972301736771,Low
98.55087656064154,119.53582998066695,201.5996023000012,264.74794002848085,444.3299093454574,37.57521370439094,248.48471691583953,495.7008173303337,98.24744514675635,163.56256446345375,22.127293986759152,2.9354013001160895,0.13111503704386238,High
13.275808434624867,111.68103120760829,139.8911673368294,408.0002321685831,766.8519130232517,55.6679536828098,204.37554802255647,382.74121207870917,36.902724335566916,1560.0225346071238,7.6899166090556195,6.086979012129629,0.825214085405738,Low
101.57427500814218,264.0086209996408,481.5148523796822,600.0952618541718,905.7480203818652,14.503457450661456,210.61882417400622,703.4061391261794,10.647366040707396,1288.945239037477,30.281563379687043,5.068151572473538,0.8974495456528858,Low
15.29863947983789,77.2110230602213,236.23743172112594,297.7066946699268,386.9731469397842,33.969090563708235,221.2453309136452,575.1254838263471,56.40759766178606,1089.8339951901312,16.57585608697687,2.2110392147176907,0.4089743543783411,Low
47.67447486724407,179.61449416731625,220.79721818758168,368.2791476124309,556.3528026176759,134.65578397088706,277.5901117609676,502.05583447772324,23.565797584834396,2069.618090800138,14.539927158146657,2.7023322675697066,0.3291996798402503,Low
95.67544389354643,214.2344877827045,321.69230216095514,599.5348714129709,833.4538779753284,146.95376196537427,224.99956617075202,231.0572012255532,14.00449841365592,1262.2260199851023,20.757850931540567,1.7474705304003109,0.6935088418445376,Moderate
17.990091281852855,185.66997585755945,257.4843995768264,420.1818308732446,629.8767498574393,97.1489378460442,283.59447734636217,543.8361845416364,72.84423087529376,964.3114856112633,24.416437609788833,0.6134606877670306,0.7175028705797117,Moderate
27.51016742791698,175.28675054176233,359.48539271931156,547.6184777903785,636.7558819513989,137.52349380351302,189.22258539291462,681.1866862437236,75.90333542576109,407.3345870748375,6.386861801645811,6.21092520789387,0.7909783046829477,Moderate
86.67030820716795,188.65925481015128,302.0133124662183,650.3191060362608,1112.534151928392,96.41128506021376,291.2833716780972,552.8138261646232,51.46291118048523,2052.616580495475,31.84935137085795,6.744247504447626,0.8390384422624794,Low
86.40438438552893,204.66987406766825,451.98986034426446,591.6781151893636,972.8374960363515,4.979472915820482,206.11614595145375,297.32948869601057,70.91969650809196,1442.7393840523634,39.73261949573968,1.7016999364062655,0.304975683211723,High
76.93771594623567,238.64727993136194,252.3335254962607,467.7237896444947,708.4017056984208,149.51438774796136,355.05060764055463,366.09748119294204,58.441550342242046,235.68761497727945,12.50941122905318,6.173154227626428,0.7026135217923166,Moderate
83.273813336052,155.18719456170027,243.94101109576195,371.7764816611421,711.8069958145604,14.842845252980236,133.07183799759463,310.42371705969913,66.68209969497386,1624.001503002704,8.117590582326816,9.821743163572902,0.17816043807044174,Low
65.12693320171154,123.94998025611147,244.42502203360584,381.89999824865254,830.5413343164134,102.3962702167591,150.51646215936452,609.630490007668,63.70335758691651,1065.5515099935828,34.222744067357866,0.7903008446313302,0.535194764966946,Moderate
30.21588706883433,32.16188212316967,157.9452708102496,401.41953451614245,469.5066056969281,37.925430461218504,62.85633047773568,561.1333845656761,69.9240487650033,2029.4086278520497,8.259377569454227,4.929190181363693,0.6322425706869648,Low
41.483519220470335,190.2627125749339,269.24666817134306,597.5071098045523,722.6936351580412,58.79716693604402,244.6374795580251,717.3214669640264,27.966758380585414,2297.6919195050104,1.856482216333048,7.343730225756344,0.20364533984272054,Low
21.79172601617108,165.96825208877675,348.27831436316876,538.1039470354813,809.4545706638038,96.89012772014074,318.455473852594,683.1654704797224,34.18359580330302,1503.162203874734,27.86594491722505,0.5077915184057826,0.12268121273356376,High
109.0140673600354,127.81588061806265,346.50264899030634,615.4426241223794,1014.9478097985586,65.47310239615605,228.18269210538273,507.25405632571034,49.59668345569228,1830.3739841868492,10.78881373374076,7.793821265276275,0.2350089719623833,Low
70.00701537193446,173.8413439758205,408.5211694702863,439.7434650562236,457.8709127769873,37.58190883966924,73.62192393676165,368.9649971278876,50.15152084772678,146.19416476740344,7.731468401785186,9.796136809074214,0.44955931045974873,Low
48.10217001163679,131.6188756816765,332.89221988155805,406.7975329827325,898.8066080809127,50.16692803174871,283.8910401611422,553.3870447071226,79.69705404282138,1402.8373602278873,44.17212337715278,0.9304542421508941,0.893448928924606,Moderate
55.44069643729592,76.80833362893598,289.4533829555858,465.1994572774222,692.6527587186208,51.23221753847645,298.5077211733063,652.0323736348005,43.065429330657885,1889.5732459969079,13.133924252987745,8.231187559385956,0.5553187033079908,Low
113.67400075341784,290.17628162434806,427.81260677934694,434.81671004941813,614.4322803602796,143.89858567623205,252.24323815996252,461.6798515076388,24.625464045326414,1244.4215629478688,40.65494805969911,3.8168863678953375,0.761068247147291,Moderate
18.402168373929623,57.047428117333595,263.5194847240373,352.0187272909329,498.3809462108188,119.79195238851766,268.49827470696044,603.1002771848432,32.63193734419683,1485.9074733133214,8.019844464987194,1.4839562142184173,0.2154373018768742,Moderate
70.34757984201566,82.44973225831667,158.32570954530473,339.4161609840429,426.5945148094787,68.78231572191001,263.08944572232446,323.89550320092496,29.326015214580554,2247.8757230247056,36.85397094280958,4.95727243150366,0.15067928815246417,Low
60.70664146613592,167.77916977647965,267.39886030378324,272.6352796934885,668.4222341585024,29.973138051204618,214.07058556371578,346.9182388444577,75.84940173304197,499.2584322178426,22.59084928718169,0.7616114210230962,0.27763648975062777,Moderate
73.37450825215774,206.37051013610363,285.59876359073974,378.18996376985433,855.8970461429026,121.65241653939839,363.5992145227607,781.6007339270755,52.33056531633839,250.12503634202017,3.5367646102197874,5.244909011263482,0.3481863921508411,Moderate
2.173222058500861,8.013042346994514,124.85987620897586,304.7706630255302,511.5930404482293,23.577370741256026,52.29814351095325,504.17260888264883,73.77676281738852,1728.155814783055,33.01223821396076,0.2426000406402936,0.5706969178810894,Low
104.65486907329817,223.22404404416216,294.61894810382125,495.2211848972572,971.4315322739853,31.569332571300514,176.75054910700194,446.25466788715175,47.45977126818642,2058.008019278498,40.1433017280651,7.299683844643664,0.8871811543462187,Low
111.85419389803349,207.66673156929528,448.069592132907,772.0826847022639,1183.981492419781,54.90200877602267,227.8848636942957,243.7026723007619,90.07620422535146,2126.973020513496,7.335764565098469,4.905298373825306,0.4547879859384971,High
67.81598203070507,86.40368362821378,164.6148406296308,390.48580876734354,631.0113725055027,132.0522293777985,354.576835424716,818.0636208206001,98.51682769504612,1605.9030202425947,32.65156090512789,4.616449626305046,0.5428582784527216,Moderate
83.59809886522707,114.65239671557225,139.1635312433072,284.321062128805,621.3341516918714,19.76800029511654,238.2954072246542,589.3275362382974,70.28582578323505,2083.8674783361544,20.02736335829057,2.002105362733732,0.05438285918567462,Moderate
110.69992574127548,212.93529925816998,344.63959077077334,670.2625027673471,887.7545923525786,18.33512892817891,262.8350773185014,469.8490391961818,87.74313015125969,1753.1571932796091,33.92417039655233,3.644568400157919,0.0816464597467223,High
84.86863611760783,138.21300654999973,152.48777616129382,427.1968203470218,706.558524453298,74.0962482457899,202.11586173020964,501.3053333299578,55.71399404548564,223.00540518744293,32.126757668338755,1.8596008525955796,0.12958073993117022,Moderate
18.30468514971136,187.20151630694826,214.8373078840934,284.84043027355506,313.86359878280695,41.4615811640512,249.15179786735786,464.0392150880409,94.11587563185171,1906.2985521730452,1.1970103708352435,7.367131500330605,0.7140443812050772,Low
69.15460322001758,216.52784452714673,271.3751918262083,317.17001829829525,665.3017559485618,85.30919124722398,192.1296182790559,424.79923164508136,84.84278371055451,452.5024254280725,8.042446618521982,2.030301729358621,0.5118818003333215,Moderate
72.8058055659427,249.84790273840204,365.93546520893744,602.469537718894,628.8818599609624,67.74550270248352,173.3239721664916,616.7289049961925,99.26007145894351,595.3403097644771,21.19622593195235,6.186695604164564,0.2333131386052652,Moderate
50.89568055628632,97.63643156736083,205.9491646446178,401.90827259656214,810.4507460563868,65.24386595268253,128.58095707089728,209.12308052945303,66.07843617950024,989.6533143616688,42.011737736043614,2.832094635624133,0.6129694667553282,Moderate
88.37330827496675,262.92356217860265,462.84652767930044,739.2322925067649,1151.7057572370436,16.795945573048993,221.35526732785644,273.18983506897484,80.12860662414057,789.8448304842105,15.393305553966067,6.586972849437105,0.5673815442280843,High
112.12404177228179,189.7461383347622,374.61480180579053,633.1965693333308,751.735213111438,21.157453537476023,267.61122999085495,268.9756022473628,58.85813259803921,807.5210870657655,28.299306162608186,5.427526841267356,0.13435933671949596,Moderate
111.06822154881316,173.62160470528897,280.2011782029643,499.02521505309454,660.8566055709947,123.16178661702752,187.24721870384198,344.2474065099053,33.32080938442806,427.3025128890942,0.5437685481492965,4.263214384944564,0.6583921340812889,Moderate
54.10072456849585,63.16363942297943,146.5896913168869,491.8234513869992,732.4786406661458,132.88241063576166,146.91530764102973,220.62219088324343,41.92796540167819,738.2082625383132,32.00071146961248,6.7463582924341905,0.7787971289989847,Low
13.588565500890631,23.086311915619103,102.20350793099375,288.9599134696368,587.2913669358775,35.202529932787535,239.08813928753938,349.08088685659493,90.46048732581845,54.058161989825024,27.138071823876206,4.18643461250188,0.322226687323642,Low
118.18094387548015,242.742969945878,436.24174176938027,475.8287565449822,619.5055874159806,17.01907522871536,172.0765883624044,177.69607969509286,15.035315193875851,1184.9128119873733,32.192763597709465,8.222637495621576,0.7031144188945923,Low
100.6677703735121,183.09498937163713,196.11309092695456,486.0088386125505,782.252040928513,8.012500790176592,247.9372009279277,361.53490827177933,63.23318974669674,1922.6344421306678,40.709727586122526,7.309504659440895,0.23973354115834478,Low
14.95952174439202,55.733414430891045,58.9388268085425,147.08750362954066,295.9810402441901,91.24464206128452,154.30444683052258,320.66023779670957,43.52356292536978,2156.307186215975,6.592451990301452,5.429357995405157,0.7688923730261576,Low
110.50102591408468,221.01568105262655,419.90177903428855,691.95753088466,719.7028914201903,107.30298187503084,125.05989637535112,140.84364458029177,44.80232842050001,2051.9692546037986,11.771531820363018,8.77675379173067,0.9161854606665842,Low
104.38756344745539,149.9020247324754,269.18861872973775,604.1761023297557,605.4398772457102,55.92149838048083,179.03206359710623,482.98412574568005,89.61140857723906,1044.0620088928074,44.81014014756639,8.297175123607152,0.4697737676115647,Moderate
62.26056685512865,166.23428263712472,198.9545672755187,442.83299716303816,493.40852612225245,101.95138012359594,123.31788586488281,407.7180603067618,86.8440137091604,1827.4140705038212,7.032778132933213,5.341801976473967,0.28239097430103693,Low
70.95305228939151,135.61062674627578,194.5021103949011,403.1126667273315,799.2380168093406,106.94382233392892,172.39132260960577,220.9092118645683,63.89581380152218,723.2874813675551,32.42821529367119,0.7310545523229351,0.42921786708781484,Moderate
47.88032446441563,196.11972525454306,429.2457135288887,590.3808750151529,1071.0965312068215,140.3013422095358,171.79580741432787,469.3006961735284,34.56269626639005,143.62836943045676,32.62841597299058,5.681663704382478,0.28757359902293106,Moderate
6.57139665864376,154.29670559666403,369.1724495028885,496.71590260127965,710.1990022418893,9.731045675266087,65.76409059028576,565.0910498947246,52.79107115458216,1691.5489558512102,30.734718580600624,3.5848070461248405,0.05117740697805668,Low
40.22366899750811,126.14674065954036,303.5930032155335,427.14466605567617,683.4866427806476,28.84375848466197,55.37992169000993,527.6143980957802,46.746405441029445,1623.746431017333,10.234826519155995,5.424123780897154,0.6679337812142229,Low
96.34241383176138,159.48985351206417,280.0461610963958,502.77660809475253,576.2006926314656,10.27889813954822,248.75539799636957,250.09089468020122,41.82562262822458,2005.0653416798746,9.681032844624184,6.488948081951054,0.09040030986408706,Low
0.555842760552343,65.81660614118935,195.8975126890358,458.84310361724687,734.3587799573254,130.1990900004166,199.83976836285046,597.5289240280304,19.250702070156677,1542.1849857236853,29.98534806156546,6.466143819763864,0.24987120320636946,Low
40.0199006029373,185.04851522321653,428.8596490442062,666.3406233637512,738.6680743672396,118.88807400503528,229.86247050317664,406.6651086214196,58.880249804378835,396.44460430992143,8.381258300664722,6.751564233004114,0.73632707832333,Moderate
47.7802432309132,106.85255013448335,348.29516110555517,417.7386965233021,723.3458621227171,86.19631059327585,310.84926250183145,342.6749476691452,37.16481680870352,2133.6401681652446,29.770349928324183,6.808722819197897,0.6824387632199943,Low
64.48747235255074,102.11815961978303,155.9354210662416,328.8309341164635,795.4602679068904,12.549511507677474,181.87990849804606,329.8715153561501,69.47271486347756,1569.9957061066584,22.163772691139314,1.1373501161993664,0.11966246644385736,Moderate
110.38267396953125,125.62657550708649,328.402717083416,605.476742347488,703.3260119990077,40.99685379805794,195.50622393850153,356.3744820949827,38.72835422429777,2019.986199092335,17.398299044222284,1.9575376880500717,0.6770520040251232,Moderate
41.56151932391535,125.56628108310886,174.87694762486308,341.37337499103273,723.6552340195838,44.65797720877754,221.0487747989868,482.67089445351525,48.804714382132154,1936.3972653382218,13.510455722007558,6.323882995196391,0.9340461450969935,Low
41.63438422754732,128.41816203311885,181.8025315041067,369.6206794115295,381.37189082069153,84.11147940231257,291.317043678658,621.8589273130854,14.712433677496678,748.1718956265955,42.64096199954025,4.111315267873814,0.12077734556727399,Low
88.50014977316981,239.8637176456931,408.8869761868373,678.7845930466251,866.5332137074356,38.70658410550732,258.12390106844754,632.6517071726515,99.32842629149299,191.00967225587067,22.86421459842544,7.640373870792347,0.4449038162928044,High
54.26615290677686,94.08911826706839,195.3393929139555,426.7822501067375,482.156504021992,10.943979586943225,171.60389725319985,294.55541853483317,55.68493449476583,445.37850067851423,25.25633831299329,1.2928473585151798,0.7429621956084344,Moderate
26.952578752797834,95.53100801310981,328.41710978973987,471.68783209857725,647.925552896427,109.6143452779949,332.11616395150935,493.0014490757578,12.181383474775554,236.69152411156062,42.71652381090534,1.9556537944843662,0.6843368530190177,Low
54.29274193592321,199.80577493678757,222.05820866078977,535.4526575787663,622.2211173982081,44.8620317483117,178.7114136046809,332.9022670345485,58.71075928850296,612.3140180399404,29.424479314371016,5.606723192242906,0.2651850153460234,Low
16.902842445575985,165.15509238039124,293.0365025827645,349.934976614982,536.5874716764257,67.85612655349509,137.17884062060094,318.5472746810392,88.33185993750847,1151.5330211998526,43.103381749057235,5.032442791715591,0.20491391362187106,Moderate
21.166438380746797,90.39643205692508,320.02681466770537,668.4575716743191,877.2189747280843,19.149995247345803,239.1691724683069,738.9973269464763,79.52969208395824,2267.4924594283007,4.786503323521431,2.700651682068065,0.7950346538388854,Moderate
59.80413272873757,142.44645692034013,368.4748720402164,410.0732745068994,560.3688358973586,120.38224550918694,255.7504523624587,644.7221037761717,73.08160157165088,2180.6867960219834,38.09878342975817,4.113015272876327,0.9584324224768568,Low
50.27105394054575,104.86251429341667,143.99481764735197,149.22730753383559,477.53828227040015,84.82978153860864,311.3641784304172,798.8594110647657,22.55181891391314,1797.9065386638415,15.093658261039089,0.39806371666369805,0.7792042941656877,Low
109.781508128172,277.6413862436482,369.3008112677623,680.80742666983,1140.2334522992849,135.23784393147943,145.27979741912475,491.8353271926533,69.19633710887251,65.16033707182581,36.471938628165354,0.4185291745440225,0.9650442580878626,High
43.48726789399598,64.84314572748043,219.62349573915452,305.35722366723917,505.6549107198754,74.32073445980001,173.6996723451089,376.83502316875104,78.96685402110343,856.766057294781,38.503648088774035,0.9945236781074729,0.6247456529301907,Moderate
69.67060203336521,237.7454981736298,277.5942193664804,532.9890889728326,629.1606672103434,141.21385077268195,378.165105363299,573.0371971767864,61.517715756894695,1707.4593240788768,12.216954876415011,5.7890849093455765,0.9326439176573212,Moderate
75.87171455034364,198.96767588070543,440.9732188921401,724.8286001183644,860.189979216356,133.7802306571989,196.1927538467746,440.48332633429715,90.34741040683164,326.9270976134756,18.39737774319655,8.643978325400878,0.7059139098176426,Moderate
1.5713347906000363,97.25432227421165,325.94165445612674,626.5868913173676,1053.587303065552,86.46897846888508,321.85303997850826,530.2879316607269,34.92908036063969,2003.714185789692,32.67064594417068,2.6392217281327714,0.9134405126910323,Low
79.62448464200527,85.50311558321452,127.24066034183181,474.29864282429014,760.1185044593641,140.0840157224795,378.559631004792,792.7227540511649,31.79302297653255,2286.8613315690463,4.45750339036368,0.3877013057480314,0.20350951957111124,Moderate
21.364316024370172,106.97163055233166,137.26049586757802,240.17439438157768,467.6799105350563,48.46331209418284,268.9988906506481,501.49989716399455,88.26127704483814,888.4905943613745,33.9990090452703,7.100839665420509,0.8247869549567515,Low
115.32843809633462,188.72309699682643,210.07521769889274,458.6603873734334,533.4787481278968,54.846324405631705,195.76333567895637,343.5705157843794,66.28584186923072,1766.0784393502643,4.971281672463481,8.560754778100412,0.23690851090577986,Low
17.839527330373556,46.85891348589561,274.21982949505343,314.60977989334333,539.4734340552343,6.82169269590554,168.55655496606516,555.986689314391,10.130249846889939,374.7693110084398,41.15050795206261,1.424819213367862,0.0760576468486594,Low
49.754894847242845,167.9086234773611,216.3145759262263,358.69782790112356,497.9438295798169,88.38013601457796,305.78438562704525,732.9945903177426,41.78182676599472,1728.5870405370024,12.435268198335905,3.8881895746069812,0.5417068273408148,Low
10.241960169437263,185.04912349572868,289.12035563181735,585.9104482912239,1057.4920122178985,108.28859548934001,302.2628660866361,512.4773441568618,87.20703872332071,58.53125365617299,25.90197060903101,1.6294315638725374,0.3523391915337521,High
119.62491022151369,220.8188962131282,333.0317376261289,461.7120537468169,903.7471084546826,116.02787853631547,273.5513409001684,607.4556268529343,12.458756047756896,381.17490949369693,5.271907503432275,1.1082564345631838,0.09135479369861697,High
60.26340123974911,188.91899099965934,338.67175205305125,545.5551352405162,587.5064061546152,22.472442906915497,268.03729487459117,297.4395618187435,10.2923135435358,1776.1542092886318,12.127191959811542,6.499276957820026,0.9812891597917514,Low
71.44620207840525,83.76728354028828,101.70111947714452,278.02182478076645,536.3485694113879,66.62386084687505,238.04301993029856,502.77544591603186,35.31333614726168,1781.0663060763839,18.177976956919743,9.676987937972406,0.6831427907154932,Low
8.049177286611297,83.22923653367035,139.91889088379935,366.00192677301516,478.5310995303512,26.529481814087347,270.39997992602764,292.89054879878165,92.260003330835,1604.7009510837167,21.917199450735644,6.797747974926583,0.9067215645548188,Low
89.99525644790134,110.9397837775106,343.8123805072421,684.3254167929354,889.7139615550807,99.31910232813733,113.66622097991002,128.26164122714405,91.13298233230147,1196.023240838587,0.003037394095849466,9.8489058949358,0.9991284565783508,Low
25.18867117147029,135.49192156804216,362.59444838518453,382.1018826606753,820.5258817864035,23.691955863265218,58.43204854881833,364.89447381018783,56.68857512213571,1688.895687474003,39.989509307121075,4.372232996899399,0.42236839983753743,Low
107.76651473288565,276.6933032114335,472.01596506285654,672.902496188427,936.6597561326994,135.62455259341124,248.48926409353388,400.15695529102743,59.791318402566034,1935.6329917305266,0.3453664301494702,8.983804398832234,0.2920001772974094,Moderate
24.616756857840862,143.73674870273578,148.58706010728963,450.6471328448893,617.7547795302692,34.595196849212,130.81506207029076,502.08364329802345,39.88072101854699,2416.3717392966755,34.81580533474912,2.0905880354297306,0.22469017305248734,Low
22.88252647963999,36.70707517623586,118.45876730026139,286.942716412211,390.8868934647095,43.710339943236725,239.39405028249368,687.4353305987897,31.936299582502887,2222.1593737137696,21.17605105603669,1.2231484517573914,0.5394277524017754,Low
4.385960141771386,68.2258770390863,225.21556087481326,252.70007595436374,652.8625056576084,127.63594832264995,167.7894549399509,237.48504180512626,83.36996687909064,1987.3628354024809,23.57460112056194,7.0400745065787405,0.6257767386270496,Low
56.64803341319991,155.7674417125532,224.56499465592213,420.75376800179197,733.0127756839655,68.77014152185856,312.7939362997307,675.0553555891927,19.56653744496773,1738.4200042023604,9.37194657005434,3.7455128920832257,0.49880159923089856,Low
67.78093599151397,140.35833209549935,367.7550058589437,483.9808676472809,718.0135978603964,3.5993918700109537,82.36586068523945,339.62585982941107,53.861893379077216,1437.5180858537562,27.331575765556686,3.210991647333661,0.41788941410339825,Low
7.885036731402284,157.9409586169333,316.41332407504376,370.64294894332136,479.3851258748104,74.18793768039687,181.41886461543675,237.47848969678617,67.09575335473761,305.91901426303104,24.17543591262535,6.729241751076697,0.2098589352861719,Low
93.06331400340127,239.70409485119933,257.6807741803107,554.8428538295263,721.966040908092,12.681500307018457,81.36775841702418,407.1640616573865,19.33122613339263,418.06432103549037,7.390638297913291,3.368166215606406,0.4697666426200927,Moderate
54.39466016976331,164.52424378834317,391.77564099726897,574.3354705441616,1054.2571839134207,147.8017078030966,292.64261213473344,597.3760136879698,56.764638592511155,2051.5975038738943,10.715355060714861,5.7469538138727865,0.1309809802251117,Moderate
62.926832319309604,130.14926244319656,369.5909269872522,696.2376713199255,956.2826401228426,88.21673556834035,102.87391067398634,360.6948443743776,61.976915912119885,2009.2657159570153,3.0106633055605725,3.029578307299978,0.8717953709432124,Moderate
52.89152963258738,98.85207690997132,118.28018150790268,400.3859581189769,600.7355987406033,38.47989264164677,75.89926903425896,539.1348713140881,76.82464544566284,1538.0750203035404,2.9827607440253705,7.848388002701951,0.09455751949306143,Low
48.09156730503912,67.1489445834024,200.23900329873112,442.77913111951466,703.4901522936766,84.55765193214266,271.0070777868237,531.546925838832,31.135244423277957,1099.9061311268028,0.6199103678591955,3.158263987928388,0.4116137586449769,Low
67.15683975698614,131.03842278456588,206.8794933381085,208.63841951596766,598.132672465772,11.530065507263226,58.1552113584642,553.4127690835704,36.39947529616825,69.95146130989609,9.921344646738769,5.373191737737391,0.14513097559082008,Low
18.628829511685502,92.99988260907503,191.20965172942562,340.9478615528131,511.0023298042475,119.98369564032255,178.86230852948825,433.47671545354376,61.256903196973006,821.3064716087171,30.584755232867508,0.2806020327852668,0.7862314744937243,Moderate
21.831375659432535,143.47950217816577,188.39230666700124,257.51250524521254,346.865565711517,138.79920807962455,337.044767010834,394.97078616151776,98.48137689834527,1054.495945625468,14.229692466406032,7.927721294416007,0.3471001298865305,Low
103.41427452162208,221.8830428951853,366.40106839828843,685.1803372653922,977.6483964349161,131.16665823092393,154.49195282023732,389.7275783577525,29.5743864538103,1217.1116340026842,15.42304214403195,6.222360859478661,0.1574503320199271,Moderate
113.53385545603592,126.15332059146218,365.6481589036848,426.75255354041093,759.3546052809445,51.26364034478442,160.63209603749465,251.79647731503027,98.73134444111176,2323.664873410217,5.935742696495011,1.9627588165793117,0.5549167339212882,Moderate
44.79711795357035,115.94379473117876,241.71194479908104,341.832962879831,698.1919643591058,48.865217946505275,54.63106469581202,353.19780730452567,74.29082797490331,276.22995250135637,25.896180044538898,2.1929650921056996,0.9204631568680631,Low
32.48936077722645,65.2095568763516,85.93820222497189,266.8310709320466,707.8248663151114,5.263141682444999,91.96499151192096,438.53107910872154,84.34738626670209,1299.5729648505271,15.396463869603178,2.6618045391229788,0.9132126275632432,Low
77.27994518868189,105.50623214570692,260.50656551505904,352.6838321643868,538.2708925089433,97.7100538051375,272.45540445782615,506.67304381137296,18.067714141270528,922.9661309109079,30.434256154359662,5.78647454072584,0.2871684890761504,Low
49.04810053177157,197.96248748447584,283.0182360972901,356.47087314498253,394.1483212594284,80.23571762846925,102.76153755777632,151.61302139935043,37.037816868756906,2475.2948074440487,33.36567609791491,5.505747514275578,0.7336766921622219,Low
3.0463626792413834,10.59110168816774,224.57239908599217,434.25716287195553,913.4314546874266,68.90195569910121,290.9856123937912,525.3063116855676,15.196265168588294,2155.3507206258487,26.311179386177194,2.774944010436799,0.0787699831989417,Low
18.738311683942843,94.19122934632468,202.86076642544225,233.9860993897006,451.4920631084382,136.14464300020606,363.5194037353851,404.24651110258526,43.43922955028577,1099.7707063261078,12.423129156541632,6.9559198051711855,0.17525920667825334,Low
85.91666746168771,116.19332549966099,164.4032277352224,184.76194328754605,496.3906981241117,25.181835162426946,51.42942894371072,392.4924066969777,98.31606939280468,2499.2405453401275,22.887350970176445,8.895959601040625,0.5244987517980906,Low
79.07087302921816,237.35031185134346,285.12671752412973,415.4125708392547,748.5652324034008,1.4499400035273502,249.13304909747154,644.3171615300153,19.47457559857046,1287.5877999463835,11.33688621070365,0.4829790026527077,0.26731861276393454,Moderate
3.251519100418019,103.51881148992435,295.70985667021444,547.9424157479663,821.199270098568,10.997467818114814,85.37985616698704,566.5700197805065,60.61355041340795,421.95890249554475,40.63107759092632,4.20110654633568,0.8083487612621312,Low
26.636659431953934,68.28517397978658,134.68207355662656,328.86443895250835,431.49320382064343,33.50571567410533,54.531133457006845,128.93218702123505,10.546356053243109,1391.9073561076527,34.48735875371508,5.955525179520858,0.9345185634500282,Low
27.728975590568567,118.16588728051632,309.97423582032206,457.98099978369464,835.5525248417654,4.992832389518542,6.2596110138341094,272.4697787804862,74.14145344396564,569.3833856800983,22.18526577025048,5.885030275193143,0.05411665065864313,Low
80.6271292318474,212.29467397840824,263.7665016700581,461.77954914866194,863.6555363007028,75.42655659647032,177.557280537436,461.3259643051453,27.747342313483696,1592.6005359902488,43.4455714430166,0.24437670254563204,0.2712700381209308,Moderate
2.3652645305236986,174.82650613602178,255.2480983113491,383.1561179399949,659.6439109487148,47.113568285036706,204.56606471156613,665.804331602056,21.662608341228662,2343.9132363353942,24.60399510285846,2.1451323551936197,0.4675756787724159,Low
12.49302983814886,52.173310602324264,168.5450537122491,496.19627111348865,740.4768514059094,27.0724512102199,110.11726368604822,423.7555839843053,40.331603094470886,1966.5654492033955,14.784096463062667,0.6652156770556092,0.5849253239347691,Low
95.98993024478273,255.50264922806485,491.3016116514275,510.5183234701985,567.4874150341911,112.51261124229931,321.691952610955,394.4467754336156,79.39398681450834,686.5434075955427,4.296028535732119,5.711202471871844,0.920107638712496,High
21.425359446520034,189.6000999966683,422.5329561851245,658.2199738455668,700.1958045954586,30.667698934879507,209.819267826142,427.99492980773664,19.595177768008973,745.6622692901877,24.468554016603612,6.471629382311198,0.8972893159895288,Low
78.32953294222496,243.28523095799687,295.0031998135688,606.9521325032815,776.7345552850459,103.14076514906898,190.68114814107716,518.0624123942024,30.685509621882584,177.87406671032852,38.71874752116055,1.6394345260636018,0.6553115944945676,Moderate
28.581933725607183,142.95651796075094,232.51127827151913,513.8709263288579,669.2940040875545,52.38973587714584,235.96715252929698,586.1093685639457,10.76179794555786,718.2402499374621,39.00234276704019,3.3634606374536222,0.2945186133796903,Low
11.93296713112142,125.3006849293688,162.65053204281188,227.06489423031823,703.8931197119539,76.77416409938319,311.8960983416956,743.4330976369824,97.15733764260563,236.09887519615398,27.20551800072368,3.3315472465914087,0.7941234193844433,Moderate
29.18066291993449,101.75857689302259,229.25484672139686,332.8290688644978,724.6404400862127,140.08005597769798,163.35405561345226,253.60761553565084,63.29310399899774,1251.1245547174788,17.704726345539576,8.207033199318346,0.24251918272287015,Low
86.6720318226791,222.10365063736094,337.2492883110276,588.2160668585143,918.1782144880442,5.602745222371924,82.12873526177614,557.8998086395253,74.79096727462294,1772.3259633481528,29.263333864080593,1.9868610750648765,0.966913707891976,Moderate
102.68357617275429,198.31649947592203,423.5065400886051,453.00123580187307,711.8252803106757,75.03967612161928,190.8711609007926,220.44086690858873,68.62448540404131,1879.1969979404005,34.29631595515678,5.505725507190301,0.0555479199472981,Moderate
99.62638374803899,221.565236569132,454.06658101690016,738.2181759583045,821.9019413216301,128.16344404914273,252.6609759878349,744.5420432722859,22.99281029827069,153.5254344592068,18.52311529773568,7.840208349383798,0.5912819787125064,Moderate
47.66202355421458,124.78444624699776,220.67629399882077,472.2937246104974,961.5220607026394,88.19613725555227,223.74504847707067,652.6285949102748,63.54459450945947,853.1899661043141,21.43143761467164,8.304303019325626,0.13397738457554637,Low
80.17021638847754,211.83957991624257,334.7740656709899,590.1363929033598,777.6567420234649,41.53057754477349,116.68730417943563,446.82369556052123,21.82740356271359,723.9885575358471,30.627733832007433,6.682332638133093,0.43721955367292026,Low
24.598115449898515,173.00298861871732,397.0620509052506,432.14653049890757,485.60933172253,59.65217027175515,226.46708176734242,593.9648318995532,46.11128085668151,265.22930585339986,39.44936727462359,3.0303011350057343,0.6531868632948963,Moderate
35.17772763132159,61.53625381982849,263.2132057560939,514.4293964417747,761.3288442996477,102.03984430928618,263.3109701917436,299.6569731511418,61.206682233276375,909.3659207753542,35.595467016402374,8.23931341954712,0.7051185708123205,Low
107.56029822253437,257.4876470258954,258.40172486205773,496.3380686890472,933.3370744955888,133.62178414707046,278.07716071497396,298.81709216220014,60.299300269194035,751.8036723023941,1.007611619415691,7.434551969646259,0.7962909961902384,Moderate
1.5602308212883242,98.81360654354363,178.82849758943925,469.6513693770869,913.2968702657516,6.159956061991739,34.60038648971089,85.48328476539365,20.716608338446687,1588.0755772014954,5.596755470306452,7.059467881601228,0.6136613176265316,Low
10.26102370253617,162.30088733877653,267.744447822808,282.3030325125723,287.7859905407959,10.730823283556463,129.97279605754258,173.65270338961147,13.099237268186997,2208.8401460156138,38.37501811284848,0.7199872189058213,0.28875338372169473,Low
24.94635061752328,102.58065775890591,160.00972867971385,168.0984626434411,611.246335019141,48.757728541438134,137.81445041378203,411.50506714849956,81.84108824864325,1139.8300935786735,37.52202726202651,0.4804855624829179,0.8947905807881279,Moderate
3.183864464858366,71.41115183380467,121.30405580778935,251.85654076528562,387.5986495152149,34.91695266562185,157.6765701251525,265.39856368104705,75.33301932964048,1867.9296060532122,17.496305241691914,6.968884712130715,0.8205520423630033,Low
21.772252210775676,186.48318406387568,195.9293107127956,248.00521005999911,267.49139204421067,39.7396329333609,270.2062418121174,700.3090604154806,17.363701410826426,369.2958659411323,26.292506506094952,9.45070827227761,0.2020497018215075,Low
69.96498731636306,115.1754554750753,276.01788674251543,471.4524538920931,895.3475890735303,33.19049979388214,153.3233355834842,376.1976471175203,21.467396692139808,2237.9411147164424,40.763024209289085,7.748553084227042,0.8351856249974565,Low
50.570946071099755,202.5291646226055,268.1567372433969,589.228852770759,1021.1622307648631,29.37375732827366,32.86895528815162,380.62419351728903,90.33253987506582,385.72387184665524,41.02014064531934,8.323181886612202,0.9740122901149576,Low
107.12060532923698,194.24430838092974,207.331102988758,344.34900860566347,642.4645485268385,19.593595030393768,129.3027795514265,455.73932603650644,79.2216011459602,484.2924455954763,35.23917805924008,5.472573694455414,0.6553581609675218,Low
98.0932274086129,190.63040706783966,248.37523469985558,544.1078667452671,831.3247453934463,140.0931197692857,345.2551647816312,505.18168424648627,99.65442665950067,270.62718995125283,9.431502226185554,3.0806321336763354,0.31771496195819904,High
41.01808220374512,96.54237287185224,297.0208610808839,297.10516716213715,703.6653034728469,21.62841958592296,216.643650390465,338.22743715332956,32.85887042845195,777.6503562937385,32.86272633092752,6.793482122830497,0.6262641397097436,Low
31.130812011755097,134.2784081231779,347.15070353481457,406.130828745529,799.2856051006689,30.660566214830425,159.00808459687568,330.2362272451933,53.90226899819334,1383.2640645552376,4.549429455617548,7.13411021115229,0.375408315690884,Low
45.56308898007203,104.10110430979006,224.86766560811571,235.51590448704567,680.5686412083977,36.93985859711786,99.38211181194669,497.71129873686544,31.28136184561201,2470.045307958785,40.22723067545561,6.769811818355368,0.6921491471101909,Low
70.83539310177693,77.90388766527434,181.92155526744588,296.7730684477199,573.1467922460716,139.9522309695631,256.22439669819937,549.3628209080086,66.05201246295788,1984.4532464705721,6.711696161042154,9.46975511435724,0.5675599614830797,Low
32.16763689874515,81.12738586072925,325.59080923617466,643.4571677299507,1127.280714096355,113.35712004016271,254.28267489471062,381.0520061542983,20.387281518218618,954.1873282154951,29.80568880501529,3.7034313809823365,0.9330160814852637,Low
74.89786894189608,76.0460967550824,126.18726165209988,160.1205049117456,658.1939203784149,118.4549145473272,368.42277411586065,777.3459956460757,21.45188554687298,1441.7359144694083,27.46094734135569,0.4445925126100458,0.6370131160407627,Moderate
49.129398262948854,225.23325993318304,279.07308064683514,491.3165025071653,549.5888075064815,15.713738930774706,176.75826147311903,204.1379545282724,16.46991022646104,1560.1535371933232,34.96048451458124,9.089021309936223,0.2532825995408106,Low
66.24566170223763,240.0801594697922,313.04695372889216,471.07053242069765,895.8424121977587,125.44648125235075,299.0127137680041,648.6044012631519,72.42274740377502,2057.704417012131,24.820987606130497,1.646966232598109,0.7388543796747905,Moderate
52.335183496238,123.4631370412529,166.65246661152474,495.1163409395591,745.0274698138536,61.2289622726127,184.09249816462568,403.6429010392811,54.46653196898861,1842.4472046224023,2.680495891907948,6.988317476904952,0.3358344019678378,Low
35.33589114503012,166.4426449261664,261.28404447721306,304.1657443651959,497.94891351511194,39.42345393185831,128.04584162749077,493.69103466043487,65.59580947191671,1425.3813617929952,31.763081431986713,8.73838417573821,0.3087714053013641,Low
113.81439683545881,176.0594945493353,403.76805129677376,477.9777989725539,784.5139539139113,86.36251252804658,289.60075843984805,753.3313985615614,89.1370941930423,1674.6116524639435,17.241955147587056,3.135906910245619,0.42218779429577824,High
91.6326952991713,212.429463574647,366.2664237317906,376.6061127458133,404.5888913768168,123.3274358725101,247.06051695731912,622.077565930771,76.62956362798228,1866.0644393524346,14.412825054859944,8.312631646506519,0.061396845109541874,Moderate
16.813581091974307,161.79098884025055,264.77762599331646,416.65496336429726,669.8855227478372,116.79782266123641,365.4703551523677,586.4530328080589,51.55506263500219,337.1944275378438,44.62530972901806,3.353978356400869,0.9706836271532163,Low
104.21615710774954,274.63228115235285,508.2349797951565,605.4764946427855,1040.9217796561188,133.4996223871698,247.77976595418085,323.26760671112123,98.59203895548038,505.13637595692296,26.56798946818775,7.952866385950684,0.5557145557907633,High
58.49174378994164,130.5299534428826,142.64601156183818,447.1130884234505,553.8438464929349,139.21982790231658,156.21989881421092,559.3953867169278,51.06304910277759,1723.0178008242544,31.982358297123508,0.744807136588571,0.7848191991793123,Moderate
107.34626722729097,248.33990415937956,300.9089486348449,512.6382332540592,725.8331806387718,35.718310714162435,206.36284498668311,436.71560844736894,20.120560591017988,2126.811777159142,23.684676162104175,6.56966783677573,0.2949596112589844,Low
95.98263071367782,143.84975182745922,285.321903102899,500.2536613943946,969.9941052518324,63.57868412539075,75.23904685684352,112.89520858540841,99.33892725274444,1026.109395335921,34.648769067824375,6.7875239017590205,0.7592872250519443,Moderate
51.02562053630801,229.2854352191647,383.1735910174595,569.3423349259153,783.624253828764,2.194280880760502,64.81968010193633,424.34737899036935,12.053865701336257,2449.826354565659,33.84327309749889,4.939687009305516,0.5888119771642286,Low
2.696316998414088,7.3348447759972935,17.22422141665058,49.37183944687093,228.5556556130701,131.898248889759,220.33281208473483,366.25879504302964,59.489520353897696,544.0989730200653,29.57157520560722,6.886554095433971,0.4529369650905273,Low
32.24128312619353,140.8764682963953,241.63615777317835,397.39269707705273,617.6610211387418,23.185822721215132,208.05671912654702,232.50083387913963,37.81859398297384,1044.66470869838,44.898437764969955,9.235677522010718,0.9721357648866389,Low
64.99610575930403,183.7071824565429,345.99567366426106,695.8224900622419,955.54887332102,129.22122185140415,252.78020345330737,704.1557109403462,55.31969359152863,949.4149934408166,20.690709033741197,7.351855508433868,0.5191515284390855,Moderate
76.01738637913768,199.86558665248089,374.38322325333127,666.7134750494365,982.7091471151709,49.408098297989454,56.569581125553604,298.1201271725086,60.284165733506946,2326.0883721124405,31.778655673416978,9.614895488397366,0.674585652795193,Low
30.946522251984273,52.616286434020296,212.15126206308764,524.8619310215781,925.2083314799437,55.220038497170734,209.43250131615127,349.91302790266207,31.608630665063885,717.019401343486,35.90000832622132,4.513692522828114,0.06457508191538572,Low
16.722728888738896,185.65808991390236,265.7988960041335,553.9281217404083,779.9792246225654,5.869838172578906,108.72889752924449,466.92217647170025,60.11728801635357,1179.6229912153278,16.921561931754496,5.306492780454373,0.3363824461737159,Low
100.1916284159159,132.8046186449308,156.18464954440816,192.2492422452521,600.9897097903222,49.03181846479794,279.4904459565747,722.4416347978565,78.04550008049837,472.14842984024705,20.572876239912837,2.6742000375151824,0.8942569878520631,Moderate
118.12826168442625,230.22387426759764,337.0019858724312,416.6088747951111,683.4692054711513,133.2545524201896,258.14513020524845,258.2986677221262,33.98588535195985,1305.5592652132973,43.612526987576345,9.85673659461864,0.7710111080602179,Low
63.0828218763223,103.1645161184776,135.35312546049147,136.44570343523483,305.6859586192237,3.832110168240621,181.07589665307538,525.0019891741522,44.508351998251634,2144.22340281166,1.453095770697364,0.5986105148546601,0.5599163343668673,Low
20.60151430179642,75.90046936562518,312.806383995792,419.03492770313096,748.010341762838,60.9491209570088,115.66624403939551,499.1720910486062,34.14184238476521,763.5784574169577,15.088304428241145,3.618273155287262,0.9051517217576212,Low
32.67687918232427,131.03941669338667,249.83213319904374,287.84472402031616,646.7058513920618,4.709944471911171,194.95333560482447,299.917049244571,83.85037578893822,2027.9262200462565,21.879583305240146,3.0120867894476975,0.511909487547178,Moderate
2.206881185696008,77.30169652731978,156.61649011653668,322.0941609720908,601.1186487868345,55.63851376635974,235.87734138727782,480.689257092365,75.2484033288637,2278.722397528187,0.06592468811356056,3.895791545624151,0.5881817109783869,Low
109.71585678725988,138.556464963031,330.132482742756,567.1271037436217,595.4345903109834,25.896096117043676,251.91652325237072,296.5594727113386,88.40767934965666,187.02993483783627,40.46071954529753,9.181292712172663,0.4130452048376683,Moderate
14.130129946816936,44.89868238256963,169.3858305281356,475.4626837914626,560.404121371875,37.832758990255805,46.28816942005561,419.66311067772943,25.304490361149334,1892.2792181165312,12.880998009547142,3.7119768469817225,0.63903803488674,Low
69.18197706171043,144.44803893101437,221.9565449341269,484.18255271594126,626.8314131610554,131.63975597421285,243.51493037857563,667.2429396602519,16.622167434377637,642.0818731954746,11.596717444924993,9.173917694365006,0.3530514543748301,Low
32.88662648246472,169.19756257205486,372.1894981697553,700.6944566922322,842.0072596679787,65.40738309328366,235.19623377819119,289.2895624405215,20.744515347280604,442.44251802888965,36.91467879091838,4.262221673548866,0.4162175686652393,Moderate
66.5013603018952,228.13499673449715,444.92303448477765,463.7874361226037,800.497836246039,41.06969871028683,64.86067373034058,473.0908004467579,24.491649954181277,1504.800368102465,12.509245282611392,8.554949253741073,0.9680099500469053,Low
78.1704466022237,93.31342580891261,261.5654673810819,265.82840977687135,275.00274061368765,88.40075669258216,191.05177347981027,576.8368587220771,57.977439460732214,1765.4785274906058,29.593016725591006,5.241413480081654,0.15574324580961063,Low
99.56901644486419,170.3277198055564,182.0688254074732,413.5371652501476,791.3780537749076,21.316043974887357,256.8526947414362,430.30935492688485,97.38208633264884,989.9286594093584,36.96764147558817,3.147960792111733,0.1499925779837389,High
24.770552611272386,42.81475408139018,184.39547412302318,285.66881770080937,418.34005510427596,38.90874111312838,147.89236383591043,493.03712880270206,42.151187495510385,102.73839917006552,35.66145814696676,4.521030499730478,0.09115021848226496,Low
1.3194994390176573,4.306145952885276,195.12987395220568,283.85522958922627,438.86615269727747,81.93719514043327,328.2883910105911,328.312452957747,96.26574424241846,2272.217787870999,35.187783184166804,4.272591735833124,0.3540422937722542,Low
16.426275608256873,135.53563848416906,169.6613915050646,285.4718721978926,549.4267861698547,35.628456277210326,49.83822154716523,515.7370487801645,13.438071549026175,1828.2135575345,3.9886906439355685,2.6361449177512313,0.428317780344528,Low
108.00223702177261,216.44313657575842,273.61082442190923,368.0394446842367,476.0022451537154,101.86916061013099,281.32660464535377,556.5182222995402,93.41849825331924,682.8086826741217,3.5931135407563892,2.931905363419472,0.13978986186606895,High
104.86680930750182,134.21024979418135,354.83402606121547,533.8367682667711,976.0724250545348,73.72369533892838,218.97775440099576,529.1471864319955,26.303734657447407,1244.675320083126,13.804651608182436,1.9052165170449915,0.5716744455984881,Moderate
71.68957226043699,113.77588221718852,118.80631268045704,272.8582692089034,315.542658872186,115.79836053820364,240.933279821235,573.2629865907843,92.12274871474139,74.34301096785964,1.6176546538207996,3.3932055442157028,0.6041364526021257,Moderate
72.0620232520384,76.32941890805171,264.51120336454574,443.86119634637544,666.0523774969079,142.23668035837028,384.94853072962263,665.6330393388059,15.060468710391504,851.5105406058249,22.519338143366898,6.262837742329252,0.7634753589326617,Low
79.80440094555065,230.09489797054334,348.53822109914904,583.9879851243018,1008.6991198517467,17.37073340211116,49.78333352489332,478.16527729462484,95.33975027455294,1308.72541278487,17.76519298215982,3.8962537786608302,0.9771697107850115,Moderate
21.04455343481395,196.48886072355322,308.1819004334549,443.67757857335687,751.5995257839747,50.199751497681724,274.19948941791006,579.0504054936821,28.071843788697475,1295.472919715044,25.066166064441713,7.137615948716607,0.6383846349277796,Low
109.72943351099518,134.11215013403952,135.8862832577613,223.84397375751618,370.0087316788329,47.932359431760986,220.74246221591358,674.6224578361498,37.24426540658446,524.4212706313101,13.445484240136071,9.870432788395133,0.15606826634689813,Low
50.25246298704877,91.91800146480244,296.76755920642563,354.93774708948655,565.317850977717,22.67743790058814,87.42645622549631,378.5922673425008,54.18481096926623,1942.9846786288074,21.858930134569217,3.8021557408706252,0.13409803108349366,Low
45.9766233899397,202.29033770038782,292.24656285952943,414.56250469594835,767.9096948672056,121.54547060002062,346.96275700809394,432.52396799837726,44.26487931119277,750.6610855239754,15.06351446365742,4.653260180191688,0.7886695204678527,Moderate
62.270124633940505,229.03360826605376,364.22501609118945,623.8572824273497,1110.4876541092995,113.9818056058185,221.3055350710718,678.0868129907233,70.0775172336835,1453.1230078290416,8.784364150048887,1.682896061633571,0.6678174221091304,High
5.6359160130066055,81.16884491823247,250.4940165021473,515.3407350411617,961.9100942308785,72.66382062515986,276.22065264342757,617.0344018233159,97.73269905250696,682.4479527172471,29.221500651201673,3.9525420935041944,0.20381867497123368,Moderate
19.95400425072953,29.066049259162874,204.72344336864182,438.1403287081154,609.3567328993038,80.66561666919144,177.87474593104145,527.4942431488196,64.57838417244466,1065.7938431019916,30.304615567463333,7.281982885367259,0.2906919740493573,Low
88.56403397116445,95.65456403587194,334.64957874239,416.5594400997961,915.6583797437249,8.931620700374438,221.6643275586847,714.4052028444855,74.93368684928943,522.7489899993244,37.31542617373875,2.213177757437505,0.7627283679278923,High
9.935840151015176,113.24681604343705,246.0818043525893,451.91199040173353,453.6643221672627,83.32610284905684,242.483382460319,280.08165956510857,17.920472527513134,1584.3544423674357,39.36383024191762,1.8614377841195306,0.5878479927153643,Low
72.37825313596659,143.09937273673881,243.02926048034573,442.7706420322425,456.58551993645005,118.70122860294546,153.96288699887725,368.25919054646295,66.50311861630048,1066.83297855267,31.700785696556196,3.7949299928094575,0.6057500593774121,Low
29.441893161758514,34.59933012573633,273.0252367486633,442.5184060870672,854.4386636726641,86.07413603757857,248.48992690496047,368.03762339826807,50.84647993417718,45.21267469697186,30.93741390138804,8.195562382891428,0.2495082377235141,Low
46.71547368503718,151.70090430129738,312.2284630576777,504.7211082920302,604.4524517085562,39.79595551806284,87.63214619353099,402.84537855035956,89.72041221276655,75.27166007183139,2.5504049401412625,6.25538903762926,0.647605082574826,Moderate
34.643248412483985,36.67770499850803,111.21529406764694,283.3420154859308,313.7266496840512,100.13224085015058,203.11289782369124,606.5187396977271,44.93899896787918,1180.4801245861984,4.9400658656177185,9.577914806986733,0.7820971656368925,Low
42.6807259757939,184.40767844266304,216.02373979355582,413.9334679194937,532.5075045377448,54.22326449478715,96.79716055779559,579.952515004002,71.15087296449272,462.1485379288591,36.5653219675893,9.050177327529873,0.8909896141906546,Low
86.28550862210946,141.44341670871634,352.08204207501166,602.5091261924067,815.5592031828369,81.73099264286029,87.23502155963993,314.533075037,30.533835543317117,1464.6799101211323,10.48280677306342,1.5538151083912612,0.7498814585771467,Moderate
35.654605874781005,42.90104641644278,133.44644711498069,171.8163151561846,537.0994503728871,73.13480449183871,126.10643935432807,519.2155546756302,33.34352801717764,1023.4384955211932,16.000427709768736,0.4734001073417855,0.5975568684585654,Low
67.96855683562767,173.87195661259528,338.98938695370305,601.3584002058614,913.5261634814641,57.176250144777015,191.26925607580844,649.7950520959982,43.851018783004626,1637.7774896716082,6.538380915414457,4.0209926052378036,0.689596341884438,Moderate
57.12604826389196,128.7092428618418,246.41334770331633,293.9735002479743,412.7841090281845,107.83169705912026,228.22193900345678,569.8846552713992,37.365718375585246,2381.2259592895593,8.781838585871355,5.244690814245463,0.5108558893881838,Low
79.64053984351777,254.9246142478047,304.65705919656426,327.9768586401954,579.6120826904876,132.58141679788227,257.9556906818982,379.3219669067838,32.849095545106735,1324.1966563141577,34.89377559165928,5.179927621426208,0.2655533309617414,Moderate
112.41956871897096,210.37532796963734,360.79698012475365,702.4248703022673,1165.5319230015516,0.7818777715387415,62.70359738318906,366.63067293708474,14.470183531072838,1969.5096159572984,11.783682878199222,1.3843673143220003,0.8880966241333386,Moderate
87.90865166523004,137.45170425189153,152.62247148956212,487.5695905942166,895.0734790860954,140.0424778845551,311.33277803810165,796.308801946695,85.30716985772132,1883.8372858082632,20.206573481888558,1.2919334499383732,0.5559915015090541,High
25.79284543089081,153.49184106500627,256.8274560328043,277.98024676200174,439.57513917789845,76.72727041248375,252.7930921175702,746.5700065483529,15.787137780215588,2304.868805288044,6.825211787665768,0.5162645200030765,0.6146023955898733,Low
3.7419762073541607,52.610536665042204,189.26427158095998,344.40297609719676,835.5352567750449,105.10978205448977,194.60173844440615,515.7816503027952,89.86289640426709,538.9745787588255,30.50684578422444,8.516056264251233,0.9906034680655236,Low
31.47168531597901,194.23547776934075,303.2472212989855,368.4329497039066,722.7431499214721,128.34368492638157,348.6362070449252,792.1300859809198,21.291885016125423,2069.1807921084273,32.772138036006424,9.48005417377838,0.9857648943590085,Low
71.40935168403058,138.85930637535836,326.0273501881061,495.8980641851524,527.1227420185432,70.06555384714049,231.07135800602748,331.2460399303289,15.873556335639313,2264.2733443691936,16.276154305442123,1.201065951168818,0.6069954357499404,Low
6.171097618110042,105.14743891782697,312.12867755415505,602.6907126040106,620.2710692483299,125.24611100473354,303.50592981939144,426.54523229549983,60.67042875826274,984.9436374642063,35.313599075523776,2.17056756706366,0.08225939891659287,High
59.56394966414836,68.66710835250956,261.47787686080403,594.1919980208156,678.3959725258306,26.642972918280332,95.9779524030152,572.4217588454451,55.21976133172496,787.9714055244256,10.79579933649569,0.9441357031123577,0.42634016114260115,Moderate
71.6211418700267,148.32296470142825,158.02620165437878,380.0146303624168,743.9425643874902,23.87513017197217,24.02803896086893,91.64572670827287,54.21111119486966,2380.329594647328,31.135673794507024,8.781146602851308,0.9404286160483447,Low
40.1092668980353,189.9347040370144,238.46689664850746,362.33388017264343,454.20334309385737,98.62070532842303,314.96460835395044,410.5178274006899,61.7053894751258,1570.9438912364756,32.84840616392043,9.589151898685598,0.3238912627572087,Low
92.50946444949864,237.52624941490018,371.67812673084376,582.8420747064532,838.58545931087,130.52145083276056,336.12754697771265,546.4018465377385,35.835094550724016,954.7878306774635,43.58958200049493,2.654875938372856,0.9993052509365001,Moderate
12.791790376052617,53.169130969687345,286.8746410806377,396.07509821859526,442.70515830901115,133.8639266304059,164.66189864111345,459.45404251778865,69.66543460866501,1980.6101637244174,10.454474933402231,3.07065910785698,0.13010165051372485,Low
9.016533808297051,49.71076659019833,258.44996035322754,576.8882346444486,1037.3313135595463,96.56106875658699,190.0873524956636,491.9959619797994,55.216199773646494,764.6623845312091,4.2169716019238725,3.658563359908748,0.5897084719549278,Moderate
87.3826507444324,234.49760694281503,445.1312340307654,749.7713961178083,921.751702909592,78.82338453139762,244.15821162854326,390.1462159613254,40.126912026159275,445.13692724430587,11.836594003040396,5.049514405838276,0.5396768921659595,High
59.458957944743815,226.93067357522241,302.7327220151411,498.1138346130225,952.1798628933379,49.70896315447743,212.73667745915947,673.0436264343336,84.38506002826553,1362.2042413152753,5.528798846195357,6.840486737517021,0.29258526769931503,Moderate
82.60828757132832,99.77325340046896,207.13522767014462,320.8148480532708,793.252669008543,147.0000623398997,362.08764604203884,819.6375998459703,75.49489866940391,1417.6990520519555,7.636243882243935,5.06868630338351,0.951176774112845,Moderate
52.17928063244955,133.1898357291701,250.86632255815448,353.5527090121969,356.61703266903726,47.95435299993757,83.02139340879471,279.05541993498093,45.42493077501598,2065.2374732570083,15.035153033518847,9.5124657376786,0.6382126494974447,Low
29.568243988692817,90.31001420225404,129.65291003973164,141.34920818650244,373.4168017858684,111.62791608473897,219.1128530310187,436.25873774616724,86.28560067059855,1145.2832507759729,18.62958360249004,1.0439399122889117,0.26871686927244237,Moderate
98.29227812090397,255.01620010324305,262.7832326643571,548.3205305232104,560.6485583766569,79.7972699857501,104.1033744673563,455.35193287931224,92.82324251005967,2037.393416065827,40.66759015881208,7.996124847136876,0.41484578794641935,Moderate
95.92990547627751,110.96439011868088,347.6901149838101,505.32423954746287,959.6706226989158,91.27685137880201,188.67566348845904,520.1736116879094,58.317964037592624,781.7500849741044,8.802709717500948,3.3781067535940363,0.7351679555379594,Moderate
83.36357650253122,121.36624616297794,181.54439257885463,295.3409175189472,554.5446898862351,59.02208258829393,62.79894398522002,253.9474514657012,29.34572051412287,1440.543664433591,43.72915391645473,3.806599496461148,0.3328118770614979,Low
32.657416467595525,168.1017172331645,228.0889431640723,392.9775674132861,430.44957376253456,144.72346882083718,369.2917350983689,576.4138608588706,92.42129408922882,525.1395833572859,36.45689444532773,7.102852964916742,0.885625891958122,Low
70.82768002429046,80.06057284090926,100.90533628309915,387.4636329422273,442.6019970805107,85.75234891489066,217.51334812206093,391.53281983283046,27.05316580859655,966.687647536908,39.66621254520484,9.297302243250071,0.20739020305974287,Low
43.316867632803216,131.9732361613753,364.10017414731993,407.71514684495236,599.4696590913219,140.6681445688185,353.1187097694069,470.81121324606084,14.358090377554223,2144.5615460929635,41.824979538310956,7.176197746608088,0.3012798353716062,Low
10.989848799196098,90.5691150415457,235.5033937764887,535.6829896611283,1005.8000860975731,1.1387124260871184,16.114887676928056,245.1840691389979,39.47383079858178,543.8905426222088,33.89585387135043,7.769812725024996,0.18765368269779498,Low
110.07762905546913,170.2698412734439,337.02905555478236,651.1571478427063,997.6117236267468,85.90058747866814,142.7651150968983,485.9821810481685,75.42697100149358,2026.547459933673,35.49509242276775,7.520253459480048,0.1489698968215234,Low
16.41823571027537,87.44125246768165,315.3354742834448,646.6832445453057,1080.492677639872,107.57803345879071,172.42303226408586,543.4063849212323,93.09466777181945,710.7647863292784,19.70182334725288,3.243737129538062,0.33529965229073044,High
114.02848245849628,209.4177881059382,295.8228303311356,434.94362767905534,618.1719508490452,111.7620256743327,208.43489933402972,597.871723462011,67.3557082132996,91.05185060023696,22.97026056043098,7.581457810163365,0.9992198090186685,Moderate
53.52069275495469,82.56681726486364,237.94364504938466,313.9427864625698,335.54963623756896,135.7465322672522,336.46312536663874,523.8291320931994,95.6654692269994,279.2867522918314,41.96184420449854,7.855981564187026,0.1396129425985847,Moderate
22.215951460634358,125.17520955168106,134.87507323390292,265.6493596972474,752.8081782994545,0.6602413505679416,97.2997097834411,479.6177069259279,18.313375534830698,1865.9694655753665,17.021516019869228,5.357333190472602,0.2523520822549239,Low
65.02811368540297,210.00593295940052,256.6990650171829,373.218298698174,381.8047940293588,0.04952388892146553,51.212906300503214,54.47106414644085,15.467835662921805,658.8669616228599,1.8876182878893237,5.390724574734822,0.3080359591241019,Low
104.753500305169,241.58246766739762,449.39391893988324,511.04778831588425,984.8736148564287,70.8395191192823,87.0870842039744,325.6120530624155,64.37727556692977,1637.0932526419742,34.32394734636478,7.609221990471713,0.6381732002485937,Low
87.86698636914734,115.5689692140266,307.2610582986105,519.8043928341312,704.1431047587037,4.394055750805598,24.266992838977465,421.21919290532287,96.95046902434794,1749.5012623792966,25.792088027288326,8.179457079132854,0.7580784115874599,Low
96.78733774337397,123.65224229683926,211.312915161126,378.1313713391461,383.17657385008687,146.1798830493562,336.19168453960054,651.2140448602772,55.24491780592516,866.0705687645387,36.66941830544902,3.4050946482051705,0.7643369911113435,Moderate
79.05400400528609,127.32539019937049,221.5280471429236,524.5233944563249,869.102010318579,33.3097761812088,144.51052394036705,381.54208601762093,14.636370334537462,1189.9228730917948,3.3998069974932954,8.025544064874142,0.058204182841889635,Low
83.0731877421423,148.066638483529,281.45524687192386,292.69360004064424,782.9637520563213,70.8997094047267,252.44498990473053,574.7659932079051,29.909679046971053,1012.3988906872474,27.95543957141054,8.151379616420341,0.669257935859492,Low
101.90347818783832,175.42548284136518,175.4857340126488,400.83950865694305,883.6523700757393,9.170644501833541,179.74242494275794,633.2154265170899,32.03136157741936,2368.635745904562,11.14676495958411,2.379550127139864,0.6492000353987478,Low
29.960161063102312,152.30566009310445,212.61674410261142,479.6488515816578,560.1173571828671,78.30726242568878,112.14787786575323,395.3387781708569,40.4071416223255,803.2724115672105,40.64708675225178,7.183659915901323,0.5417719477953833,Low
58.73099563717686,68.93347342702724,120.99142557908084,386.8117247949883,477.43562782806583,56.993418772111276,92.71540232017807,492.6084980502312,13.924304522759137,462.3909903512771,4.945947288378555,1.9060125222697755,0.41024813333357113,Low
26.545133018352267,32.78621977904422,95.40695646648508,405.5328449499189,688.302302259749,6.699004331583564,195.53450819011704,685.9058708027158,91.44034304481247,917.1541429745678,37.938117272627835,0.9758386742318859,0.8075719875881684,Moderate
118.52016095959765,189.06406228950127,390.54052292286156,645.7023329131845,964.3547461273467,50.26864000443371,230.585713375788,583.3698144135714,56.400755024934575,1675.4416904670204,3.984941338735966,5.7667029698997645,0.37668675566168464,Moderate
113.28712076239358,238.77658534723008,308.6950494838409,633.4285710605345,1003.1375278934673,58.715403033428345,153.22309475200592,439.8859766965377,70.38377136586982,1744.919912451856,1.1293809973649145,9.09108937789482,0.2685116585012712,Moderate
4.731217364220708,39.549579096387575,87.42990960892462,203.85971954623665,294.3848997823104,148.488223691241,167.843789524451,186.58676308712114,16.045555320550807,2310.5230018232173,10.577674351886504,0.40281728408134426,0.3445904158392323,Low
84.66902070188262,200.13982732800793,326.2056925262658,502.3289883893059,981.8325317715231,31.18288078790632,34.20738621251937,221.44633533981315,14.870392102328445,2204.977439765144,14.98700434170077,8.27369129406947,0.46766552126700756,Low
111.0297980898799,157.7988629191338,374.2101220123168,379.1380041613285,698.5076323059475,81.71694230551495,153.75617967095116,436.4775464285103,62.78209948364925,724.3596984411024,28.1937947315342,5.08938854649989,0.25335451860260255,Moderate
21.669041415280024,181.16454100171296,241.50196696108793,243.93712251723986,667.4605819525173,148.0973323797943,150.40290077660103,549.0061866296173,89.85664094537873,1140.632306174153,5.927606881247421,8.615909714776238,0.6271926838952122,Low
68.15342766631554,229.37761763430652,249.0116783325062,333.0559954905382,603.0888531326241,118.80288119102028,176.3210364669461,395.37343129073423,57.56338008635923,1869.436125517668,19.679847011598373,8.442595504951916,0.889998742386301,Low
109.85859571056503,163.3702924812038,252.47147644361996,287.7539954422998,494.89241923724114,149.00512513231334,253.88031018514798,733.9094480675346,89.00372553130643,2291.7605151020525,9.191862094629318,8.759103707922073,0.6156871179539714,Low
4.073517430295861,45.47239314367915,232.3853492849236,323.45932806243735,812.0507813599354,145.2447471990254,175.59868852701393,311.49556483885135,82.98921457497154,846.2267070779451,38.48864946961785,7.700295850326398,0.4743348921035122,Low
83.69043206962078,157.7251470415424,295.3977832152411,357.3629363001802,648.4236217100982,73.43093131412314,99.5003707720097,471.7839683771679,16.826840721542865,1113.8813782716047,2.0234928578087237,8.4377739277426,0.8070253279136588,Low
35.68188088470609,78.97756621713286,283.1759086107197,293.1579173042466,726.5947087038361,104.45637748058486,328.565736410269,538.0814449523327,28.17617269471209,2249.198284781754,16.01719770098345,1.801450811651976,0.7606366917308023,Low
110.92754344518364,231.9566352376903,471.8546721399988,790.1111233821161,1266.757321565261,16.566469041172667,162.93397629689497,405.9282235798479,69.19396022398082,899.4172635302646,28.4118335986099,3.073338831305669,0.3987052154541613,High
116.52698941984413,265.2186326385355,463.38425182643977,466.2623478125518,803.9396613168815,66.17232375702028,299.78624544771566,701.0372623804358,49.91512442950374,1203.8799005483806,41.088968012337254,2.4627373995325987,0.6239457971320937,Moderate
113.31197869361208,234.46856225763113,385.4193319685695,643.0480824865494,917.5174217458868,121.35278134000461,207.80932228642442,355.91695311227716,36.16298322822285,2261.7378323391067,39.059704021225286,7.437161622094201,0.7433507173020917,Low
56.905705998895655,205.28878650377857,328.6241835168737,381.8759439387045,383.63136939402983,75.8002981465715,245.0865324788623,293.49256077643383,47.677047044318115,2006.5968288846714,40.28363997827236,1.5787490377030025,0.283190095118469,Moderate
103.44511811871762,174.90370731606296,184.92097890312962,504.2013466029896,524.2111669724926,105.40485492258479,156.57777357803238,416.70556588474597,50.06796816435709,612.3601578994579,2.828398215734194,1.8631665142589964,0.3979601851299803,Moderate
101.34592782420845,129.4829825518034,375.5634772553137,688.0420561117737,788.4676641373319,111.86269949764154,266.44777881762684,530.8450847195013,91.94970257394368,815.3636882027738,37.84154676585568,8.795698971183329,0.150487267022472,Moderate
38.292056789190674,171.12322732075725,266.9935079645179,495.858909193758,588.8631251217556,38.02037118643408,70.41680368893019,469.00068980161706,19.31124553344577,885.632025011051,35.09606603448536,7.073527819482739,0.9882962643914917,Low
99.46985689808128,164.35526782356098,202.41232130277768,437.6942737329895,565.0736713329121,131.35490594138483,131.87506573545627,616.0346688515071,35.17576721268535,2282.282491210494,40.609424217402854,8.760030780294914,0.13158376790197898,Low
4.4409161658591145,125.26966470710298,291.94687855621714,293.81557824560815,446.28289709443857,68.97336463637684,301.8563149887716,329.5066581529458,58.38083349244425,2497.3396740758253,14.020932026610062,1.4365848196938704,0.21017581886739856,Moderate
71.55238541784637,120.26829497456418,191.340367248429,536.0454153881897,716.0781621635538,31.527765543231563,170.2513595870339,466.09609645858836,72.84582339675325,1936.1407338778226,41.0294297823015,4.019855025384958,0.5058403521809328,Low
27.601060474524367,42.222394739725445,188.66696247248734,495.9083737240224,706.1772187584606,129.81238226826656,361.5475479637764,702.1868131211763,66.75735600633192,1213.394124721299,18.11884882889015,2.86735414225936,0.8720082418673123,Moderate
14.468026293273457,193.13274948107087,339.82472644221866,653.1119054477508,702.5450746757582,62.67282091593805,146.13070184145607,639.0313772157169,94.7478463963655,30.383676078360025,28.534485848661,0.14632679853251257,0.38808792180056145,High
9.234384195505099,37.35065562301297,148.78311084873025,379.51869881653545,400.69966479292646,112.54686575695796,194.49338304739717,665.788490185853,81.60480323375259,1745.2327012119038,19.088054604314923,2.8810034563651326,0.7801663401547786,Low
83.55465310537677,261.47043201880336,470.500085905064,591.1755109341518,928.1477354706635,82.20496083323894,182.36871127649687,538.5940936324856,60.136915777698725,976.4561054219728,19.244179373204304,3.8268533571799,0.6922323696504243,High
40.784995652167936,216.69538351412845,282.9371489029892,595.7141760846575,864.3815885061964,57.28076283517506,233.79100882471712,494.6857144469501,29.321442250615675,1584.3012432203705,24.59866584577057,0.967585390564983,0.656730873301695,Moderate
86.97201258345137,229.85927128689852,342.01741919133207,444.0483440442494,666.1204451543092,121.4814622557854,262.93362080232896,343.6955819519596,50.578680826201584,1518.7014388387597,16.016701932937014,5.686551200376856,0.8527663884184981,Low
7.842760895873084,126.53889407063265,260.96192621837554,457.91096638814656,775.1309369723227,87.67048974669196,319.00921652147144,511.0974941236801,72.40440197750297,1204.6759811530965,35.67316474211561,3.8625679916026994,0.06346177514719437,Moderate
37.83484053967324,141.8401095848685,307.7462897766934,342.65213009705224,756.4918336988225,58.58431536405476,64.9445406471646,357.50570317574176,85.41659573524764,2361.2465573271757,28.513743093685747,0.5122935396615772,0.9326953866323721,Moderate
64.73895508504046,220.6372332530507,416.6301958794481,739.3146664259107,953.161120984013,16.439680550269053,193.48866504340316,556.0888633412801,96.37626019801486,62.750131661577434,31.039009269252556,7.054589705436368,0.8377648713194785,Moderate
94.88677978067562,146.98589367218347,245.68771439174748,294.95737461167215,615.5171071376618,134.31679706500617,216.89871940664474,534.5984981462009,64.49074895241259,1781.7705487591077,10.396566009979361,7.306334346718979,0.9409738586692358,Low
38.25030035184839,122.43291859912625,283.94465462327526,362.6585366289178,839.4446485464971,5.320437801249983,50.37885075586527,407.44025166973586,57.42274305739892,1027.5504714073672,43.63088798166266,8.352990857545878,0.8039084896638528,Low
75.1069651724411,186.59715965841144,224.24989792554123,419.5968532704165,839.4091012011968,129.47810225520843,257.0770078852332,471.653260161182,11.592273080903349,1785.9071739765702,29.70792439978344,4.881128968676476,0.8846618370815589,Low
106.31732978834246,180.33161544485085,413.49364058047047,680.926190655014,893.9265959062187,53.99422873247332,180.26017477747232,544.0738200629769,16.488916223516195,1689.6730206113816,8.873813903867623,9.688155033478372,0.24292414578950522,Low
73.90358258187655,150.8511443181248,246.61584592337567,463.3888030010803,785.7472219084518,95.90081452521088,130.15357169731797,202.02419970717756,24.049449787366022,30.54381642710849,33.77206095619652,9.144938238097941,0.353267613533198,Low
27.95513697043605,87.40637712081124,269.7867326149209,351.03360209497555,439.5690630529454,138.32995857535278,188.80397260857524,270.09712849013204,14.928393807066527,716.9195454608048,7.817134644343022,5.5359486697463085,0.3494599627971944,Low
2.9280937867845624,104.48982079000105,109.57509126054546,109.90515614516708,390.166248592712,22.755992325584764,124.79715855097348,206.2132314657049,46.077691492443385,476.7833436569321,2.8523203334778775,4.477271714140701,0.1537084085841539,Low
104.41186486811159,257.5152799108325,308.8120656370342,573.814768744638,1064.4789143138594,85.04257134582153,187.24542444390036,632.6779029617884,40.3190690624985,421.63095059151834,23.739902826562542,0.0801925576340824,0.7431002925203612,High
2.5523293020464566,38.82743734318277,160.59807342407728,505.42063749296005,764.5781950942212,114.6649293555288,194.05446426044998,232.0714959147672,67.36187420815537,1822.5493268822263,24.908577937305626,7.124395590805375,0.17936234805271917,Low
104.96420072210393,273.1621476977234,492.72526463081005,776.1948567379417,1240.0140063330155,113.6375749078586,150.77386278535386,551.5280491520919,58.20985971400624,602.6806159873458,8.503450862921936,5.671297315294425,0.0998837077751076,High
63.47245608326544,187.50823375794678,319.32202124561604,480.3943376004314,684.0617978520618,78.8447871899256,79.93820696517048,196.72365598853906,63.63736834490737,1189.4703493933155,15.677052493147155,9.378564247586503,0.7866745265523106,Low
112.68812382154753,260.87730210395296,493.3449226774227,809.66346416711,1309.0858777594256,93.71091898596872,336.2696845929739,570.4846548405992,52.47794826438887,621.2375432377704,42.55961830554136,5.962609646150378,0.9094300112453328,High
95.85398829283984,195.96831296624194,316.91753711194104,460.36422270336357,749.9742403171424,113.62904911992668,349.50385654590843,807.4821542787474,34.99634336988314,1452.683389471148,12.825145443937046,9.928918134232662,0.7759171805668766,Low
119.7520932640005,260.0650995203319,382.6773737043194,566.404303189533,587.5388003075003,126.15414566361176,247.06674045764555,540.0353553013989,95.75427834518294,1802.8315513096202,7.00056273444159,8.54550175503974,0.8340846021903775,Moderate
42.08541785420522,45.00148937530932,74.9381865004423,241.93360508893144,535.3110034346255,114.27196453137957,363.034902850131,468.0937459663103,17.776824378412506,831.0314730519503,44.66528813994543,9.538299461358784,0.6158405939392327,Low
92.06259467173523,239.37107113205155,440.0351321701065,596.7034876030402,733.9898354428385,53.100741477186396,221.51432417274722,363.55935433215075,94.50018995187764,1509.5370164763694,13.603749137121003,3.3102445742861373,0.8933590210190154,High
48.23170963310906,55.456704268475036,117.19805738524066,388.51482663810765,404.755487656055,149.50896015865996,166.72334456054534,626.9466565084382,38.01142421782612,2063.012662162279,30.61141529157354,1.535893147934301,0.5218683082399623,Low
57.585074436469064,217.7694821817843,442.67260452486306,627.0417220691852,1037.4683744165168,65.17540405789566,94.60495382855251,308.17691638354165,56.13953008305677,240.0895914854067,10.420208164766986,7.978877532261497,0.9889064875630917,Low
75.30065558620441,253.8539500891602,481.56000517175926,592.4109978805849,730.2758163709628,3.6697054138400134,232.69741638124944,526.1901578846441,19.79580905447915,1778.1231446079717,24.755453864387523,7.872661174542867,0.14824429063097644,Low
104.84125370236065,157.77339689418065,393.6009248627181,483.9562835431855,882.2305605664347,54.392542737819305,211.9055932752264,441.8716915879208,16.383796153390833,811.2466363662736,17.3826893974327,2.1539169470853534,0.8187216713663147,High
118.09001630391542,155.94735643535827,286.0049787111308,299.21653964973245,443.32533112766595,19.16744318607649,229.9633498504143,419.18239387463905,48.65909038467426,311.0116415297359,43.271066752163485,7.659209308642382,0.6593199452107116,Low
92.19280966374218,229.9582151581895,399.23166135410054,603.3499680131666,700.5131449500537,18.21639235925625,242.7838047677173,354.42336823391827,76.75276387417104,1366.4072479978001,19.476264354771946,5.840634912511991,0.6016137648101354,Moderate
50.13201386008005,95.67675522572563,290.30572524114154,370.7922206315035,857.7600076837173,42.230256016034154,154.21575883663067,497.31150907893175,34.242829979369404,569.5244865729908,26.28783828817759,1.139775191771646,0.7395200043180653,Moderate
50.56284027324842,206.36406924424503,239.11772390686144,290.9645966125955,471.78726049010527,8.006324126589126,20.137812020762386,379.2588251568226,60.611310004178804,2054.2976727095484,42.51448196550662,5.042746795823576,0.8482769542589064,Low
88.50987619066697,107.02154277901278,257.2608415283871,486.1013288680743,786.7894345896545,103.27682826143446,150.34691548576495,287.7894612894647,35.078530647053654,112.02529428003496,44.51554349720798,9.31482310834485,0.8697398634984844,Low
28.653257492196282,51.32519284048077,59.899668166308686,298.32290840385076,603.3136548110865,11.098332630285762,27.741319455894534,422.24674098330973,44.97517548037367,251.13897619588917,4.574626380224843,5.089252577180026,0.2166119147967857,Low
13.256893575767359,189.50417349387814,313.8956943410596,577.1499066312426,857.3866477179936,30.493433315393425,77.67839474002025,504.94599489086,91.58016866264423,1304.8853343346132,37.5444320419075,7.897554946057046,0.23718413326532078,Low
42.55465891689318,163.84566060549403,202.55633101055088,378.8082447290579,836.1561164896652,13.934957174117907,116.56818878808711,576.9057369079023,87.02556629454276,1474.409751272007,17.195242238426196,0.33765436708746754,0.06535818403791725,Moderate
34.46867899848981,186.90837939570133,232.6391108862225,545.5582227075828,882.778758391017,9.475159635454661,39.02436226420102,119.63056922338599,56.44157890758669,1826.0672279842533,26.767291779252574,7.294410057982806,0.17525033490265912,Low
35.55697445471881,93.93626237799205,185.19815405114244,512.9181177405221,714.7846197929872,40.16274983093125,81.84606178226707,233.80790358890027,31.429506472487088,651.8555169892236,16.877163552986048,9.471031992067898,0.30068836820742834,Low
28.032930125989193,149.800005039698,257.9092967188237,540.489125646195,971.679317908332,85.7848451490555,197.24029066697528,627.4169644188231,27.386552145972054,2105.192218492163,18.050229254465656,5.020301459684711,0.7349840314227687,Low
5.051182756363426,112.01471167191093,267.8078178049577,490.26553650782324,580.7969860658054,144.70283346702627,229.74557106414863,329.0156724780956,95.86786177321429,2383.090137735589,7.148589119330019,3.410213634604584,0.5019791335523845,Moderate
2.144872168009657,110.71189379014011,129.31899839976901,235.62133215668504,507.7397109618938,131.33349815244094,248.2480291994512,249.98225882119888,28.244493685961878,1250.1030624691846,25.774490629253965,6.484172523624627,0.7700083588048164,Low
118.52668676832378,241.38252948511365,367.3054697944748,711.3361923615522,1186.6113783334304,131.3900888167987,238.68309575656423,674.0967508823815,82.73514798212852,1902.525755599654,24.602217567512614,9.166799090177532,0.5122090554288962,Moderate
51.33277604830348,154.8974272115412,200.5537097748165,296.50136829199494,609.2001832322013,26.41005540564864,187.5295619006195,350.7542827763042,43.207318858198356,1314.4966445867628,8.521010484227993,1.8088580228067621,0.5778175802644699,Low
46.1191976591618,123.35042413364167,266.84421789157716,337.774140588228,746.2583658256661,39.73607902467302,274.03346624363667,481.28222881311166,98.70938628024145,178.32023838346547,24.377869320027365,4.066757389725962,0.15551325726390336,Moderate
81.55767392316838,131.2237589116668,290.57491197696265,445.3288518022666,772.109214574863,11.458997519295854,38.42508213035647,261.59209499067543,43.134016632650905,818.6482245423396,43.78958471839888,1.6050882957693196,0.7877303704422309,Low
26.190466543807702,164.53510610818407,303.7124202463975,323.60661999573347,743.2920517646787,116.77025098727776,141.5852883145765,565.7225886481907,41.63649624196535,223.27929061940242,32.14838681342054,4.991709610587932,0.7702202055895772,Low
113.99534207402704,154.72437947460054,339.2982570941774,681.7713197293042,1154.015259651926,10.472445222834292,223.67397299555978,392.62004529229,67.37172659898607,2472.2534025412588,21.644215181250836,5.427199029654062,0.3421835120965886,Moderate
94.36140172986624,218.9851768376608,302.8874878978861,508.8392326436348,645.3000964100031,83.50435062312799,210.10352678624275,656.2434697144836,96.53651259641373,576.4196506230761,41.22377935116189,9.444825966480519,0.3621491739103818,Moderate
10.729320277471142,52.72922835434994,244.00587626263265,438.939108345094,523.7696489734534,37.18133584859261,228.78259174070314,537.2521607647271,97.85886452167897,1591.5715464422183,25.889146042738762,4.154525779987892,0.2586973780444787,Low
50.1096930941914,162.6691236859931,270.8608941130415,500.38959207794346,742.3849672442134,36.51684510431171,90.37232100613207,354.01568302297414,73.64855318202868,714.4410293526187,6.077159942751152,5.691218304719998,0.823147692234345,Low
105.49419690745977,239.968284990685,361.0144095713342,534.9726862933566,885.9038997054645,148.60875828714077,355.82440157902874,518.63165514276,77.91457290727183,1634.849307313035,24.637934151560536,8.858362611838816,0.7596564618636914,Moderate
113.36784267496924,152.7363426781463,314.7618744934141,325.98410547650366,439.5797320676117,113.51697104678061,344.4786270949546,466.33447523554753,60.70619583757249,529.9522187218537,8.143790191464051,3.2479797517527786,0.6286903512750401,High
56.08818134998437,66.87797550501986,71.46757150482586,285.77652259896473,287.8272478140483,125.54090374365752,284.4116576302796,596.4408790189539,78.01981652190987,1964.248814445636,34.537717743645345,6.7579304962275195,0.27688099797321253,Low
73.60936670528493,97.18464044423627,260.68319579929835,511.34405273404906,682.8116106524017,85.79740280160189,112.26715817005245,335.7142381983405,87.38016894734469,281.47494907740554,43.522839643261875,7.583760395779859,0.21326066598305704,Moderate
20.044073531049026,129.1235276398336,283.76981490786244,429.63198612628105,914.0616538601753,130.6521431090624,354.4758466481471,809.7338516141504,53.748577287552095,2238.400248225249,16.236836304449863,3.3387559351357434,0.09775540861588244,Moderate
118.94023513643718,271.84058825706956,349.30236744538956,614.355817670307,961.8395479732303,96.82358087495294,294.94551271747076,540.7648707744956,65.78760365470927,2101.8521228892823,19.571304605633753,1.6851947960299125,0.09333090768959351,High
27.80060416601321,35.90003198838959,57.34860321326197,136.79905798170918,337.46177995232114,141.9260557194518,329.6454998480742,585.5429581986698,58.358502570974295,1698.624322377772,18.96734100773835,5.053949941927619,0.22777933281791063,Low
113.12781289621508,245.27503952371143,268.0089020019717,345.4557088751361,441.7437575485563,42.20078790684552,51.382835133324406,259.7444757013248,60.62235521758095,173.1994947214054,12.838498910769683,3.600177214826351,0.145505905707061,Moderate
77.95759787908422,139.3949541500936,370.2008908964008,426.6968365870517,604.7416734644252,89.29793186743426,289.03856318167703,683.6700616773196,90.10431188865468,525.3797256806762,35.738098419538396,2.7013011963325284,0.5783022892763209,High
72.9284153854631,159.06352197097715,331.3833522774364,461.5815182036431,546.5012348542671,103.51970219053382,138.00745480762308,350.4270538622583,42.00551471850132,2149.1071812492346,27.797774973614814,9.735542041406344,0.39018562140475316,Low
61.52262132198103,228.71734029418286,260.49299373686796,556.9472061230472,610.1001167795229,58.940595754171,114.5371398033931,249.20813967827056,28.73656230405618,309.3262135849749,2.8823200585451825,5.046422536080255,0.47269849305973893,Moderate
27.680377406131043,87.43524825858323,176.6160405858098,466.3852623379823,919.7564486242593,131.95619736060797,276.23990607792234,707.2553432246773,51.06520992462662,394.0505802885101,37.7462850760411,8.571953053742067,0.6143638244078303,Low
21.18336384066099,104.94401194976848,253.06476042516758,387.05323321239393,885.8784024001307,146.97047446562317,213.21566769484394,511.6297783774641,28.727667143313866,1362.2882927700243,8.418970401894327,1.9934082349064235,0.676146658085838,Moderate
26.45834508842104,28.92117974534364,237.81410601800582,444.0056636110886,526.0628834089838,74.06542370589924,239.40247528387917,535.15758516838,54.85603830958172,689.0727119874875,44.06180227691045,9.397455510746349,0.6657916338884491,Low
22.37259145731054,37.06036105818145,47.97559323643358,300.261304002654,327.52258344179387,58.59609822065086,210.61371014542124,516.0248137273845,91.31572948213528,559.0788713601041,16.94984125511546,7.954592773961766,0.29781375747979083,Low
93.5501368280104,140.09662323227153,199.25490609977373,283.6772772195818,448.542830792688,70.7906892834688,97.82808878678445,457.24796288961784,65.569016843423,1441.6545124612105,27.740234121764573,8.096486954081966,0.8191456692812975,Low
42.01503110000761,47.028434447801004,269.465682021646,328.31506208480744,559.144652465515,127.91051185978974,291.9141567576663,448.44815141394974,86.988956797277,934.5788077627825,3.502062850321368,3.9281605081994893,0.9218241864232684,Moderate
6.941121187607564,120.58867987629274,122.88006742224687,463.11366504655575,565.524288584483,96.82026382772514,327.80899128395765,344.73117670045906,24.957182765396063,355.6969424403235,15.50984736097605,4.882088081122978,0.35014142986203545,Low
116.29231561689735,193.04401984118942,243.39379553966128,459.53885516302773,610.251311062307,6.715855877714261,46.993332174172544,452.28991261267737,91.07862332834591,1339.4601500259337,36.10592808123516,5.953875542691867,0.06621214573776457,Moderate
106.05430619561108,204.72044268665505,444.47648667989654,787.9719893216788,888.4073571675077,81.32548656685722,230.59099180257908,295.0435187433978,64.16084479664042,970.5959461801638,21.47438213789663,7.908167085240393,0.9041964773160798,Moderate
111.33027398342556,142.76676744476487,296.11722907530765,414.33182457158784,801.4621087878135,2.595018411145472,88.061361395319,448.9712300005911,12.858380986643182,1837.6193518130547,40.70715675948103,8.498114683001354,0.9273712963058023,Low
119.38893871757223,172.65670401616313,238.07454567553975,484.13564066648576,840.4246122901161,116.78030565051081,231.6832235939118,272.8408727375762,66.98070597565331,261.37482858987005,25.88122984728632,0.8265508280517476,0.09839911839238186,High
20.867429906338476,140.355835379829,157.1036089787909,235.0148817682241,552.4906396487149,49.246841031369556,120.99688580111203,308.65080681535807,95.62572606348262,1553.4300436452047,41.78574879280865,9.045420755955085,0.054708762266251654,Low
47.54904226831905,221.30353252179103,228.35136763359657,319.7714275794661,513.3803561190684,70.80112231759941,159.33378140452322,190.84681632029233,17.125030042782587,1094.050850723403,44.21744581556503,9.378091692417396,0.8255845438431051,Low
90.98861708449095,100.0636363328886,161.24990624212043,340.4156486864888,794.9361193436068,119.8017158861448,127.02967170278413,388.1365115166464,62.42105174226149,1018.1243782557482,20.425255178322416,5.949229673350016,0.3363901867589512,Low
83.52247416645507,243.79165192040296,464.1631068176306,576.0294507454555,1060.7957215129654,6.9673225928642335,252.3552570721694,578.9231434629569,92.39307425827432,584.5577815808114,25.432045766001362,1.908168601886314,0.9188530589311891,High
18.467508760782607,122.30612499680014,226.2845385711775,284.9520859153821,371.7717422280881,23.781230338741565,179.9812108569286,265.69778144602276,10.87256515009371,80.91294036576424,37.571428946307144,8.19322758539972,0.2559063946060693,Low
97.89997499887413,199.4054970148864,379.48883930638465,471.49708500264876,583.0034057085878,59.69405646676723,184.87045409023855,370.6842633094396,66.78216338192408,2119.9845399397905,9.968985249111585,5.508446764768509,0.8680968853202577,Moderate
26.93286862039928,116.98300495779614,346.5542638027856,359.06620186583825,621.8817158660231,34.48877453183409,130.41761190691577,595.5373574284425,52.74120626478664,819.3931646558926,38.77333082014993,8.181104714477977,0.11521205623878485,Low
26.85811377871477,39.34904924146778,141.35916464217195,387.9074321592923,433.5327168004149,50.68521386625947,185.52885357226637,406.72341212599474,41.229038678374955,1704.3221441259684,26.63640631697713,8.1573408595637,0.29760500494827496,Low
64.43693074720963,80.61476405971855,128.4341068190678,300.67493679911934,518.8991362106758,149.72621068386977,244.75271036282078,646.0244948510991,66.47828409508384,2369.230562442885,32.647506092303644,0.9129566910736349,0.974472435188359,Low
71.15279218100437,179.31695319963987,308.59643591386975,341.5815091554537,632.4771415443088,123.81216563607161,213.78914750948994,677.3815200395945,14.743188512867523,1414.6507937149183,3.5934310198550348,6.089863212288107,0.2696368216147182,Low
69.61034494053735,130.98288779893784,358.0038095639014,418.09670715887336,679.13349272754,132.5852722440163,248.57190767451957,735.7448201631628,77.77567416586602,995.8815217870664,34.478445755403165,4.857285777723776,0.1763623348712891,Moderate
10.978420487730585,176.0866724717131,377.18027600613823,413.06736434556365,578.5216558845767,140.5581950348663,209.553953452664,658.7149632983486,10.403152922773685,674.3425480400157,13.98541070581463,9.4638887264952,0.8642019198493456,Low
105.29530351564564,178.48160024035064,194.9390610811391,409.3465439776959,680.5694470162994,51.14038204712934,96.1528570388257,254.85552161831026,37.6242169413117,2335.439262655496,36.23545245824289,3.001580854657693,0.16191075217340511,Low
31.87200511064473,57.662667677120126,230.80586769651558,263.7794949608884,743.1799720903123,44.56154366947091,183.71301821454426,664.9994612951407,55.356277391621056,1706.7816610376015,22.911864223621812,2.0997010565997036,0.1425833031505283,Low
15.5417905539365,144.19118058430297,287.1655611990414,551.164377761367,654.173079907055,35.10937388581124,245.8007329233865,651.99835379641,43.93200255098965,1664.8770761751161,12.35764506670349,8.97601421739059,0.357253877480059,Low
106.64976958427727,159.45338544365904,386.3191795302654,393.4980012924023,720.9136804894041,124.51753669621839,162.72458112769147,581.3123729474353,37.67283416850242,1068.265021237466,42.87418636597443,1.529719910556042,0.6535620812671116,Moderate
114.6781797875704,209.26283511163118,239.8831893242055,327.16471512276775,348.86306220079365,101.93277934277774,110.11636449383239,117.70285657974978,84.77516309212865,2113.3965386042396,34.427807897017466,6.880868614308394,0.7252090550897609,Low
103.45531407185408,229.0652154627847,362.57424376394886,674.3075803261163,707.5157825668338,35.425797372431596,97.12873366094064,574.2481653200874,94.13493168447181,1785.6121065886703,44.35587332431411,3.035197147726018,0.887176844636026,Moderate
97.14192896698538,259.18946898335804,479.05514236133115,730.5411037041173,1006.4552158159098,56.54907438156823,301.47923524502096,690.5243471693914,88.63414164152998,711.5422630936351,16.40114542854917,5.700065267199902,0.5638659496611508,High
78.6290376766826,221.2234527409843,323.72939942642006,349.26831595041074,401.73790611438545,76.00676458991974,283.19628302575455,667.1800312797045,57.01881817449997,1500.9487567624947,29.214883509373742,6.181383356770548,0.4237468974229266,Low
66.10288447309672,187.84787669018706,308.34660612340383,595.7407426932168,606.9141369066455,79.22100859106305,228.1875219732122,268.9498874375053,89.57477576741347,1078.3339167301579,27.521490503867703,4.202824355481769,0.3908920737427419,High
10.438411189369216,132.77238402049505,150.38755343723463,322.9498459763063,408.70634480031737,133.3091592827572,365.6213880935412,481.90565863020686,92.87754086633893,21.442456260134012,30.940053348096132,9.750901553359103,0.8545575920536003,Low
49.014385568483846,219.2808214942594,288.8167316064871,585.1907911155773,867.6153766153645,57.08491994208244,168.4046991513936,649.5355317203432,46.83145573427158,2020.0204615969844,1.724245471859887,1.3617400224455423,0.7376245440085322,Moderate
44.72262204147768,97.97095959085416,179.097621883091,389.3565429407287,741.0270202001949,136.27860457507686,382.09875521887034,632.4372926216085,35.510127355490084,311.4617205546535,13.127369574481834,3.944420935915732,0.9101575630388823,Low
31.170454051239144,31.370631006552877,267.6512431927746,506.2928044042751,607.5320864749651,66.20513404796844,140.28064532778944,339.2096544464175,18.84386852319883,1277.3364924765224,40.92019082058633,4.332433502399442,0.9658336829450334,Low
86.8104136426302,135.76223433430596,206.42907446959572,554.1546206080936,888.2843392121808,111.95590121885307,172.03233859783785,592.0027471712947,53.11827289443061,843.8843517466149,19.071902469250208,6.328917142512005,0.3350482942796171,Moderate
59.505088209452495,98.72553654226641,213.9427203596794,295.2601614330858,386.49832698270046,139.53814799775841,299.05019828451117,342.72040534148334,95.16672283945972,858.5121577956904,43.22896555866963,4.1022345940354645,0.5531904127657975,Moderate
9.725545908917752,128.85577122943744,296.68187712050735,515.0628282869933,821.7915416026219,136.13635559448994,230.67484758208002,439.14585571760966,60.48167752633339,1196.025384117451,9.60764276902391,1.015508313153024,0.6502297669965913,Moderate
26.421984233977362,140.49007219177258,181.03591529374194,342.14840181383136,548.1282417617308,8.542930094352174,165.13431558841665,352.98470279945843,70.08058916075544,2492.572644529264,44.88407880664902,9.47692848189922,0.2056564994376347,Low
81.99105163915151,188.8141005260018,310.4246973114704,324.2328808344124,651.1326355012208,30.855644246485475,107.10452382215692,282.0302173373533,20.15954366426628,1023.9073031755321,31.391140903178954,4.189986862304922,0.10067968222873551,Moderate
9.135703138836021,12.059522916537688,196.6942827855146,201.75900731151734,699.285383551141,71.53581382984126,226.01537803933903,379.8614998658756,22.916769772803065,459.91142839234817,34.93770408299195,3.4596035858098717,0.8743757184095479,Low
102.14482968585224,233.3248794869688,450.0386827437353,491.76868497998584,960.6771675962668,64.7331434929661,133.66970863922518,238.7071870342642,51.802593576370526,1535.9478134331755,17.85875274911411,4.494885135531346,0.5587473352176046,Moderate
59.41758324167692,117.65305748906539,274.21787615467207,501.3999853431639,503.54086426121575,96.13374972558105,108.87676693030355,195.33216842556465,95.61383190853532,594.5378315586055,40.81536545672794,2.205127037182778,0.5922355055420373,Moderate
57.670389279197764,177.38046730039136,344.64384612962834,543.1509268993157,985.8703090804686,141.70635762381184,369.74033310460766,689.9433915644447,42.470617743237604,268.34509609881127,24.545830543137992,1.0472057624530762,0.5771686281565571,High
71.08893415914211,171.27305128952972,202.84391943567195,396.54426584297653,429.7896634303598,16.86070669169232,237.66200716005787,697.3594277643971,88.97356371857802,130.18455930449312,30.64222711010858,1.5283558671331825,0.7672126695910559,Moderate
98.9617159110179,160.6532824880412,397.097406799628,408.24727368451903,884.7705667644416,67.77879977013606,310.47833708830404,564.9041597132448,20.825973408314034,62.088778679111265,4.26637221013287,1.708215528685418,0.1882268474479411,High
41.737104948263166,65.96083302700256,99.10435239812315,263.3604011241256,404.27324067396796,28.861655683070897,207.99344973842207,356.98072591174423,65.53154862403392,1080.755797536104,28.425631540180202,2.016850710248156,0.633346018732956,Low
81.36193830708763,98.3573398859742,292.02557418142374,615.6435604263088,806.6609756319442,134.11613975969212,304.7964341935178,384.376533054631,64.05516792194663,1069.6808207841173,39.558554471797045,4.228604111650613,0.4960055359987486,High
67.88783567949493,217.56113563969518,283.76521608427487,422.92237034300115,468.7414729308651,144.68702787024793,284.4377953889556,699.5094779152528,87.38872750632416,467.9357731944926,8.022745269719463,6.2577977269893275,0.902110251532338,Moderate
32.04339242033056,197.354949995011,430.7532359203239,649.4761003462836,705.6124795107384,71.80525228355252,103.29085637168319,589.03688460829,10.298503396441136,1961.127539159167,33.19766705856807,6.307433988365988,0.5436398910015091,Low
105.43559836261896,222.39744678019287,402.3873316225628,675.323868090663,1038.694150705323,15.601544659221112,62.91037239653862,237.48807313046456,27.093850047781494,327.5302166600975,1.1430341547594547,0.05097081714117224,0.9457882253704574,High
95.69112259283138,114.30926326771839,302.76269151231065,577.1365392119712,1049.302657086117,117.79420000840098,190.16162217653505,335.63683495259954,29.771886288653356,2288.7163956350596,41.67913574531335,9.21352878563908,0.3855903444709113,Low
79.01422015901106,151.3791191988944,206.1439124638652,387.89194130221017,693.2661887793649,104.57120257385985,327.11029321720844,627.8567697046791,95.49694792816636,1471.0020642199647,44.231270221403385,8.2373294462966,0.968549971070491,Low
102.06980749130904,233.27886351023733,344.03885766902755,644.3220385598453,1002.2470463232507,53.20062399154657,96.44300514231536,484.1074956190282,23.832429064290544,73.9028583817994,15.93810300591425,9.641183492388597,0.8814000506871793,Low
104.07530411517628,244.44306323698856,398.8963618843102,535.8786945616216,916.8635668601984,133.11112109534452,363.82941471731715,591.5308164921494,13.326611519850434,2407.616701228078,4.818323237190068,3.6318641300654186,0.6050501252485869,Moderate
85.00355720580417,106.28290921820012,298.77631376985033,609.8189389445297,741.2260762210005,146.37478346740608,277.0712167302604,592.1077916607351,58.10153452676273,773.3134425669048,29.635936567341528,6.664752803059499,0.3860244366530733,Moderate
100.44159940364065,100.44712879580949,126.43697277390689,210.51648101234775,233.1312964724552,83.67807736952932,262.57048623779735,620.8450202494432,57.57026161903135,1127.6875241467442,1.3425531366365577,1.7218064550981662,0.4071271895799319,Moderate
83.69657540031403,211.88124365882294,452.472572772455,550.5483152191549,551.4846871787393,84.85918670164385,112.42030837178548,592.7164522998751,85.96422688310778,714.2503890214076,21.711882658373405,8.179478620842342,0.784114482135377,Moderate
81.61689261123605,145.80420428875306,368.3593719273921,386.9515903970425,562.2762318740517,44.62702576706668,111.88541296104441,194.4040782210861,95.39736851600219,1822.411138594275,12.230062881204894,1.65560884339597,0.6015997836105923,Moderate
74.23336538582211,120.04000507710896,187.62715270100506,466.08079549080406,586.8129095904121,87.67590539749713,327.3055574428537,825.9968043555384,58.46908979261179,1216.772150695249,21.300257427879462,3.293557723037108,0.43150820619585484,Moderate
90.32599674691694,92.64754130903152,298.3376020671145,444.3069347485615,475.46579727315435,65.94634807872698,132.48383481115982,328.56216243177425,93.69947641776899,335.270533709244,0.8223981632260641,4.933806816672483,0.6542522133415561,Moderate
19.032612635168846,116.28650585223879,245.86748661219463,326.0583014811843,415.82244772801766,45.328654039207784,119.4590841369943,481.0591555002712,75.26432361698467,264.9888611368372,2.3225482381817915,5.965590105084866,0.7465717280058971,Low
105.70449110387142,258.91162348054814,374.3632438710528,455.4898410368557,517.7392901708296,10.077779478585198,59.47712568885507,345.6843146753537,33.81032151960265,1814.811656244814,0.718912297952205,5.618348591652978,0.07175548693054262,Moderate
104.62122332942783,276.99491965849364,355.60344611134497,671.0934255415766,1128.5326158502617,37.906178956368734,70.17459528307612,313.50890378749614,93.55786398495337,596.5181053035224,27.86093415212013,1.0658553165144729,0.13536966106163462,High
3.5096739641470975,105.34376507453916,250.58591173243727,542.4567218938001,612.5903286233846,29.678197451649662,87.99260781514916,437.0302921809424,70.06988585636873,348.79446972298894,25.204181295384384,4.2456762284953165,0.1397611683867252,Moderate
99.09801006777153,191.70104906095247,374.1733284868519,567.9091383618661,836.7333703557057,81.30629768309234,241.88802067079195,439.7649457825895,47.26863394683704,1251.0718545096177,10.492109934147201,9.232947178847935,0.270337115000168,Low
15.464384096813424,30.774533484876823,133.5077597255664,349.14653987106874,645.699517427151,90.25050326453908,204.09243664042995,267.14742730883313,71.22178760652376,2007.8993924030785,29.09894080068096,8.730066851130923,0.45564091726594824,Low
40.214262511097026,139.01136678876497,296.316165040838,462.3301147334398,734.0748435877567,91.28575864590248,229.7247177303771,474.17140929099696,46.11815449693758,700.5629509534605,39.78932656027388,5.928296056383665,0.8134674043279267,Low
89.22099075499293,157.61722496876396,332.4454552575899,469.52874526517303,519.056962373167,58.22715015685186,88.81835734835794,349.7762926895172,20.276539118916332,694.6968711935153,12.479494546175115,5.744629525763333,0.3835440832495795,Low
19.291187525796985,128.57553808484084,306.3559923386623,626.7729007650782,786.1720816403538,63.1844600528244,263.7135718435494,364.664648543519,74.70808724592098,2085.5337443496405,37.439721354554436,1.1611680673608353,0.06660389896157452,Moderate
98.15604289428747,168.12678551206585,181.11831004486092,225.08275627696665,250.71792250854327,125.135764446096,321.159439591058,788.9691177553866,84.16788509536694,373.8453174491127,29.812911120098168,2.0425815504875184,0.5091937603041425,High
99.85610135492902,143.10994357599503,358.0468949972618,504.5032713979416,702.3382284460996,71.43492202757436,76.8323998132432,190.57022313638885,75.59255791174489,1543.7353415074354,1.5219199427842423,2.5637654389107554,0.9967971656533908,Moderate
60.896128051300344,77.9898775924081,192.55320628367008,313.14987407942647,407.44933971522244,148.16599982056835,244.04477344814458,448.6585704901934,30.62032009810089,2387.7586400415507,16.88174531232455,4.907547498811866,0.3815699458721731,Low
0.7663046060200296,57.45162463202126,123.05564505607487,297.4083971439768,578.2246637861667,65.94258450132973,83.13523499411669,160.60007841647834,96.09715121298517,2104.0513581953824,22.84907471365577,7.326992678552401,0.9631917928289491,Low
34.44457598098953,51.84064615278494,112.28177302270534,272.45292911351663,618.8571260380669,97.43714169267585,295.4635865464154,563.3619096398875,12.272910552204033,159.22900828042435,32.92646354796246,4.634217288262368,0.1462778745796015,Low
74.03123020508906,105.87268135340616,226.62620956439378,408.23754564227227,674.2974757446254,7.55444984900937,191.87187063043547,345.6906746804803,39.94167676380765,803.1776370212555,12.920875121403762,1.3043073662821076,0.21444467501003955,Moderate
117.74234136329082,295.4628499076091,517.1707347748489,566.1423768042969,783.2607251099947,98.00098866282163,323.49801223611064,568.1342722241527,33.408319108140596,360.2242916535778,44.22285471860695,4.421521326263235,0.7379159666384228,High
75.81762324200021,155.75626348519157,250.3431589058533,429.94268443550027,623.6093948638465,127.71395916225092,186.81494890052957,299.12340712963055,14.331360485336587,2373.3553910294136,30.804288322728862,1.6682008748014392,0.526151826522171,Low
31.176429727699176,126.91334769860215,314.344784394488,399.1913692550118,820.0372533035137,141.36867577999445,255.44264656194417,282.33021053630205,46.51567236898016,2464.9242077240924,16.776615472396223,7.5239161493442,0.7768657132925918,Low
76.08068437195337,233.33201954465213,257.5367022914568,322.05267443732373,431.73670696995873,149.59809174596558,195.72006103706502,585.3333865781926,66.0803356146497,591.3075862473945,4.366126758470041,1.706683561025561,0.8703804277774455,High
64.79824556590266,244.00064765422644,363.01482319199187,385.70679976715877,752.8159695315932,42.32679684738497,135.13553046591483,455.67867244574404,89.42975771365911,1675.8991168477376,8.161549212186447,4.851213195967343,0.28853063225798287,Moderate
93.58144741813723,198.4700483001799,446.3915833983638,713.3199789630131,1092.0611413330726,86.30550972385753,216.86632261557855,387.236000471085,99.0720744572323,2104.87117145756,21.942349202482045,6.949465346477875,0.6986877119177548,Moderate
12.837676659235008,159.0829644471859,351.69241514527016,501.29708744506615,710.8970910804334,67.6076978298221,80.94039528946934,104.68750763063045,82.72806277639583,588.032309614119,22.261290973126503,2.320570736254825,0.6272211748020683,Moderate
91.32334830024337,150.17273268084492,202.80485479099818,422.1301439501136,570.7804435629333,84.57262208627566,263.2902247556219,696.0777561041823,52.18124668415423,473.2631826308388,34.547344416960904,0.8064995709913979,0.8684582777325246,Moderate
64.95198944113324,119.98590178164564,245.3462702061233,500.0039403627835,735.2746833857711,23.617943578476996,159.4412836712458,244.33878613908547,75.13339833703276,32.97150300196434,32.67794815075136,5.65482978694375,0.45859870557938853,Low
115.55904046307936,188.0457102421002,246.45190115424185,484.2127340139856,530.8196969603348,128.4224358893912,335.66219019205954,801.0332993327736,85.92614097306766,1032.8463300691071,9.057286733301778,0.5893165018687055,0.09927690917512699,High
41.02465992464233,162.07596720589916,264.46619902152645,429.1414507029152,452.1064668174602,136.43534150168813,204.38046679948744,443.6781560974666,51.877647677681324,2249.0964686748175,26.773047925121926,5.8982979975332706,0.5954768209088863,Low
75.91462717607378,198.70913124199154,393.7301371757327,529.4946223088382,585.296222034784,67.44924946693838,293.279525784252,463.4728807384938,80.65489906229499,2257.9342243955903,0.9279810334299748,7.547310448982704,0.9609344031625349,Low
111.8433726612021,168.58647089810324,361.3926747207041,492.9786430949364,586.5511588260495,42.064479236036526,291.73804249364736,662.6177809391293,53.43871764815891,323.71910313499563,17.934632972295002,3.3266941171394495,0.06389962052996224,High
12.30116735888151,36.27895370347467,93.30404817907095,317.3211271045907,569.4095372736122,21.12501414795185,250.94962374237045,689.3693267799633,44.784639178905046,514.8594389183454,34.38473582572226,4.909076620352886,0.2782450890013319,Low
112.46741846837413,226.29874463216566,456.8545741708807,630.0325984005365,1054.6009164810976,102.56472371667067,297.03784267495917,482.39462449781456,57.34817540053851,1023.0780906816614,17.977886697922493,9.291180290338218,0.35026440046591395,Moderate
82.54628667609761,105.64494187007523,253.78698756128193,550.9832743572606,668.8044403571041,46.83477594311028,249.92697666155547,453.5988527466491,70.82692638644303,1952.6582401834364,37.60183079106409,4.737533198546746,0.7775469434964267,Low
8.14044709262063,112.26909857390005,207.2501713144037,513.3958658287529,980.9768712021419,136.4307854870083,279.8668461231549,496.4459557967536,75.41938506867376,1531.5694514116628,43.92698805563767,9.96571291086422,0.35711307634475375,Low
36.11562803361795,160.93161108375358,286.41550627896873,346.1116385812502,823.5655930487519,100.6518712267305,148.19033695488312,609.3518676942176,42.10626420028971,1287.05511008294,27.324567121471457,1.6121739930088452,0.2771296700364982,Moderate
84.9806506374338,211.0907199884351,362.358533347871,410.04031138887495,889.4926138114776,96.85279877613611,266.11297006306546,612.3949658202318,61.41882264004313,1481.8700511353948,6.525183435379047,7.103892329708726,0.666130113743689,Moderate
8.082072176252604,143.70705209498,283.67968505642637,504.3200091690262,923.1013765071881,83.91031738473613,262.098567899719,385.92162642254675,91.88837866724023,245.01823603673014,17.085474355743482,6.543555052062676,0.09408502451294962,Moderate
69.86045522115279,226.9751511029724,348.576409987017,454.0054218088148,635.9179422076751,6.8664509143088415,253.21273598128528,345.712584732275,97.86816100995757,1196.770787425993,0.42675097807688245,8.729432894586955,0.2120670169608096,Moderate
41.50596683435481,131.49858538801672,257.73178641036674,264.2315379781513,300.57349347946285,139.78836535283804,275.1136944169185,390.29752612932657,30.452328206555904,2480.197907400125,27.122666572833868,0.9698099593058802,0.4376287172359715,Low
74.50986213209725,205.95471624742007,250.0576938543916,561.0826281314258,845.4919940146733,94.19062399491901,162.0328777511831,293.81482234394184,27.35480491420073,225.6731366130241,36.97058254382092,2.838055585443076,0.3878199642230295,Moderate
5.489044057501542,116.94013642335216,320.123362499522,399.53863103485486,678.8793530034718,149.10929750746655,320.02742794234325,435.119173609344,70.90170700857837,1300.5204606990417,28.347303551536932,1.3651832963153356,0.379807528224195,Moderate
104.58441673828516,138.179605901868,273.6196858871218,598.867913977155,1023.8557975319527,80.60346071593305,325.4474156325467,654.7006392287449,47.32154972410994,742.6449078351496,35.37388031325524,9.334296466605618,0.15312726246367867,Low
116.81867630128762,121.4428123777811,154.21277780395687,405.31483561134564,903.3103610843982,106.51663378593197,150.82011085320548,208.78686618195866,12.180010457632333,1352.0836756705876,35.9956767274149,4.295021480220308,0.3927980184773067,Low
116.26534263428297,167.48279205613105,359.02206745182554,625.9507889208451,880.0294422009189,8.431433679933326,89.93091331383398,283.61015816781435,41.217568358255576,1436.677806284198,38.295565929785866,9.105155163073938,0.8080931333918326,Low
89.95821980915096,169.70428694992245,402.8152815442602,473.3268050718663,645.9288205917585,94.76042652351163,230.2306649666819,542.7574514518651,82.60702691250269,1445.7948808080923,11.99987023488994,2.979349593870285,0.44315199170752545,Moderate
15.610348815675836,126.68941881283396,363.5161436220745,445.484192587959,538.4350483660925,114.6974417385536,157.2511004590548,302.6810874305202,81.76842373448643,2131.2609193506623,39.207083526918986,1.3073626085484362,0.6068626255749008,Moderate
90.99158351148272,243.98426300205966,336.23869610485286,518.6824099432758,521.0823223519612,116.7771442278836,122.33230410786818,154.9694964586972,54.52166339349237,977.419799610784,29.434229930857093,3.000545866210863,0.20540043885145165,Moderate
2.9504299750561813,38.274658982165995,72.15387737235451,132.38882579980628,386.94567204424584,115.51674783454281,199.76252844485546,240.6744898678396,52.53201413987818,1293.3036358529073,13.037650046751914,5.991884875314087,0.11622579529514729,Low
2.6548261834796705,25.253788365205548,154.85369502347183,261.75478746253316,539.514120813831,33.94239409405015,250.28509446931466,313.2684826216578,62.15566981909397,32.26635542453264,44.42826217483175,8.46006428825668,0.8859582398349826,Low
38.83322629794495,212.2596168433239,240.41192418062906,352.9237914623606,765.3930313710594,146.30977164078388,157.1768714717126,575.0983839057902,29.74570395072184,1974.928750941518,42.7582077179251,3.8846373975887185,0.36480396633866086,Moderate
58.63718284855989,78.08520353631317,311.5820581644675,367.45253480293496,619.7410187493352,149.2773180937408,256.50958284797014,585.441335650455,57.34392624018599,652.4218299027531,25.849844244287972,9.152346159572168,0.382820371414726,Low
92.44889013693519,178.57728275622924,224.47218959501572,296.286181283322,754.5203556163502,11.33938127424019,201.8895745057608,234.1507800545832,10.994172405098354,2042.3047849810885,37.94437702798036,2.4801089937953904,0.8838034570049156,Low
81.99544519278062,187.39691637557496,250.58838136336598,526.5815260662558,840.6232643519736,140.46696342176358,378.7626126494849,574.2970522251949,52.80035993048203,667.7684726188913,11.767251992394225,6.950729838672479,0.7223827814633067,Moderate
53.5083247652098,150.95572052854868,252.61485224979128,311.13340134133523,731.3015204518767,43.4173791456554,289.7862288967635,429.07881532029626,40.24459416255333,31.917298174918116,18.72166484749005,7.370347837298608,0.7684495754382322,Low
32.83519995379991,48.320988219729685,144.11210535951113,154.07219250488401,228.22305990875756,103.39261226264472,208.88495741483013,497.90501322923024,70.73826453132936,391.30413889264963,8.278729233472516,2.775931047339629,0.6979033099592795,Low
119.65494001892534,129.91978453957682,328.58550763904907,548.8597375591776,976.527802710335,50.71663811041982,288.3127117051992,549.7156865413559,67.45182257373648,2464.278841917559,23.40461891831616,0.318350289090248,0.15050263255195956,High
51.141756268316755,70.12877321130318,184.20797834904377,525.8020701364013,863.3739973583255,145.16314850596822,154.01789182618415,394.5799035110416,44.27522921645281,802.9041086402314,22.32006435322494,3.684111553405016,0.9600960300034164,Low
54.16644291956106,159.5722260166313,202.26429101746552,318.189126135558,403.3056423547233,15.22557874553032,201.7048132451694,358.96099843147596,10.654568333073241,276.5156355218042,9.576595168270487,0.49970166569605395,0.9136794727715313,Moderate
19.634858543000302,117.6169383171781,184.41941218869664,225.94890830738495,320.8306873803904,74.6620225434564,235.34853120185963,304.248417223855,32.70462664554644,301.3032150462476,30.27607621722439,9.012500065251668,0.2744091204898817,Low
95.37714584999152,137.45048841660548,264.728834713486,464.36439859212174,927.6147081142324,64.2071687913112,126.58763318784928,497.77582462416825,67.0013065170246,779.3050715727734,5.3005632986435645,9.537576366193877,0.8137944815866492,Low
83.24186709377864,198.0412126259851,234.90469198251884,552.128665865995,568.2363460911814,48.903517841697735,175.73314301160997,615.6615274329372,16.513600871575406,98.92437758632377,2.7761152981370034,7.3670301636627045,0.4389266099224539,Low
26.492353534651247,174.10450390466812,327.01842281617166,601.4400457561392,832.7075174039923,96.8300986320223,129.21853307214622,601.2939876885548,19.687817965011746,1281.1640273642745,17.320723589807375,7.280511623872646,0.6995786194712589,Low
9.885725473901124,17.369938246288,158.80676488407448,376.6873188285251,533.4249637955759,19.65836151325012,237.55764925114036,266.86713455793057,68.23315221103785,538.2835841458539,18.442115000311723,2.446882060646719,0.20732284982257232,Low
81.65991624896557,171.32330608761322,349.99888518317766,460.2686589958374,792.8073789950515,107.49936272005453,196.97388410646653,566.928239900908,78.01906608543631,1300.680050285196,14.388327293691878,0.7855594867529421,0.5616265381235998,High
78.54134571373623,202.61721989222048,437.0433737370624,626.7014343837393,1046.5161281682354,147.0888185707181,303.59993618714725,666.8516658906285,38.93947372114409,356.20672565455436,11.60759869102127,8.03094112681612,0.17028548458191073,Moderate
32.79114323978512,78.20729011232879,306.2709303876177,338.20662484410707,518.3956856223919,120.68380717029453,160.37787874211008,633.9326858149047,54.07057589649057,1077.4937863986434,15.244935525428867,5.613661218956007,0.5593588070902101,Moderate
114.10362747004925,169.5023904228161,406.02129494002395,643.6521934382585,857.103237099677,129.0025129364318,180.54372409423357,307.0010213431163,95.11402284852927,1496.802561711105,7.351900827844635,6.83219393133239,0.2814142582543521,Moderate
18.126947013708026,128.58176955179712,189.76066880772237,443.5442754219001,934.5031676726072,53.94551147685038,301.9346041776384,673.0241233252166,95.09892059583726,159.6898461535795,18.15536111097948,7.807428627457988,0.4798432023303739,Moderate
51.88017612511223,213.50852894498487,246.39985560482353,584.160923623295,976.1191784628965,48.732990972182805,237.0045895825151,264.3177339657574,37.67524970170871,999.8795265813911,40.70715180828497,4.123870976075075,0.6845708988157092,Low
113.23391042011187,259.02030607463377,334.5894811987459,425.728556759521,874.3306222254166,77.55725320351998,318.0502206470377,633.6730810278473,82.89890875153812,759.796933369271,10.099209654397722,1.488238570284261,0.8832208525775879,High
50.367278031134674,155.33071746905972,379.10201066063837,385.5617573256963,604.9428676515112,6.858992214340903,80.82178351735193,256.2456955434418,63.45496475261729,604.697742139142,30.80029969576577,7.960616153660808,0.20702455293101413,Low
76.62311371969027,208.06302291599513,451.0763915718672,642.0393541213699,759.0774561134275,141.80372016847988,182.94443932343498,567.3991590971725,97.7936044015342,1513.3138920808187,6.380302967902771,4.564968110322654,0.8986056596468134,High
47.711327755535315,113.37937239293908,328.2106101605581,575.5872866994431,781.519019392669,21.567775952428832,147.33489182213657,578.9870350398332,52.98522127399868,1473.4122544846912,15.925798080460384,8.27789609701653,0.4205357655309256,Low
32.9058242818404,148.2796193396168,175.7840496215027,452.4266661805485,810.4726250963053,135.45195587521386,259.1190264320497,441.5295475408078,79.72361812140053,1578.5960176608453,14.452865124536533,4.405106510262127,0.8516067401755869,Low
118.0773177551794,201.99000415813964,438.8470036730879,506.6556302317716,561.3708326497613,12.537333300053355,56.27396173955032,319.0670080892006,79.13234166533839,401.41226272914076,42.16632274837475,2.209313264150195,0.5369205224968748,Moderate
49.12008075780516,83.30858532016612,189.1480921578626,280.7615963208209,415.9961491290753,123.39373915178402,306.6986315471366,365.40066272893654,54.76895808697685,717.8445659315078,19.2591925110814,1.7514999157051339,0.8690981431747928,Low
107.29190444149613,233.60479373940242,235.93236642999085,415.33919027354455,438.65714050433974,22.794378881732268,113.23876249141578,321.69224510315405,81.6067102867577,528.1485510977215,31.070967470162277,7.452021477763719,0.6796828641441897,Low
27.594552706930344,127.7581874297183,238.35662261676669,354.0669061062673,570.2407752753331,5.719742113720905,52.31104984635022,232.71124647593484,33.49362999762968,1353.5564944696155,27.11082640370982,5.770146771800267,0.5332803335859299,Low
25.572564483009998,90.12444923465645,101.64174165352335,402.82076195912913,816.5436299489357,107.92341753891131,190.91926617473342,282.48099606699225,21.0027732661206,1155.3588945779927,6.346353387814264,4.07579885962363,0.34691170135031235,Low
3.7360899461413632,167.77714416029488,303.74662445057425,469.5626782591263,481.8945224081317,42.03979502616424,182.95446993491805,630.1937823183059,48.264737018978465,829.0828752939113,42.279320296377826,4.946561724103753,0.9704636332377226,Low
78.2000190451062,81.96816025391819,166.606667113181,446.459192548882,784.120955952465,107.17442291765244,288.7921559627632,362.83607498284334,94.92675909702263,1966.1069481267407,15.564118133509345,5.518904122601071,0.8108527747830968,Low
44.22316124685133,101.06232847176062,219.4210618702728,422.63797803909665,888.8859152959665,83.26278757092297,203.7355090852941,521.6051878503877,55.067014738227584,239.46449229891508,2.0141260102642375,2.43219359616667,0.41212782591364827,Moderate
103.72298998075645,113.96164158073283,267.2542317665121,537.8357813325013,656.2997120880924,16.321108534509836,147.71985599160323,592.7911777315471,67.17332247822343,2437.367238445327,13.519966807988444,3.8127475179920065,0.20838741340609374,Low
56.78518880298686,194.76010572287976,411.9603796773348,528.3959249629481,875.2133453267722,139.81951099517457,174.55599498086167,630.5402849124745,66.17462103170878,295.7774741492202,15.103517664704674,2.959494077841863,0.7905586476636292,High
116.18321134976661,242.56255309024928,408.03794720823146,699.0337648838404,1186.5847154339406,67.84712621452164,296.51985739157965,693.1397073118638,21.93155805425774,1933.8116773580816,4.173539732042724,3.9148172751189905,0.990447073420374,Moderate
22.263061884374537,81.9064612569116,190.41867837645677,286.5189888193143,767.6580188955459,110.1670916698032,342.34814116781433,430.41870810490263,45.126719413948926,923.7343219562754,27.898983287097426,5.030594024503153,0.3150262061028484,Moderate
104.23478015467329,225.85410255194643,430.7110659695377,621.8456487706894,739.3102452852611,75.15308580234377,246.0097334068447,654.7254380137795,73.62450756296873,2163.829261683855,15.604389249369543,1.7749075135909407,0.920069918718246,Moderate
93.19162233500901,164.46032305027998,390.855857443563,465.758347054419,515.9238736604534,90.6542212441807,95.06207347768688,233.34447968549918,97.47910887226537,190.05402221648433,28.31105728489369,3.9654748733564356,0.16910217030852417,High
92.51062135728624,228.63630381332445,258.57629542137374,425.0105779905414,499.1518469384994,45.41603885350386,179.68459282933537,640.8836065455898,25.121596446732354,939.9306669298828,0.30332536150802225,3.8856697109038882,0.9545959415392614,Low
101.37398737402651,183.1270466666336,316.11029105483146,427.47161438287753,778.4894486239486,30.054045600517544,187.35878862267094,541.9021293345957,46.939770130520465,841.9312992180895,44.19217795458386,2.895737977580514,0.7580719668209103,Moderate
91.32287891315987,165.53322992285968,236.6612198584707,330.0074205814957,692.8868583081335,81.38553051121018,330.0490862507377,722.682866755181,18.558441982245643,2482.926810372711,7.673236134510672,9.985038431784398,0.3792664178005183,Low
75.14643859576985,243.39782338366405,255.1631228529009,593.607879162714,930.7261599768135,66.0328459456503,315.0495847443495,357.5658114953181,31.81388136843304,2463.944742249616,29.66989440172214,0.7825937144931993,0.33940023118142215,Moderate
15.749385321886509,60.90762330221255,228.0442970807089,284.0702340010646,452.10942787218363,58.516982015089965,272.9197908464793,564.3023475682515,43.90834089935352,478.56087687263806,32.2102936475782,6.4473638358930705,0.6612635862423837,Low
3.90314153895023,25.583662738332006,241.2763571031384,516.8404002132268,601.7288700922878,100.88507926419345,116.84282727072184,527.4138907200617,58.657892315711536,1576.7176669423554,7.722375738636424,1.7856641350375342,0.613831783245765,Low
110.50174173788243,215.7195021245849,256.4451657439334,600.9029015630585,891.2834475391851,103.57599480167039,341.89509249635285,772.6902688826025,30.751019401517286,1341.120952677796,5.027052694608836,8.403263693387565,0.9229898664190022,Low
73.99803774248856,248.47596395364076,451.5793783596159,458.5448976686431,700.3851205475763,6.888008413689456,160.05332020168922,174.36917256850998,30.480639506081715,390.1618606456432,6.86597363301639,9.146255533292543,0.7779309774987535,Low
95.58447491714116,163.59553338803477,376.9444667722702,621.6040616870034,986.0211352481551,50.81167413655082,251.03336675634569,720.6129830339053,80.00469812261834,423.61036673053553,11.106821513022505,4.04470592695914,0.5633466289452306,High
57.78268218150601,68.94929963468668,297.53441030130756,386.0535422460081,606.7335815888188,61.7646825339566,163.56289495542,185.23226160665988,96.63774966521932,2473.183062556489,7.570445309680897,8.243610571736061,0.9311875497476718,Low
14.076982675487336,75.15193079120948,141.47320306272258,155.64394157762914,324.9637889208633,14.533824174625215,94.45119198327265,401.7105318206976,39.12516709763106,1134.5613340842272,30.32997421302367,2.536599021033101,0.6130940997665578,Low
15.022295064306054,106.08999284182657,332.0782591392989,473.0896117741197,619.8289004536268,35.38513000474325,151.19616637569524,497.88993018335134,71.91928167721122,318.8742235401834,18.937494167673027,1.4436816479261525,0.8572005938776435,Moderate
82.26783446747656,111.41397566127503,191.5796643453831,518.9058979051894,624.6410579300626,7.746269583413495,44.46489782562023,98.13754340957513,33.227241522212864,540.9011466544395,24.20062175319134,3.192988750705979,0.8488955194929635,Low
51.63670738793552,170.09510663810408,308.17961000197977,312.29739303042896,445.1705811237597,149.4363147925531,238.70284948087962,262.708782285476,93.51570294690688,674.5284277851314,2.1301554964121214,3.4496564382159196,0.9232351160020594,Moderate
24.062967204040405,203.6578572258765,216.28472493394705,422.0447171093706,469.45993653142125,110.48358044547668,324.88795538754636,717.344032612911,70.56121241488584,1279.7385719799552,38.75620333953255,4.00370757061651,0.11422192971514936,Moderate
58.99134560897242,140.3044512856323,151.2747233778182,326.76349088618167,500.1919963506265,13.117523475413051,22.605145040633424,214.9404574393504,82.2409169173813,842.1925831182417,7.67571989427865,3.760941472480296,0.6046286845494389,Low
7.7050724490160905,71.55621266045436,251.64951584350507,557.3339733733717,575.6188795548508,3.0374069685138174,40.756918674664945,94.31317633222679,14.441863887924832,1140.2544057953528,16.206854915478967,4.140887305862513,0.49497296161249665,Low
69.83656822972786,141.96331825993184,253.08331275437962,282.4839128365986,375.69083641976204,107.89317002284203,139.1722099352134,520.5061181290343,63.86553714165622,420.4163799979,3.2355737922495145,7.114831989761043,0.5160152642914388,Low
32.27920853221172,53.00552064334792,117.07861448565231,355.61272494597995,728.9979472556945,65.87882485240004,166.64771052745704,591.2292455992673,57.4851098222544,820.1880830158279,6.155691059174834,2.493522322014065,0.4869150734391927,Low
95.70709207646257,254.69634033318286,302.2997143394104,540.3381087910575,703.0726031293689,118.0195063596864,367.2662315824018,660.9593269618056,36.369721622037886,180.43989883079632,29.960973448904767,0.2348271778629608,0.8455933549512239,High
37.24343507082885,111.91205306467221,279.40042577947673,513.5784316812759,847.6969401699478,138.52140567275757,181.86088822560325,262.47929244292607,33.618698655158624,2224.8271323222425,31.166415101506,4.922321486243653,0.35251125254609184,Low
54.626417889816146,124.33581194628758,124.43619795262255,454.2532711798855,812.6953589785242,89.89505835245588,126.26572075227091,133.8769564980163,62.20223220852728,500.88743053560273,30.463446808140844,4.510497879838396,0.48961352754828946,Low
1.3944647889720763,120.13871391645745,321.611506215671,609.6921413680791,900.2848127341358,28.066263437587956,256.83019588162654,607.2314365325985,73.58370715065027,1893.4658378947033,24.846155453070992,0.647646648942133,0.24064841575603135,High
8.693626535347065,88.2596423029493,108.07204383543151,122.76249802065863,602.1113687033578,117.32910540696788,337.8417346484593,612.9115720611177,12.985548133167006,877.1317115673482,42.8634748805358,1.3813239449390666,0.289130785128498,Low
47.099226768802176,163.78125115421446,211.65365488124434,376.53265262782395,387.2525859393806,143.37176147615617,151.43185397529479,476.8304248353345,61.066142373133395,1188.6213107547844,22.82297223458594,5.123712902114693,0.6773990791766813,Low
57.59266016605482,68.65299238959658,165.21209121436897,304.4956608848357,673.8219861789067,87.0346930589934,274.9611831038222,681.5535182036201,25.341357605196578,731.696293455761,20.223541318340093,2.3857700621948137,0.16108914133812885,Low
72.00246577431645,218.4726676443174,339.68735257334333,448.23887995512405,927.632201925328,102.29961709211003,266.16604246121744,483.2799309577035,22.632645824749048,1742.620971412888,11.139550457271456,8.782103026707398,0.22843072044494345,Low
34.99950944511639,204.29022096340884,293.0389999168943,451.0068537208283,882.1427183972979,50.621204255500956,242.5564067186782,304.8141411354884,66.0807539285216,2112.143316090395,4.448228816997568,1.7742602402719765,0.5516328315927483,Moderate
83.3978263351851,200.1755958438746,280.35363708994805,414.82160181404015,498.7679477165468,57.22915419904668,180.8547678980272,650.8464105934404,37.97831054957257,719.2441109252723,24.666971848478045,0.2502201868927368,0.09158437656486285,Moderate
103.21468766270455,275.03655485729047,516.0155578755875,667.3324228331204,830.7425759589864,110.19817467795959,358.0429792900335,630.6740429134621,49.679220982137764,609.3330209406631,14.170058401177265,4.50325950544105,0.17058064944937196,High
93.58211866720198,120.83993525379537,281.2348555646439,623.9765085276688,710.2024284659014,139.16566476102287,150.12741943876367,457.77447898303376,42.399892849579565,1705.1934623324228,23.581142243573183,9.862322950552143,0.8701852920184113,Low
4.754259041802857,90.68917314826652,96.54741199011357,127.56895315246683,428.2231350598189,94.34825808365284,152.94115468460427,619.6468694604798,68.35026881372713,491.90688611646357,9.275358521721587,6.357031636749439,0.8538394275052459,Low
57.660833670939475,165.98604578111997,273.53002289219825,596.3108273357536,952.4048183254997,118.47718627280211,217.61368301620587,683.4055111713374,52.3107789459822,1601.4002151963819,37.717770249356015,3.572595726556148,0.38038729979463304,Moderate
12.591621410180984,117.3042179459946,336.0563928819871,504.13924259684643,662.6761272783756,25.74525261230595,138.18973800373175,424.23704136781856,96.71127958341528,240.59805883562066,44.98637443465811,0.2178367141051903,0.3805917495456252,High
29.045401903503297,101.30852213953108,176.67256874219805,394.9823546670375,664.7356416591851,31.793863538696034,262.13571421357574,410.9414265742888,41.71444831958188,1552.2422141019144,14.508157955429228,4.875236975435156,0.9396896768008035,Low
118.39951119205757,179.25470487798464,202.8937910715817,493.45782938777455,838.9181144233721,79.80520302500851,219.80629404432324,718.3631110506929,76.62559062365517,1285.9498013560305,37.90474232671484,2.1043367212773805,0.07454908211842207,High
17.099465148181586,39.92778920725697,229.52398210473643,355.6860423069759,566.3559506125,26.48312883642608,37.76087771652455,378.1694226932925,33.15633108247401,289.1947603628893,39.284376137658334,6.4951531501941275,0.6012807374310073,Low
59.86657841416273,130.3802195153728,281.8836774993931,432.5313453301815,859.5391105579112,95.24926053313854,197.215001389554,401.4333398355823,55.78777833635322,1624.5135689871763,44.82332049406858,5.850934512626447,0.617521050088691,Low
74.17868811817429,103.45763483716162,246.03576179378757,389.36722989133744,775.1421975352459,43.74797780920485,147.87058090147232,427.78898232826714,59.73127767117613,1119.1601068000193,15.422405840009073,2.68887706510249,0.7984927138225781,Moderate
84.29579646529247,216.48161823389177,229.87575813574375,361.0316160232597,393.364387948545,118.7298928000338,360.10262740947996,568.0196525434948,39.6198352956459,546.7020517886289,34.02186271713476,0.7353832054757828,0.9541629900314706,Moderate
67.15784201842969,104.74741040745589,139.87216285633522,463.80742543274846,774.370074978163,121.21655199215152,271.0158247474286,715.1684008957523,52.46024760213662,886.6934684769324,10.296405163889343,7.562441020501329,0.3880362076911767,Low
1.172501690302039,11.714256641518134,167.3516056947966,457.4770676123508,575.1398430922256,69.56811836330296,228.48088615303766,469.73057358591075,35.1350774108643,1232.7947535691294,28.115820058146447,5.875367741199775,0.4659417997832011,Low
39.175356989279024,138.6012617963812,190.55722216109015,228.70721861313177,507.4663509467694,27.121595255645293,205.434853068463,617.1990410590867,10.540070350658379,233.4277970246331,31.717915626277694,8.429156182610852,0.6877335564941686,Low
62.125397206165374,169.26674909565764,295.28426903276375,333.12744239974734,811.5716637162304,97.01624416228988,289.5260730828207,709.6142219943226,29.408347147409085,2394.235660405244,33.35043116407934,2.6350101555853267,0.9689080412269678,Low
10.543979897380002,167.488330927871,303.70875243521937,453.46308263376625,892.9940849098914,148.91805273953796,307.6808202901602,719.8469891577845,73.00577552438806,1665.5775797492424,9.322747586300773,6.545977544565099,0.8962527360498721,Low
42.07523174510169,145.93192198028441,216.80871954801927,251.33880140450245,453.5970029620683,93.3886346913785,152.68722247486238,513.7815287126996,79.38667220368393,260.8247783128015,38.19265067232877,1.2308709802604152,0.6837003531065423,High
3.9843730549639877,66.17092672518422,303.2772156105574,519.9597989554493,665.716728127626,5.366203607101178,223.87768219239223,651.3165405961831,35.2182580425028,2058.0411498995063,18.943733717664383,2.9535085837725945,0.863887393087471,Low
9.42941965860249,153.97155833334017,364.58758504223397,414.87964758384084,532.0825197879703,2.594096365062387,185.62404646771995,379.2388362792045,46.72386989362647,809.7745527106327,9.736628298054978,6.582564163179827,0.13094420934686446,Low
47.63079314419153,144.8809939179273,325.4743708261269,508.3050132145073,774.5624480927673,48.05429557384593,233.52191684808489,290.85351991906504,13.362909412474998,1494.0148440993937,24.41389897673557,8.264533986190692,0.40827059570926,Low
15.925890485167242,30.196341718781756,49.694808321134026,52.22178977243524,109.3460164014634,29.36757102906073,278.506755837748,699.7338580240053,31.335661098791252,696.4713897410353,38.851070832312395,3.243208742346301,0.062437870913904826,Low
68.10490179138698,169.95800264777137,196.49050747502622,307.29922941945256,581.9367334835769,121.95768107149622,322.58931478732524,571.6735226309979,80.12973550350692,1834.8478325619449,43.51895594001512,7.998592887737186,0.21859862634790284,Low
82.73579629647189,246.17913447237112,369.37447093861005,606.3912242240394,607.0580439694354,126.72085005540006,334.0087008441884,397.69671710811394,64.53876432385516,1808.9073926252552,33.669351977754346,6.79363697971916,0.6489679426422819,Moderate
96.07040389308995,167.40667648276963,207.58501378051605,376.998642860263,538.9234582331853,38.792815696571424,276.64419462411104,334.300455715115,28.519346975893427,1382.348424896683,0.2530298822113092,3.519313976500618,0.8912835425469834,Low
24.018029309377212,77.35667365134123,321.92303953370975,664.3173596333556,774.2845165486463,48.846716542483904,86.63021650470736,166.25141350965373,33.1697795610189,606.1093532165874,6.061534220968026,8.770149530557172,0.6511412944922057,Low
20.09790987108837,45.92241213433198,85.55247064118434,391.48879926435814,877.0981942447492,35.4370451572672,159.86888927678416,535.3555191103371,83.51218206906042,637.9909997428031,3.432329389748958,5.11682920705254,0.6809312016581384,Low
12.548140840128031,39.808334788492346,161.67529365448584,287.3500663195888,650.9712261045784,136.2573821056896,281.3991380033865,636.827474736527,28.817578265041075,960.2426777538826,4.554618434724814,6.500055884333517,0.1486305249933918,Low
76.3716299452364,154.27049712676381,245.30076133714016,261.2210508524363,436.04774108355514,75.39740019334234,157.71633249895675,259.62567259139837,40.07419532624181,366.80535765373185,17.236573020889878,4.981531851939627,0.6816174663677108,Low
84.77708717842813,191.99945552750344,351.84606089102795,647.8152659312846,694.2378091965948,98.42055661230299,308.27139258592933,731.7331016408269,69.79228224891799,847.4510044113543,15.23219916728825,4.554563606883141,0.48162938150073137,High
3.7903373790770445,18.30111030960536,50.56021253196158,369.4922211420966,627.8925184874086,62.3223130049405,252.92721841637135,393.57461618049376,60.50011471372708,1712.4647301145396,5.115824157073953,8.48737828652662,0.6688682200027323,Low
112.34546954924278,281.4678155737726,389.04692258437035,676.2665102810332,782.9904509440544,94.65212902567967,274.87289765271066,671.3656893101844,51.47831847104329,2077.958973748256,39.70059082264121,2.982308929634326,0.35986445405333595,Moderate
6.236554038176689,142.16060517831195,210.83686338009787,255.61934270201556,523.8341156511945,57.878306508260415,307.16566644780215,551.5686203152732,90.97669818817698,834.7928147809367,27.69424093495621,0.4144607625190605,0.6024116445800116,Moderate
64.95556023612846,170.54786552718775,392.48574669510975,741.7560437394104,1159.4372208288567,50.95176565938382,115.79710901148144,481.5714502807645,29.77394164435465,587.8076943446381,35.840848903040204,8.803837303272363,0.45286583198943986,Low
85.08726233410997,234.2062231031283,244.35265113680208,334.8571286802729,642.7534047309656,95.17201097602204,279.03632389487734,469.73015543166025,76.72779017766999,2082.44323294616,16.719722498494388,8.258988332859271,0.5807052026633078,Low
104.51629484953027,118.94991107571066,347.38178457732545,600.853504060255,917.7477138327561,88.6593117073484,226.51043043382356,400.08072898121156,24.3157456556365,2227.3065483278733,18.460620732940555,3.697276721967646,0.18973504241331002,Moderate
85.69043185589133,171.5214298478537,379.76996448610385,697.5821712036063,968.097315735012,44.02919312519244,122.27648874866145,542.9562882283276,65.41604501339307,1028.0037006636005,14.29295447415276,1.8952388301168517,0.4260336109364207,High
96.20736996837502,209.62413280347442,284.0168119136783,366.5073019294266,830.1401182451311,22.402267547921014,62.54898522870247,80.2001124857373,88.35612070701819,72.12586385483645,19.7291975444321,6.771559748332286,0.4055647243940113,Moderate
40.73402310513673,189.8915462064288,387.214209875705,705.1047040126782,1171.0560462229798,55.28650407572064,279.2574633426074,766.6259369713612,51.21116069303241,1738.929244130909,27.466976805977414,0.8336709911746106,0.7495747946201679,High
97.77901364958147,238.80353445844963,246.60692454313653,354.92547726133995,611.2870777981161,62.279645871286384,211.14351654824773,535.2332956809345,75.1865056472196,1961.1629242769081,22.184280352810866,4.266359817611144,0.7210890382696622,Low
9.613781566161016,59.48624651457295,301.20263408792135,642.947261922341,795.8270054940932,94.30265001369072,300.5361094238894,516.7778035236105,83.83540176990894,49.97051164527837,37.70626527848026,0.9043300993233099,0.9134157504947664,Moderate
107.37799872726332,276.7364292479201,408.38516489536744,506.82617202853356,736.6196749682555,137.17931454552956,273.5155605459158,587.5428261211284,22.242378238984248,1489.6019790870753,40.50626258744209,5.99920126952119,0.6504528126690376,Low
65.71108513844835,88.09333659600502,163.91359311236633,497.61613177760864,590.8950878754165,5.427719629938771,60.42198979344366,121.79246302293507,73.52442057538991,1472.9800518192167,21.135773401541964,0.32072341890581824,0.34881977330379965,Moderate
98.07573239549924,255.59978374730662,346.24558689597586,364.9862147084121,683.1583723674568,36.549151881276735,120.93635515635805,377.96258280313185,92.78569215898086,949.8762323260455,10.788659115689224,6.3109218375614,0.7940634300735648,Moderate
54.278194142196014,229.04743907102736,245.6487774361517,493.8939815205863,743.9401494117029,29.057391341934053,124.44210196032068,616.9898636302195,61.87335488699898,1875.6694779978402,42.5336588756689,6.748395454229495,0.5221477613569451,Low
77.229323423583,109.1169576036556,356.4543361141654,542.6932329571167,594.3434718637567,75.34416130406754,318.5778644299931,436.21258335334653,26.751002007588042,1073.30670009533,33.07673893729152,4.897087522520253,0.2338185500976246,Low
63.16831931233359,193.14021086901494,202.96319715668804,370.22017414964375,469.0440647094514,64.45512105647397,65.8634406518196,427.0024901699943,21.42482784300487,1693.5559997194534,28.805718872424595,1.791322926511238,0.7600408949107702,Low
87.79074261063982,95.04213599067955,258.76891677764434,336.9919267671883,576.8079048669517,109.35564357302826,355.772149329155,573.2578372450054,33.37617974200731,1295.207675064704,33.54361801307891,1.0588696893407121,0.17590482593326756,Moderate
9.795597843670748,82.77170636871864,193.45568829533323,440.41421471710544,884.2087100765345,36.36238688172958,281.4777956591872,607.706869903164,19.316194211501433,624.9191887335955,3.4191802078615297,3.167258863963182,0.21924566468382273,Low
7.242250078867656,100.17324393444898,337.4022984816278,404.18562048783525,687.380980803384,89.17475486246379,338.21245249499793,440.65606684088567,56.20546644265427,1518.2196532102787,3.043184743695263,4.678806462020122,0.7708181320133899,Low
29.652388081217573,134.16852874495171,195.6684638216505,389.1630924163194,729.9305925205548,132.57858953999389,251.72563426990257,486.95812557870374,16.27342144360611,1843.5866946403748,6.890429366144433,6.439972752606202,0.7816374593677237,Low
19.1453616135826,187.6140662983233,320.6357722828261,409.2716493469139,578.7859242188688,136.6016609877457,377.5539033929956,867.6002603226332,30.10641621726038,2434.894655225324,6.635293534823959,0.06243876880907124,0.8012422053640045,Moderate
104.6140279910642,225.61915170401926,346.2082038497075,680.6756867731822,966.3813832952993,143.81769070875467,242.7174861712115,340.3610616792163,49.59193995209929,953.3718222720216,18.9301713682232,7.125085996391863,0.32865886819625983,Moderate
26.30567848296532,112.93570970242799,288.6523207149533,298.6732385574318,522.3631498764655,115.98917281199829,122.56278297909496,440.7852969034735,52.65232753618193,165.858998942546,7.083183702841388,7.1414837246465,0.873258084502943,Low
117.10383069829575,262.84533722615583,279.847895214261,349.7527932531938,679.3177495647741,135.89818593883726,191.9849825317784,479.7838569151761,60.8858636632268,2469.9881969472726,38.453653991996845,4.473151174600373,0.7365347291639692,Moderate
40.42749501253282,211.52340278432644,259.97068529016514,344.77939752577186,370.06718056527706,35.179630797791134,271.5036920321373,554.029485177339,73.50534664756539,1561.397615266713,26.014361891761162,3.4668941351921196,0.8422690390737735,Moderate
21.854149882643913,25.826056645456266,79.46726166866873,224.39100068740447,471.04110880688404,29.637141652571554,33.078314986421546,340.63995981223013,14.250577569892078,2366.3938931111193,16.571785335761312,8.430970218470069,0.7231752105095455,Low
94.7638208570975,271.61764986318445,456.15533857360685,537.6109232281256,685.607235800109,0.9732125670789682,137.47174642282275,388.5907332669368,17.255885695820492,264.04857959774273,3.133014220137019,7.856645446210718,0.6006166358090236,Moderate
79.04493306010514,94.5487180915676,141.8333921732526,313.8055737673275,476.8981044062821,106.02665361436475,124.92705083803452,133.39242596686353,15.477323662430267,858.3744304767919,26.59625081816063,9.833597080751353,0.15392503299531834,Low
59.783485974376674,206.37310624275372,349.7460472154979,655.1089803559865,1135.5676961350173,140.62007817206165,212.2192227789563,662.2676285105151,48.08352839184193,339.1720636874471,5.243976926645685,3.750711513122573,0.7253894013543518,Moderate
66.64362611251575,117.10388157176999,170.9148366970084,420.1370341902182,511.4844405459096,28.040301756251463,50.06351443422312,463.55292817623854,13.766315039464088,2089.5978356822384,33.44491126811728,9.07298441832813,0.7059377366852749,Low
86.30421339267166,110.09655178836857,325.50278930936315,528.489482496652,684.1121087859506,95.54153631403183,310.42369159229594,397.5075320528566,77.14731401481936,2201.455139866144,36.12411435347197,0.9196487646348752,0.34686657662251735,High
27.414568959755847,106.58858410824612,342.13494773065577,373.28606002459367,628.2323478900296,111.96896388326662,259.73664129519307,466.3732299846276,30.070016293463006,1255.772691188176,24.478931608192852,4.1440873591959795,0.7490287805941048,Low
119.56006992680904,235.47225422737947,365.0954979629396,607.9927358991861,1039.506209973998,139.1421352722085,364.66875170178673,749.9432420485707,94.52912439609628,470.58251306676596,6.732128661338586,4.680472481549156,0.5729318257597612,High
116.97517945761398,185.54651156183948,273.62373261413404,331.86873212296297,540.2037737261483,97.02903360258325,269.11733348764034,759.1484911812825,53.77633795874003,322.1618277540728,35.40882256832095,4.4366994462244085,0.5814359266162442,Moderate
78.03908236163242,87.86085585251824,146.375299606893,421.6038846934873,793.5365251375729,145.54405991231283,388.30134272358777,863.869865944481,50.169317719798144,1472.469454650116,13.85225051667003,6.2697269748896804,0.39922444484642694,Low
23.945094111497415,131.8480992500664,144.29334963082735,231.81321510938096,660.0002642167822,51.700971151882165,179.1703848419838,628.8499846800709,80.24848233755502,1268.4089298403248,10.019391423905692,1.7435679964397808,0.16094578927312975,Moderate
81.62738909175496,244.0599787916764,311.18499784105023,457.1520527533655,612.16023066429,52.48928006571115,212.16692550642978,291.3538741559996,74.1838585503692,1738.4988104073304,21.17504884582914,8.671199108676207,0.25608203497268955,Low
8.663809077501101,77.6425749480064,241.20151993433586,363.8660907456106,560.2411825149657,81.45187650215183,225.529081474416,682.7666344789184,64.65781368533285,766.492120236878,41.519080862231306,5.54005198446941,0.7803900706692553,Low
3.6783002646967278,42.6182002382456,176.0224330655483,476.6073032017482,654.8854150459264,57.52528216738607,178.59038952903927,617.812846004579,94.1632035625333,1008.9081475857838,13.381798143353565,9.046885002731981,0.3078694729720492,Low
30.92194662134564,110.58586888925241,346.59618845948427,390.8867490091771,807.3146533181376,0.21385924312989357,211.70370059888305,400.1786561820778,48.00333348883693,58.29587925863765,40.75103254376791,0.07618485801377323,0.05214040161883094,Moderate
55.51475480871795,64.22004279749851,163.28935842042364,361.26506725509967,383.43849823190027,109.7658037630481,270.89708768063815,468.15838494876914,82.76785081950578,1527.3068974634448,2.4143988932922547,6.318381730250314,0.9971665500749726,Low
104.19270064900566,251.8804658554551,425.34630143755373,475.0678647426255,629.2784091569655,112.7575562217725,313.0856224356407,543.040083413221,44.20836511712367,1060.7430857594622,3.7585667258076065,4.153955576205587,0.2501481221578523,High
87.26028837195696,236.00163434299057,358.33232121177093,605.0108638580363,944.7151426556012,112.04619070301557,308.6371748536189,636.7249903368274,85.45111068664944,2299.8127613645524,31.435246131086114,5.075735664407102,0.6726139914268742,Moderate
89.12478254399772,194.96486596133084,323.10891994238375,639.8862646704522,922.6080144531236,51.75309999156999,99.51439015539381,229.9321981469017,33.35271660693718,1606.2568127734883,8.5766697651679,7.4508548822638385,0.930575904346244,Low
51.05920013376904,114.61772014267915,181.56129879370852,333.67397764724717,551.8186572940944,78.34342099667579,240.8843041260867,252.35851884605904,36.03403655524292,999.742756166986,14.247930743848142,2.3101598959500613,0.6197270979022402,Moderate
41.51219910563555,185.47320470587655,299.2108989163765,470.043190009118,740.0173036198103,53.996027726500415,103.90803252183395,174.5227948204551,71.00825806157086,662.6550062790092,6.136784144126056,2.0887493803831605,0.8090790843302346,Moderate
44.52465155815232,144.36831602005842,262.06456527323525,586.662558042202,685.4548509563612,2.4054600045968657,148.23557956553958,368.2935333539264,29.14419654566167,2263.6859318060588,14.951172110964675,7.044927786484573,0.9775531265413742,Low
118.51794764832694,267.1857631873299,443.84639362456335,626.1933796518383,841.5516904558435,84.3673411907128,253.72601230228793,394.72729701538884,30.62387683228859,45.581359923020955,12.62069972516085,5.237589301494592,0.8673452546332965,Moderate
4.813102969497898,118.47568563444162,353.63568543097006,524.2951387483164,775.1466308364909,18.564099912601655,267.87286780949836,650.1311483275642,37.473618611567325,820.6466057947185,33.135193754504265,2.374709025713819,0.5800088842444436,Moderate
104.04377953469383,245.23676471299734,327.5670840836234,529.9822700301298,980.5768310074307,12.00619861371609,19.64169315115068,72.98672842578637,71.10358926943383,2359.046431551147,31.591052468506973,4.865985414960683,0.3955177839579723,Low
69.4410490286872,177.182387807884,187.7325049532086,428.96291268024174,559.3804940822299,113.32486030451808,136.1354588329483,594.8680716103502,90.04492831809087,1636.8123524190273,42.97172293927645,4.622606137482737,0.5083412267057617,Low
52.63385030275086,127.17924258157078,251.25302395673071,288.6622052371917,722.5764563196581,1.4259303627158437,20.682604455523716,468.3461944274793,70.7110886014288,1334.1340828518312,32.598975832786834,6.929872052782349,0.8497348597810171,Low
87.03091924981638,259.46117403652113,395.5765070738133,682.9651917833439,1005.085892196335,143.85126654130892,243.44158810799394,697.819996574638,84.50328199097127,512.8191212114664,31.266798885962324,0.07647798101183007,0.8606868796431083,High
58.400272970964345,155.8007614491564,197.9108992321352,350.33765884077593,360.50807437457644,77.28830461688653,282.68539498833997,652.4903942900032,58.920453072502276,2084.270061764696,31.239175007819327,5.888264644426255,0.8535621762404455,Low
104.81078856979927,213.7269019070962,403.84305347611286,429.1650319402328,791.4807003899296,147.45246460592227,358.46654780270615,411.9665335445058,16.203089921063075,514.4766611689763,39.733535504167925,6.0764975975971405,0.6173631826125104,Moderate
108.08422368135102,147.7719987760059,394.00427588637876,669.1682101057534,686.9441488802809,8.699635870906263,192.94453480119418,412.0133204859776,19.04195903576506,624.3925611455187,13.330652979399753,7.467825865019801,0.5031081218697323,Low
50.60651122481465,163.2236533217244,399.66733257383964,531.599822664035,1030.2903860709416,87.52943232988699,311.74899278737394,377.45167869010584,59.89527805302239,483.6686014652788,13.504144913721191,8.89784313705272,0.34577115329087865,Moderate
33.21933566820619,136.10871257513608,185.38522228104912,220.513845564318,656.832189409917,52.39905539638668,133.1140414387498,626.9636378192911,39.50208717778986,399.58290412095727,33.354621436722155,4.429888481261303,0.05319281242283284,Moderate
71.08203943120347,104.35295106166797,323.1937610368582,545.0164248769959,693.6882986470187,126.52237392214286,148.56103498521765,315.08024668455425,29.851126627324838,2383.514677467113,10.291731171755734,3.4580762318733993,0.776261007317908,Low
109.48360147400291,120.20927899756877,296.33268810049,604.3786618022646,733.0842769006173,54.18341028514294,68.72166728260547,361.3869382276365,51.963123457235874,1507.0688323725644,41.04090018665865,1.0680877562372988,0.31314836601335194,Moderate
25.27946268067999,134.0641402293388,247.5257811810667,558.239509475962,748.9600505287665,39.07313685860237,252.10631676344894,641.8028438855598,69.98470668138714,1596.4036443651844,24.065177628909872,3.4015166566876682,0.36319400061607054,Moderate
74.75599002761794,212.22059851067564,347.3733470918579,682.5555632749986,860.6390459322201,128.63296906498698,311.24204265340984,771.5500847662325,44.64927529622726,2386.042036868565,13.505621764177429,0.7314224112218567,0.8513071636046917,High
75.78722641110247,169.99947317706395,382.39951692267846,686.0964278410192,872.2653370337098,56.19796374798915,230.85179025076937,608.6256531714494,82.22880314416075,580.2847625382788,34.92449683604921,8.038061043147476,0.0996385992664896,Moderate
87.97356268983371,128.79263524736993,248.8263701569632,249.57569192787955,408.71396498761976,2.5249979790842203,87.44408261550142,424.6959719986202,76.46709219142544,19.764258801241695,14.054428344388324,8.079711171066073,0.9312393148845667,Low
15.788122215271176,135.76207802001747,229.0639202962992,362.14832854098574,672.7150319651514,58.54336512590007,153.5196622804566,386.51055329953226,76.14233939436102,1499.2147056778765,43.347524268234224,4.201514690083042,0.051293826316581095,Low
85.89899576185063,100.31802655157904,223.6298998080755,510.1198027750016,592.2516346353135,98.17834035164128,337.70672257647107,640.4067894517331,98.66707207096496,1272.0729087942757,44.23451443762431,2.6334302770710836,0.9422106590841358,Moderate
109.08390247987693,188.61396934422874,333.396420352991,461.584972452457,884.5756186754636,38.15393082095728,54.10511684544103,101.18702127185594,36.57069796344713,1196.7376916087437,30.005830888478826,1.224299750750104,0.4820205665292455,Moderate
21.561973064429036,50.967989576144674,98.23740302073188,308.77938025362903,714.9806222692866,64.79813886377359,258.23107309822177,700.192344078853,68.02530277068057,159.39112705926684,5.113525038760317,8.519809801917372,0.1470164938942286,Low
28.505198990865317,61.707828181644324,286.934760748392,499.14569232947827,737.3872962571135,8.507270742333828,85.91560166943212,357.80425608937486,86.99305061442821,1138.8149921040872,11.844398246998164,8.781078019934784,0.690453298879128,Low
116.56741128499675,152.9803221334734,321.52705934087686,449.2859157544649,875.6508983937388,88.21391872709358,97.9775733302326,118.04509854770396,62.15719905225198,722.4611149012937,23.19376329972249,2.6995816651686493,0.9010636044351608,Moderate
21.717234325138772,91.3245045930548,249.64173392742703,566.2076084758777,689.7801434910243,113.44423857905906,299.0867662646731,759.0378290946219,81.05519585038533,690.0388696746612,38.31513525440917,6.236517457254248,0.466169176005239,Low
102.5262112043495,111.73324821602107,136.60730476118061,312.7372256463218,321.51995349830526,61.99688421016654,144.72485562976019,389.37584254819456,47.300696725592104,559.8420425468366,8.319892362391288,2.6236039646643667,0.706790008829133,Low
59.073342773764175,130.67616214100184,281.7196466841498,444.39411876227507,753.9980812771867,63.03489492021901,243.57177460591816,677.866345386419,63.14422110893242,834.658257587654,4.698155655626955,2.2900099400786087,0.9803945841798293,Moderate
29.667728928381244,121.7750694090274,152.01523496865047,501.14504595031406,730.0997494326717,13.242374787737464,190.1559705672675,618.599947669946,15.009975352389546,886.067022482814,3.3514867435066007,0.2610201037825821,0.2786657825273548,Moderate
104.48998815270137,191.4829594466399,211.15737824548967,383.8825056709055,667.4647788188408,30.291129676797386,163.98784853507618,571.8636422636337,98.71908452423321,775.3955620231837,22.81354030620211,5.792736204981321,0.8294269840765537,Moderate
53.43663060031986,122.33776867286716,254.1654925834655,316.6048807584689,766.2745852676703,23.2012954691869,217.5445777718241,248.24608741950215,82.00166333035756,2446.988025720175,39.81154363176176,1.541918354696294,0.33047525387981774,Moderate
61.778082471562826,212.82447192429828,313.52085543592204,493.09515343812535,978.057940221097,72.25316529923069,217.51274634204154,341.04606905414596,88.19281644683045,2332.1640583461703,1.9061659189751556,0.17309326952597293,0.4550207199906519,High
43.108004327971884,69.26680896366263,216.46937650271843,501.37523393469394,818.6018038124955,79.38833114261251,151.04754435467768,588.821480587393,72.48648503286515,1438.402698314531,9.554469029709058,1.093269085151332,0.31767757507239774,Moderate
71.15410217219129,162.1795160528386,184.48505806714826,456.38617248154674,838.413967407766,142.341019692639,325.8698449587438,775.3653729847907,26.744502952782952,2452.731821833723,31.196565712777577,3.172003456298747,0.4737111610124162,Low
19.622864710202734,30.79031976238251,138.5360854741971,414.539703262162,456.44392000574413,10.984725641585086,158.269679611016,387.304110795419,12.792559817622903,2478.0390357463793,37.16385458146719,6.708173741611531,0.05483458080686839,Low
46.92978439821128,59.73780659623503,103.43448535752452,351.24280975679363,431.60060220254644,89.98019597325707,93.1620163957372,313.1827502228383,87.81909469624122,893.0695764931697,36.33297881846263,2.066099380654645,0.3382669049637579,Moderate
116.3294786802345,219.62533162211184,466.400353103141,555.3765932764819,921.9789957529701,78.9747790992362,304.3858235418136,391.95614048488846,45.66975883625108,1115.7429266206625,35.3280625794149,8.881526097190134,0.473029360740811,Low
30.976011924135307,132.8593284039431,273.1468815127367,574.8763115568177,790.5590397508186,77.43496469037437,213.84586927145273,698.0512636170283,33.74783884359279,2397.8591335767405,5.840991036600299,2.9204596833103524,0.6506281745207912,Low
78.80839974495507,236.8544320569573,408.71364729217413,721.418860173867,944.4014953760698,130.97389310742398,348.13070947730694,454.69994715682856,60.550566295505,1523.522367250223,17.875691198231333,3.3457015797653167,0.6554933216171134,High
39.022807706963384,139.44006932577656,220.79463949642852,288.7480833129207,443.051924130639,30.83077060432297,251.51498034988413,346.9833725252669,47.88086702281474,536.258061678995,44.3135098274286,2.2188729405221737,0.6045963375469682,Low
92.81677508239208,265.5791587552651,289.26388745010115,334.923360243089,638.6015519819609,6.115991151205718,117.35765533497785,447.722140409565,68.64993961188013,1725.0047674995683,44.499940721463965,2.5753631038647917,0.328380238112682,Moderate
15.70483928620198,24.46991199818934,268.4376276940735,609.8993667002627,702.4818894083639,100.84072614512888,227.7557252579366,349.17787675816044,53.54139097490622,518.3367242049884,27.109232637938458,0.7876443898037611,0.9500341001389582,Moderate
116.37852540942536,134.01990866995877,205.58466751575457,509.49805479338335,822.9561944503312,51.77361962039702,155.7122165392975,625.0980220464924,72.75098263962435,851.6975704612553,31.91702421245104,2.9829672582260853,0.42237133255404435,Moderate
54.45474496603671,62.38660004870536,168.3386463420989,480.97129786558025,567.8707264332,2.638487431878689,114.99768125889005,120.45117891778746,86.80809425582287,572.7626069229021,42.80777083283891,8.603193723026198,0.2560492441771049,Low
28.326055601575675,61.67588866161288,224.14186908725662,534.373603705795,566.2866210606518,37.70610109356207,261.492890836494,264.36952199814465,27.600130986021014,616.2256387549363,20.24675375585447,6.899824186886352,0.576787292684588,Low
8.81960967960152,106.24822964910356,112.42255407063138,302.0129424824363,467.1917868319668,46.39901613252178,243.43501962449952,495.87342034229926,39.64895925089381,16.61567600912172,6.159008604770698,8.758918628462885,0.7614822363868679,Low
20.37094861050489,136.57394126744194,339.1387238967637,565.3793317297935,680.9495027347174,92.52575651763631,124.1571755965308,368.18840555326676,49.313402791357504,2202.368536337632,30.102699398223518,1.0933471930745984,0.061621894181152916,Moderate
62.37287382672212,70.5782022574825,204.72274976463757,395.59974801141215,840.0955672895783,25.887869107390816,178.4648144924148,260.14682544287007,96.58526032248744,743.4962857131055,43.20460372052356,4.583385476879482,0.31252680702577,Low
40.44038117175435,210.71514134396222,280.26943811116774,298.1916603277829,325.66838726209625,61.9581521930097,310.93481228959524,558.1945937747374,42.880025219273676,220.50407690937223,31.37427422398325,2.3310859861521442,0.8337289599700284,Moderate
99.46600390591314,251.05577170298173,266.457768026099,527.3838478995694,615.6906941866308,72.37131666267487,221.2589919707963,427.08954455578953,44.29898646333666,222.0335771743159,36.149450716068195,7.226095126033672,0.5316700387163182,Low
51.706502839416714,105.09674962769347,145.72135349630383,322.58756516386194,596.9473679553867,68.88560870461363,265.35351510289,710.5182777740745,68.8125270663605,1392.2655997700756,19.023696178677678,9.70386635602261,0.4380638893509183,Low
29.84571271051559,43.73946815127982,267.49793286463904,494.1961090412195,734.7297044649563,146.09111500001725,338.35648334531,342.9834434537917,47.727973890095434,2482.336773582173,4.340841936518299,8.162826816550364,0.9343562156031963,Low
74.0573983924836,104.6370715719139,276.1431275558866,452.06705929732396,474.9930684846747,6.825635668544416,94.40501713662657,582.5399196531027,95.61013710756447,366.8310558391281,7.599693894827999,0.4010177591725133,0.13505834226669677,Moderate
84.8132660262535,107.66326050214857,170.13869091137104,342.2726537242306,345.89886773180285,142.6452279678599,235.60755364384963,547.8039357917709,90.50218844278994,253.55634346940033,44.21946732459647,3.2007639617101296,0.6347916907389567,Moderate
20.045028948113984,42.236109221924416,58.6363004581818,118.76248877540019,612.7964597559751,87.290582099105,268.3096875467058,344.2314103693436,56.20678999981057,1098.5681816032163,22.19329426474294,0.3343679199827093,0.3750792804315881,Low
20.11430595459812,113.45540991443023,286.1092380110893,383.65903831049144,713.0763884899105,119.35915724547574,244.35504014668453,267.73504705226765,68.0297710553065,1410.5114783327845,0.5409265579762446,0.4496613209633061,0.11728222837827944,High
4.400571232025157,48.65311088083721,191.7550423727785,247.353484553163,430.0565500039414,64.55889270241131,207.2015699850083,476.2543992646242,15.22275056952585,739.4789954004614,42.99152763290282,0.8411772764359181,0.25305728318027915,Low
88.36824180787686,152.83339078312287,253.96327189768164,322.44647536655145,557.6625991981721,68.07568218854706,246.30212977975646,363.7472127656665,72.61574752291583,759.7926208220968,22.400096038697384,2.7994529432570903,0.6465365523664202,Moderate
79.65654331461661,257.76750332379464,348.67036562131057,689.2124487684173,822.4875089955608,131.89897485237353,326.2927316121361,476.87550011276574,73.6480785654129,1064.068872113129,37.63207792313269,3.0768175379994043,0.07686308716182956,High
56.95570508997767,180.13226989653973,234.3358388788168,287.9255448990862,460.36243674569107,134.39017444378533,202.26931887705317,324.83540129431,42.327936607888724,788.793309800762,24.680616391660205,4.034512456687137,0.6126363746198834,Low
101.30045387630365,272.1169739447639,439.5197880791433,533.764436585966,858.286670220073,35.80333221469464,72.50177207393537,397.5879288601908,29.77145952627454,2288.7523010034492,4.576602765364249,4.079064389939647,0.9590079001564391,Low
96.68041835400638,122.34059825996718,365.0076052084348,571.7139854169395,1013.1198848506249,29.886281787692724,102.83494346862403,379.5994245266908,92.35705616353151,109.67665537011926,27.7006311959376,7.7255196678396505,0.8053412592517558,Low
70.24252372761026,139.02762919747272,182.95644065667918,396.51894233950384,488.58395388009626,74.43527608049266,201.31985735351154,240.3070691144173,48.40344107246149,590.2525488763353,44.883012434382415,1.4569622736100527,0.37831722536715334,Moderate
104.19255366159103,204.0442782524148,353.3234332562906,407.2143786666308,827.3951313592902,135.04155406915373,220.5768833934135,483.8401499810012,68.83354943215396,2022.339226587416,1.5632002190674381,1.619519127252364,0.18129726404352792,High
24.70094520441219,38.517396344385034,144.5636602808791,422.36475930570344,483.14307406483795,48.353264010926445,190.4439537228249,586.0388365044748,12.999591547863037,2085.725521039067,37.88073888817698,6.284561064138727,0.4918112122173296,Low
13.430354327727345,14.184094180759761,125.85627461692599,400.67727838641474,508.17339018061034,97.80219230086969,111.16862333227681,151.76591874243897,47.266044991915265,283.32992201568186,10.596635804284423,5.738834414315342,0.42330291436948514,Low
32.36995338203875,153.04813346548391,216.5849534974375,299.64614996879936,318.2337939936224,106.22275316109017,233.66035606453198,678.529844179742,83.5532929912492,2434.539807781728,17.72398002204835,1.5823468195470185,0.9731463120226594,Moderate
6.850422730717782,122.37793575497614,328.6616546703309,429.69486060674205,500.1007916532418,116.80119973412337,208.79742646855036,497.95075119241494,44.881840036064354,1734.9203504982768,16.77192802978029,8.530031047196495,0.9903746517830009,Low
63.740343360123845,137.68232916005397,258.99623019686425,587.2919831076881,1045.9435558397133,84.58866868814448,218.25535741136508,693.5675920465234,64.28450441231891,685.1196746790711,40.445873742110386,3.3241411703070134,0.4400554235076016,Moderate
112.39268307539538,200.52861676116126,336.3800798107273,625.3650859035447,855.0844592127339,60.36827674184544,166.00161546308965,240.07222432427747,28.88702204360855,1142.8144727120641,22.701878497432716,3.701325118017637,0.19134478435344,Moderate
4.721224880221158,79.50096498679729,155.69119318612871,399.920154758012,438.7530856471888,145.05239831984593,216.10886097923157,712.8913606558892,47.48730839556036,746.3608558220781,20.122842907549238,4.233577804304155,0.9150790721607599,Low
14.653189681203216,18.97409775328321,64.42621417002064,93.20784169873083,573.0712607182115,91.6996129954279,317.72658935983685,639.8630223446753,93.4873946247868,379.30551338677634,36.811129897654936,3.2608836138524104,0.8038651618836437,Low
54.26388339401223,114.63077251315548,136.1083695638606,282.5007978797621,721.9969517590871,109.28478174499062,155.47602885032984,439.2231285908613,60.980657473093345,731.4892715485433,2.200821043722649,5.596677770112633,0.5357104963229127,Low
112.06500210334859,143.93980807486076,322.46959330608973,518.2252485329792,895.5665089670499,51.74742685438175,222.08882074952166,479.7286328055643,91.17383131836384,1452.329384036598,3.89053417928507,3.917044845424075,0.39708691086438425,High
37.93873259721006,55.655086635456435,104.71365705742033,170.30760785174226,637.0440038255213,100.49237715046202,331.6535552960655,343.48074184522187,91.18173695405889,2065.7943886144944,0.9759985594330184,2.631375523155611,0.47575753621974104,Moderate
60.868177042607094,233.07785514269005,405.5966936898895,562.4759974277681,672.5407078456502,38.66964932461889,173.33713924597717,643.1567350207662,94.97330203820316,912.0050418494951,30.959230680339783,9.049524933722205,0.9067871165398549,Moderate
4.988743086047052,112.87349359363687,210.46760510537536,420.82666222641683,839.0113087314601,36.764537629295425,255.86665977416595,577.8638962012651,90.58524940720947,873.0143436668651,23.652726168563156,3.1180898643945394,0.22541127537536154,Moderate
17.801184115450663,148.95931527803916,252.90301552545202,367.4848535658417,712.4804517429948,107.20833027141396,138.42119987973504,184.23444212938065,10.295301610927059,1172.6617491979,39.42099566407272,6.999964808414777,0.8164443450672975,Low
118.39561475506163,175.16108854296277,292.4554625661557,565.7861491988263,1000.6657739826704,78.20921043944027,201.6564030035423,212.13248815080473,94.06134024234372,1613.166221911044,22.433980633767256,3.5049063650511165,0.06728110118579761,High
115.81424357232547,186.5807268812482,278.507853913134,572.6652074867159,971.1209903580308,102.49149156335847,216.7478116835933,242.139631301969,22.371349517683875,1880.2825747686115,9.981880774289737,4.3804388694308445,0.9245433934849808,Low
0.5927977121291539,43.23911661353938,68.3941109191869,181.65742522111168,354.90495680952415,40.41577361221375,42.445475371462464,347.1433570875828,13.59336260000355,820.3647644746873,36.231631789698724,2.3976380578432495,0.5252824156638954,Low
114.21741425078868,131.67123502456514,209.07918752527658,502.6091915976366,889.8084601062644,89.80850115850956,200.6228364983432,507.6305439456358,14.984968112024752,1467.9494072237217,13.244573440468029,7.535679712903178,0.26541043502411354,Low
76.69439253786004,108.92008727734512,274.85367745082976,311.105475586885,442.3336270793302,66.59004745546689,158.84748655111633,408.6811324418369,41.40245756587902,976.4552989958017,42.106040196849406,7.385172351691217,0.052713677676323296,Low
104.15019534240265,247.7027234957701,414.14882386298785,707.3540083809175,871.6500898949449,89.54404302682919,256.993724970483,410.3766352969588,65.87236767419142,1792.4176266566478,11.26907495335082,0.2712874607905968,0.5815691453075356,High
54.568782676063094,176.52702760914275,248.08310441914134,301.54575550280714,355.4986141142952,43.6319598366329,278.21440448076254,544.0857702880833,46.20800768670978,415.86392668996695,7.547429379162907,0.6489307009978537,0.2822634770318462,Moderate
61.87152342951003,160.31872110689588,275.3443777463179,304.368881124722,771.9071891149564,107.31764454736857,128.76541661287771,386.91632705100665,12.299885618444153,646.0275383029838,22.19957961798095,9.227645724712149,0.6497011192103012,Low
58.66158963083042,144.17776674684868,192.53957374983304,417.16096530418696,562.6626470043277,120.88940492391983,202.75850160257562,212.46628154085843,52.88343707572432,1068.0207475076606,2.2731803086609497,8.893827130016616,0.31711081737944485,Low
80.02371090553252,246.0618819636349,298.6549023460939,463.83298036044687,724.1442129461727,38.98747107865855,150.00365542722153,291.23827059097056,49.79176680433421,2224.089900853812,1.638527781717794,5.085567568146376,0.13362282773071554,Moderate
16.75815057075755,29.85044117091786,35.61221327256971,353.3739234170612,549.0403416501575,45.09308397834631,158.88942848694214,185.4820992205169,78.11643389514822,1435.447844429972,22.32065453649561,4.958906046005447,0.5297990483513814,Low
3.5968307847213543,54.10497716754623,278.29161464448237,405.4078332762796,885.3718935680304,99.17314045786395,292.8755706684274,742.9529463922552,35.165160858289454,2413.6633168586222,9.67980963576544,8.133620535118736,0.5862614494737372,Low
36.95159299094291,99.94040663367144,152.61707290239798,253.120365105568,420.6449505748092,104.33777614553162,215.18669260389183,577.7982739964596,29.577805641493043,262.67782477630413,0.42086872778315854,1.427578961504546,0.4799605242625732,Moderate
84.5616915283976,225.39833772669942,282.28180696081523,457.5390241112847,846.8119348226292,105.61495265961751,112.40527802303086,610.462863119487,33.03450619089636,1153.1376570590824,13.322561014418476,6.554306257392292,0.48513377661329227,Low
24.222414254753804,202.87504588390865,272.77540404519164,432.3565690642231,860.0646463798131,102.40477571637553,279.9307993645833,431.01643101722726,37.33658403668632,1050.6009324632337,21.481530923096635,4.786030795148232,0.6101676215050146,Low
80.81189199899008,124.13258465527763,155.98460257913487,276.5344187551508,494.33766749563375,58.92115754288082,280.12858132929875,719.3715052077539,63.92483860304498,1502.5144101328913,17.74299156571904,7.446143741690447,0.5500358339396458,Low
116.38944553287246,273.76476567754696,433.5804864728876,676.3899410173026,865.4758482437683,59.22805116055175,187.70422929796996,489.2313632642108,52.437293690687184,2030.8516987254077,6.09612597721904,0.34952277355430494,0.17593916191952524,High
11.268085894730206,160.78018277245263,179.56592106684928,445.41256293671717,819.2854734030311,38.22264354665722,183.49977397128356,410.062477423086,40.320510866115214,2104.4128238297353,26.08536725243899,5.947619219753188,0.23723136416078072,Low
80.71225418701515,121.15058576253314,154.7011923441207,453.2455815046685,909.6935716577855,23.525054984454446,64.25916472671597,175.54572037103352,43.688274245531055,1677.1355487202432,31.964984601643668,5.5894457413947976,0.18470148935759756,Low
53.250026316548535,125.12989075240858,286.31907239993177,626.8188840485518,1004.284750584671,103.88660690953586,159.04809307927513,528.2441757223465,43.38312941430785,1605.6332287926562,30.39926229734829,8.416440879412393,0.7086308031087586,Low
104.17707052530065,177.91818699795408,262.83334211831476,356.16300936469133,469.7261921606241,13.978317895846926,72.77087767699987,524.8412521291498,97.51660252392857,2372.828707401795,17.719286457747263,6.784521160672527,0.5521684915586177,Low
21.25797473368631,197.33769506846681,374.3246517437641,624.9573706152506,1069.1112443341033,140.66884301801724,248.35433673834106,366.0085357760264,30.96972892476573,962.3000670878695,6.19182680270013,8.807595566036595,0.4583623673543818,Low
83.11511426713975,115.67565651534144,255.03184268287694,393.02222510638774,586.8130588248043,124.0029455507177,356.0392507746282,443.7344182614345,83.62554042450327,2082.794368900278,22.47690480708252,8.87836955034346,0.8084220455092069,Low
100.57383475777323,244.422269556634,308.4275628220123,545.4062530049001,833.5209588938673,128.62586099358842,259.07205267230995,607.1830101747435,73.73897538293684,2304.151799095274,40.06942897216872,4.1112318089521915,0.35950492677276485,Moderate
113.3537063368828,173.50839488804257,336.2153825103746,502.8089741326017,918.5267837789572,136.00032219227853,184.0247334926167,672.5113148553762,10.501300504319552,1231.3904144416663,21.092528202355478,1.4174696308305406,0.589701329936413,Moderate
81.9897633947575,213.54642563446635,242.6148457076865,590.4354316764626,684.6328153767087,61.29074560848601,127.81267957572342,502.79023012776247,99.38585963129391,1824.1109336152342,8.805647238371442,6.32132237543077,0.12068722141568851,Moderate
59.660971681011276,135.26295245423057,269.3655482242382,524.4812957510006,916.7363635897772,127.00510850256015,223.0088659343562,365.29923545818065,78.07954335702162,945.6645423939107,4.187398639217868,8.743773679164677,0.7571838796338564,Moderate
74.14166882414565,178.24642618512286,287.5334524463815,620.9054075983951,918.9868065537338,23.7091950437474,179.52393896694724,389.5016510408401,71.42046277157122,401.40314041753317,42.47669871444958,0.7957857747378694,0.7104328225748103,High
104.26859813744619,254.1387173361498,321.10711304051,613.346455358925,1060.017276272729,3.2462691912353514,113.2545574422367,305.41337517142256,46.479223690897356,1468.327184273701,33.43542339946117,5.601336567192408,0.8122606478320379,Low
68.47316959665956,213.2229712937587,364.2242207286337,680.2395746358136,766.2247755575851,117.73370919957752,215.84492024380876,641.8924292673314,59.96827800228606,495.19676886958206,14.083513771521705,1.194245290265248,0.8902521601157259,High
3.646447163620423,159.60262020076644,377.43601828583706,662.4827373109733,872.8238558314375,11.219497199540896,152.4016472992896,538.0870367354015,32.79438061007232,1146.7098313556533,13.29085827923285,0.3186101179642594,0.7701268539306477,Moderate
111.71384346083734,122.44496202287596,372.17113696364515,532.8768325952142,949.2983790286329,148.27870009888824,208.73744883750462,503.2251662182647,13.193506463112772,2182.8338867541916,40.284831902516885,6.812371771711293,0.8522653956209292,Low
82.74321012378734,207.3123096709414,359.25300185679754,447.3789605282071,456.9948122565872,101.2194644402334,120.94528258637894,258.4248377848305,85.24194926013756,219.61537797138288,7.9905705664343,6.8344036381280295,0.37837186901363834,Moderate
81.18160629326958,106.37933410318689,207.55580268547942,337.16786409316217,393.2685474759836,113.01745653631582,119.12103524187135,588.1152991028995,90.68360443130545,80.91919648330087,24.076678034544504,6.026547547713801,0.37617049391419266,Moderate
25.88101828772606,100.72836053104004,157.03013558509045,164.1128170090731,659.3954233874405,36.87057844167989,99.68536930846165,426.342981693035,24.62235729528159,1518.1622292178095,32.10769238306856,8.599266898822881,0.9470857789048255,Low
79.06625642791886,177.8121711377628,242.0861934865407,425.4838020991742,565.6808913943495,101.07980908795322,123.9778176240704,609.2161408449616,80.83504862611596,830.9980098542632,17.837565838456033,0.8547205759451096,0.9188458095098946,High
47.26372867849902,119.75683593292855,239.62058047037,416.390810565013,904.1624074269896,6.482990588243581,90.56815021843528,380.6266667394507,76.70374059570928,1047.7545787801585,1.795605414438985,1.0973396039026555,0.5710724740499614,Moderate
78.14795724497905,171.6780588895204,263.49748420969775,447.3351469003686,538.6009224047056,125.67385798854014,318.90724307847904,729.5036222602861,26.05375017424814,1017.2479187025372,10.24914661737847,8.6521276078955,0.39823084600901354,Low
12.791163636958887,192.16589922071034,420.6195298769464,761.5304586171687,942.0776801208365,25.443613954735866,204.51719657644546,611.0698862737088,47.964592231731444,221.1174713788611,40.58136618490682,5.057603362868317,0.8727014537458603,Low
78.94143655236432,103.28055302067817,195.35441993460557,514.3633211437993,890.7980433955847,104.60371002506558,257.33561572207276,426.0000041388688,48.048212875069304,13.898249535588416,23.540353507779948,2.76687544794046,0.35724057580599783,Moderate
119.92964709247998,241.5117352530366,334.87288303939545,391.4723554549332,720.3615590740225,33.672075184909254,246.79713615477894,728.807497633393,78.39678324747237,2246.5659909463393,36.69485609195864,7.394661930953609,0.19595332874972216,Moderate
5.785444663266723,77.06561861267747,172.9492467211717,302.05812926573293,592.6193292302607,10.267975413906411,80.78488154997558,91.75561534875757,85.38948151984499,548.4074094548472,25.00584942557778,8.949317039913801,0.6575180412552061,Low
117.26090210655808,141.20266590987725,350.35771850179174,498.7423813139334,763.6919692164372,72.22405178240915,293.4874900399006,677.8429444236077,18.529760925223393,1068.0670847013994,42.462094307053654,6.911552697719473,0.09049071924631857,Moderate
48.828955286744474,77.40157269412019,240.09865290584565,366.28517415392236,788.0053959862925,25.39293154091842,125.2027239582132,607.9812668402351,60.66723114137826,2429.954862694341,40.91103340005803,7.929729336950567,0.41014681085816357,Low
104.4904140404711,275.35957316468216,428.9017857444053,708.3753730057749,825.8496544224713,109.41659824898247,209.6399278156391,379.09402945750054,78.55736472359968,2067.772642049212,21.729961890468086,2.860847539942165,0.8172806249098908,Moderate
93.88625808699281,252.21452749510996,335.7502830910755,519.1634675447309,740.3989310414902,35.634876507522726,136.9727799139031,461.02807380938907,80.75715346586426,274.2874838804419,14.322331144635724,2.923314826134897,0.330455385908193,High
68.04195131840014,231.3095041931041,435.785548401214,636.0204843412828,713.7466304195115,51.370883435374324,75.89447499561969,357.006099917725,23.3194171987368,1273.7549838734014,27.075095430552462,8.648032609528592,0.9347497051198567,Low
88.61390511015918,267.0898047590888,276.6807700980141,575.235515743788,873.2063136091402,85.11588768967094,328.9885122724349,709.7421671106968,57.29546288357147,1826.547171105065,30.36994567512631,6.167885344119392,0.9580334332858055,Low
105.42186735616174,142.91863755769498,360.61793064222326,642.6927843375988,767.9649964732589,42.74524163659674,77.37193609288653,510.4608969154127,87.18028357264326,1747.489998573035,22.42597915352842,2.3799193791536775,0.825025485726863,Moderate
48.49683859812396,112.47591932365506,240.66339427213745,286.9374272592423,453.8584594309352,56.69821743149425,141.91964854879038,443.44193319856436,38.66667189267557,1903.3004217491532,37.00274494927925,5.265410063849011,0.9882611530424595,Low
39.243979387588645,159.70340477406467,259.26596348991785,509.1360679191898,744.7614262309539,122.34326565605801,202.1683457377473,610.1206389284757,48.26052090206174,1146.349363945648,8.249783480319726,6.87431169114888,0.5542259059358657,Low
80.11120626763017,167.19566344254667,291.48748362196807,443.89012873768047,457.2754215892444,26.881477434153854,45.55133563833127,201.69412358295887,82.39226602026991,443.9277086790538,15.048532378081456,2.22456335844534,0.590739574532023,Moderate
96.94151303295104,172.25162904105107,339.1055116745089,442.232627746384,488.20159570680283,12.330238422290051,50.39527095025922,164.68880030266766,18.03875690653861,1164.8567475788348,30.886936081490383,6.566318761666972,0.8443584745069546,Low
91.4742161731939,155.88024105360063,159.07159768307497,176.5781849988402,519.54279535295,49.25366776995289,60.46825181629934,275.80209658271946,87.35439609000804,1621.4786866873635,11.100773942440076,0.4693412556867894,0.5181649929986859,Moderate
95.73763786303614,202.61815161285756,420.50611572741946,591.0434618483273,805.5284522070809,63.65651505208172,136.7576384422101,475.6259382326017,38.004104505772816,1523.437256079894,19.793013510763526,3.0717316488914035,0.436384006491416,Moderate
52.26999777755196,155.8768149327667,267.5616962606149,391.96453451420086,824.3596455141485,81.39889232048515,298.06312332771176,391.68659779707355,10.130528493201444,180.95252420257555,43.36800959827317,6.756019526674841,0.6340159116158121,Low
98.14010594100259,127.2025160725658,212.94414599758534,300.9737098843256,648.3097117064253,55.863554426251056,140.72410586059718,480.9002019365429,31.074323055072245,167.05632303506843,28.164418770895836,1.5360232016245206,0.6747765353064379,Moderate
14.425086644473012,99.33825739779205,133.89964880630632,377.03475416524145,381.08522498890267,118.48675503342076,149.40971305026557,346.4565373362992,18.05505768059558,2413.3182887322537,42.70757555885066,2.2608803548928638,0.763351030611358,Low
65.33869175530195,164.96361147307493,274.8299550626855,544.149840623141,852.5060060067085,5.897923150270989,167.32139024625047,565.1090271925664,18.31464162966197,383.7546103242288,32.509863146185914,8.796978239065973,0.6847906623970811,Low
0.6910392597745885,103.34268823142487,227.42338105251957,313.09971271281825,359.96214574267646,64.76513072978369,313.9153587435113,332.33326729516295,72.35521607283323,739.6838477092463,32.61000463502278,6.759494939344504,0.758435705500162,Low
38.950299588032436,76.76959431225576,177.68126793562521,194.98787077339676,585.4544606686438,57.338387198460694,115.41933458144258,449.4106534961398,29.257870207515833,1920.2480329796329,26.633572816059253,5.014241167053903,0.6908316873443148,Low
43.975384184567744,177.58423478997935,347.2492582467036,644.3127034445358,1140.0665475837868,97.13677362102885,167.0295249636712,491.9406932886551,94.12681266792842,1027.1443041788216,6.3993867666627064,2.1483892516681498,0.5064229765751699,High
47.54072299311065,52.076560060903184,157.3006922507097,160.78660167221585,426.3859987929716,144.9414377846094,387.9032013548066,858.3709394174638,56.48000919321736,457.7548088837816,23.387143089882947,3.4470260829934674,0.1781878551196468,Moderate
83.45606480278346,147.32579880055275,387.6801932621961,715.6695661347113,1057.0593162317764,76.55631099432932,121.25038288195111,477.93415966398635,51.40884321594267,1170.7447938629048,11.369979022656194,5.764588457959223,0.7961710674884955,Moderate
46.62697215244149,187.0652488888555,336.8846283447535,556.5515842387006,675.2086646860763,148.03152704125807,275.835043906049,673.9859921176896,49.08551663981365,1424.5301770545977,44.94026494580761,1.595360309351451,0.0792401938182989,High
53.84323471470368,155.3439605046761,357.21344441765336,469.85976673811547,688.6586386150123,45.33740923697962,105.25044249100334,557.5459504175875,72.33288757044687,1134.6526901487987,12.013287304554924,4.843353594986979,0.9928750871732726,Moderate
28.505295704919295,75.51453355687414,102.85350933424385,189.12077768610152,617.1684438042934,4.630219881369152,237.71819435668013,575.2441535026741,50.70364862712476,2297.770458302912,10.380862955765181,4.1192952216733225,0.8370355654426959,Low
44.79021499552081,169.8817764772694,269.20459971374584,272.35658220631217,356.0680560794378,24.84947512146191,270.2297287655354,415.30654624552267,21.574032060267264,715.3247412732633,28.074741980582004,4.793039047204801,0.6873650775822397,Low
27.272355271578178,129.40272521967137,213.61465058145956,296.0296465352666,428.7974493421476,59.2687327161851,262.9431942461889,697.83009403795,89.2154962576681,1655.023740945679,22.992696594883355,1.1003301717389793,0.9682764332617306,Moderate
8.783510852213237,152.1073605543629,294.4779575885109,342.6828631195103,565.3997007625253,47.45008637828283,126.14604033148548,499.93510006947304,48.55558140330928,285.1753299176948,0.9608810964531372,1.1096460160980344,0.6318467673833988,Moderate
72.41383120576535,204.71836471993356,419.99674473528995,634.254921988391,990.379367910398,14.55811964750665,115.42998846763291,327.64879046807965,16.660411812955225,983.7522168717462,5.828993054661144,9.642903979825897,0.10361123670713064,Low
80.18553582660195,190.00496179312418,209.58951623362586,267.88047224145635,455.82244963929327,64.89901615360752,125.47543707021285,480.74002339519393,57.642938874798496,1853.7781627045092,36.496932382238064,9.794708950561448,0.5814130653137941,Low
74.33884152115374,162.21082307710026,180.35452258827794,365.37496572609473,829.2411056175966,50.71736574893441,273.4068575011823,707.2512960917534,68.26121726101331,565.9182667707163,21.766137981640227,4.290338346222591,0.31334397637409567,Moderate
55.61928525606868,79.5920678762229,292.1714949156226,498.71224273618736,545.940768370547,18.392883068615767,247.0324524906553,734.858518186291,34.802421774198265,1476.4787589077596,6.570684667035647,7.900504763825831,0.4010036515852149,Low
45.57429362150758,92.61423684087666,145.826758350466,250.1413527718861,435.54345154430985,44.41756959178634,149.13523515329814,625.3109871328259,82.0306366906458,387.82538787660553,20.93591532760801,6.575124697884615,0.4866058980575274,Low
103.60003794861903,179.03794307369438,346.2262566861478,358.49898884269936,712.9760505569103,132.96540830330858,297.098675779059,459.76258916112977,70.27982614336273,261.24071994662086,11.391708738708166,1.21332270345297,0.7858707090693443,High
62.289814216346166,170.16368587749614,305.8832189676974,318.92207718266604,431.91546001341226,45.30732982340103,86.69562476707449,297.54248162616534,68.53070523379901,1310.4657085679814,10.061615750055468,3.0019526404802424,0.5277827536524083,Moderate
57.501825315567714,149.9692392543226,358.19263797612996,367.4142042440011,695.6207713588376,107.09331348630775,215.82728857716,270.59559106584567,47.87424575810148,1689.1524352346414,43.0976374400297,3.1708315160129783,0.5009462762838248,Moderate
3.0770478967722825,54.95026256948759,86.22249002858848,344.91612352637964,427.0246026400526,91.80706194866335,249.68183861703776,373.45398212606074,96.5723771270159,287.8508302550362,16.291103708598346,5.977955626849277,0.33687353085475374,Low
40.949739315138764,42.11332371728666,74.55906514793948,185.86246183294384,213.85260426378701,64.07717436125577,160.42795399076067,601.6385582342358,34.677025115432286,2294.851749670423,2.089399710255261,5.820768287528976,0.5628786297600679,Low
45.62347425430285,134.94653419644936,274.1511242660263,552.8561893547085,613.3640477290329,35.85384552055038,125.25372694216536,305.6786900818448,61.993495091390734,568.3017954301798,43.66470026867862,9.238911502342418,0.28597131171354984,Low
47.85873370762806,99.27141164883182,335.86607498842454,486.97256333342176,951.9649549004891,55.35220490189182,55.60195296862749,365.878282266068,37.81496417253558,304.3383938574535,35.7677808647471,7.910861324063925,0.29794412463781655,Low
69.62068430727987,201.8501784351762,305.5996180278647,464.148953318352,740.0243947881277,88.81608202065642,289.88944796493496,622.8722571184517,77.03242776743986,510.73377633377527,11.448598795387133,8.575634262799587,0.7693958363872945,Moderate
64.03230560722541,68.34263335591244,150.07815841958617,329.587069297937,727.7599570377615,52.61298221240324,274.94738521776526,665.8620227894212,14.301233548310929,428.0832790469456,18.400132561742613,8.917724705429544,0.3754199012836355,Low
72.94861113521335,178.21761717025572,329.8899479697272,579.4509577010135,745.7782081535391,32.23446503613477,274.6003474225928,366.0003625454083,14.13044810875443,231.23325327930775,38.80303085678078,8.022702891922055,0.09882968929215626,Low
91.7859913850554,261.25135413614714,493.86350427240495,589.5895073128024,885.9188312555257,17.469412333744817,197.2872586010487,349.6938259082665,82.97748725669122,1995.6088907728752,16.083608369547342,3.362168547518221,0.37649342160023175,High
97.55828864593121,128.95195672600113,338.18391493715706,380.7394872738915,628.2155541263872,131.9650406864348,269.163118778906,493.3312895079963,49.084134495730396,1241.366747986557,25.53318189029695,2.189379064778275,0.656643597473288,Moderate
86.17476914717933,171.0716774822865,419.9425801655915,614.562647482603,1087.43162718375,66.04694636278585,133.3680763149632,315.78860693409996,40.706204914032014,974.3560037448136,24.06855913490757,5.739085013309417,0.8232863073434562,Moderate
114.66284351459217,131.11880204167704,136.76094784227132,251.20311597723008,624.9904340042852,93.78124826143952,343.6061172523141,835.0587336821591,64.67741759578047,2376.816677825412,18.058254688295985,6.911204748710521,0.9638398473227433,Low
2.1879099211633957,114.81065412820686,143.0251903063974,297.8971500902105,663.1684658385,73.5615541705208,220.9997678035472,638.4701694104034,73.17094094820763,930.665925726653,28.777585581617227,3.896351291183499,0.7589094004012271,Low
23.493358282025532,122.58906078934615,274.95600163100164,501.3873495490585,524.5639842661983,130.8849777536945,301.1734958363061,541.0168731465491,28.108121215996594,421.5969514877375,21.298083178584886,8.490969567146877,0.457409028945995,Low
0.9075449973770544,74.23333935568688,279.37744918914933,452.32145858859406,727.1562930904396,82.04022786723162,252.64176835606105,692.276081399295,26.68881172642584,688.7370153568577,0.9553721253287778,9.607637598538934,0.3341633152447097,Low
77.69696569855236,171.54482956382577,242.85591514051742,459.9535011258124,693.4492280767198,72.117212692367,283.4301616316624,457.25663542331074,96.23356729838933,601.221501303548,36.64723984415719,5.715487475066652,0.17314849066234492,Moderate
107.76366587399843,269.14710439842025,328.94987640697497,519.4198771467447,983.341010449842,138.69014856325688,141.1082832749867,534.0224452201189,63.06978757461124,1249.3594925104455,5.092010223917368,4.593091019051371,0.6463021127238087,High
29.217875589155913,64.55085000514798,261.2947998504482,520.2235300280829,648.894524122849,107.95343940680318,163.01517451464613,274.85297356787294,45.110482956484134,732.305284266662,20.884046890111353,8.436726813578053,0.534389148403556,Low
111.2441453755568,115.3057574825193,129.4012209458272,376.47903714489416,511.3957637904413,16.7324861020286,183.1159861445321,569.2770087577151,82.12975252025558,1292.5726246049728,26.09553559173737,0.2914819925443972,0.6938164406219341,Moderate
7.232086834747302,162.33176608058545,254.67742797623174,441.64389010924845,647.3170145499987,26.655669179522107,250.44210338566404,478.6688049835282,57.26430629001255,1674.8870952422383,31.747772438698085,1.3336755275507681,0.2752764986323161,Moderate
112.13232321666172,216.0133980464849,342.4657036945673,580.0817609954647,701.7666176986527,118.06842944091629,289.40312492125537,343.15278541737655,31.749652933712323,1944.3604703545782,18.485844087957727,8.464293707112365,0.3574619597044483,Low
42.194722468756126,202.51324445188777,342.60041303946866,648.346273834883,712.9382327392578,125.37769817699315,228.75052105041317,365.3817483282043,28.606177507741645,1776.843664261741,33.09968191637392,7.333684427197524,0.32749058202370707,Low
12.170499413905983,119.62063962827705,301.7744288264713,453.0693795523303,881.7768028777307,81.77862436354447,172.16749833110987,373.3048103428922,45.717333955283955,517.9488375586205,5.910753812335661,4.190560147133043,0.80776925006569,Low
58.304611102359075,204.13360729510552,292.8450381527701,437.3121136148479,716.4503758168057,83.1682841799959,267.655286250826,642.3017420830446,87.39062742338916,294.16979951067066,29.405049672185058,8.89407598435783,0.21266832412017944,Moderate
30.813188126460954,108.1543935303876,261.3254796990394,528.8114469973725,959.4928064756559,94.78994442771668,280.099368712015,316.59072607749044,15.530312443983302,1358.4131469576212,37.18525174135663,3.547009962071601,0.6280485111732708,Low
34.18474823543074,169.1595358673191,315.5033915650582,519.3972345297561,934.964617231604,65.86736614239592,217.6318642688185,547.4053618151383,29.667340067928684,501.2849190643222,40.02497877768755,6.356761310775828,0.0987872649711514,Moderate
36.87479579115439,201.22225983132847,338.12628499476523,362.97865807267124,503.9998354675068,102.0298685225856,174.89662454691987,532.9034450133416,90.38366369673322,216.90963581992557,26.080492317925014,6.361627979742863,0.5720511971066337,Moderate
96.36310773991961,199.34524120991676,359.4660644954698,671.7052699873483,945.5739921494853,16.272188634962355,247.56089323259826,574.521578195474,20.956111207232546,1320.100385733646,14.080283913376679,1.8841023315116503,0.11071827696540311,High
64.69935320103053,97.24068030225885,162.10297306927794,172.877058852452,214.48591022248723,144.19188635510795,282.1618718847677,662.4966909685455,66.66631464377515,820.3514918439497,7.351043027113189,2.884274774832377,0.217082761248588,Moderate
37.35692389872044,85.74049460415611,106.90268300031336,368.84140767372344,826.4673496891027,112.52322356923825,310.1463126313209,399.23062064274,29.21602313089226,1891.591784786567,15.550143879485018,9.164268880826054,0.1573740369508841,Low
73.2400539973102,108.99607783884323,138.8139958487791,404.3919457952886,606.5233033278652,94.67613060135103,148.25319614180893,441.8048736733276,64.52801627606995,788.908118218303,24.29884679194979,1.8749777952444995,0.37938908618925515,Moderate
85.93808090678323,130.37234587401514,186.5179415374904,520.1068213861661,716.9449133306767,47.4483085514221,133.45850570510407,604.0309793070439,44.47937501598089,2446.899256954255,8.834860079620224,1.7770674873838639,0.3765448468223426,Moderate
32.71488008802405,87.8696609712106,212.91914485190694,231.8661877927192,383.2438731016958,24.143323118509375,242.788202215345,548.1803371176138,19.15092067878927,1897.5153621954667,42.863170756189184,4.822173963652046,0.8350983166918435,Low
49.62589218304218,149.54997379861612,359.66066143512114,568.5605627096929,798.8924350650449,61.401444574341696,73.9282020593338,379.5963755358103,62.42275607986957,148.94458761471103,40.37109429928093,0.9673638139665176,0.26440307881150227,High
14.626331200433707,120.46482450392361,295.7881600260196,445.5323597454882,571.4120530182122,99.23651108610876,227.3153389002743,595.5351599569087,71.47384723761274,1274.637487188909,1.4830737689444062,8.951530580394515,0.13206740468527814,Low
21.737921944161638,98.50787644769665,295.7680274982084,411.4895616990481,598.9156980974503,95.05646151346664,215.4828314744689,382.0849475373984,71.22453570692225,1408.7381505292053,25.288280920367498,1.046483926209087,0.6233362012734233,Moderate
81.73414247579794,192.50988284354833,280.2537888250712,311.86528492974674,711.8388092221876,57.39617325983573,245.20372048685627,595.4416711476266,67.33309681654387,1739.780263150586,35.518895561097594,6.184746894565904,0.7030781646200065,Moderate
21.772601723475233,36.4560883335211,137.61952374565865,334.5484656306169,751.6762174232028,91.99295907496946,162.46640172480255,620.5833183814101,55.02023028419912,1247.0030085992269,11.042638197030314,3.430829471630915,0.33008243522038105,Low
63.01960604004722,78.82148871051602,177.24196020816925,344.906214194284,496.9974530085421,122.06224433513214,176.828949800032,182.2766863127035,56.75253551733931,1211.19177804436,23.575330457673473,8.052515210436786,0.6226734105433083,Low
85.08555140669192,116.01485427107045,163.98315037219584,200.57721072505433,435.08442600144826,3.9427158506410596,235.4759255439495,670.5324460983821,67.20760988271635,923.0068361356439,18.269634708422053,5.9186169203870085,0.7872537396063118,Low
12.82523077136926,106.07918041863132,121.38334495452433,335.7546724385035,772.6645605785296,67.59315718954136,210.52057017915754,319.8297358085871,72.1233425571977,682.2961528284385,8.844581889813439,3.9136461037404096,0.38017529212230666,Low
68.07746635546843,106.59650852116488,254.32553172797157,512.6091238165,538.9457897313486,113.78328427001865,139.95567634093229,367.9173131911199,68.93890649482466,2365.7695288819523,27.66318227441202,9.839536196220868,0.5490861479364562,Low
30.78753404416365,81.77872667282756,329.08289752797407,597.6303028967509,1042.2027838946435,81.92167056950659,130.18071112308687,556.3546115994059,62.82510084221066,797.403690737758,44.716147893307394,0.70899833523203,0.18930160998870404,High
115.55122502850958,187.6075355396485,229.3149617772142,546.1955776690638,655.7877504952297,97.72141318936049,347.42792806792255,759.3839917962371,24.025508632370656,163.23620482792504,16.43792671259752,5.798973717145232,0.07246446101667134,Moderate
58.025477606390965,204.16137992825935,215.8325849030778,359.14734456414976,698.4169666713376,77.5014588908013,126.4037079538494,572.3674470168773,28.955488464357558,422.37542453706357,24.857055371901012,9.896204699863247,0.9822995760702882,Low
96.71910597301897,99.21429043733379,294.097210893317,627.672679911065,918.9485281033651,148.78118170234666,301.40005954076634,771.6084558570294,33.42016189318135,2143.905206923018,14.753460672967526,6.924978799969519,0.3347443080095514,Moderate
66.02718505875141,182.91537270134344,246.0618743725245,548.9621661514647,825.4325402460906,8.193230473355733,113.22525022226026,336.8037286081395,92.7695491378752,1468.650480512843,39.46268775611236,7.41070783483982,0.3149569481857305,Low
5.2095039425783,125.60727952990166,333.01823086813374,436.7937807265124,866.4738931029231,73.6567232658566,295.0564969783154,623.2384023788188,78.34555826172699,1948.0574706957789,38.907121519066195,0.36930688856588484,0.9745828765144333,Moderate
75.97816507128269,219.73620553547727,395.72037229410614,451.46943536641663,502.2555071887473,13.712482367177653,202.50463044100957,397.7438507040629,59.75801375831904,2022.9099576185374,8.044802457658662,0.2625634728147759,0.7418218475749608,Moderate
114.16840106479884,282.0639300956552,518.4823143583563,670.8686030031611,844.3826156659791,23.967834317035564,173.20568338248953,348.5640421285724,32.685123568964215,2058.9749158316276,40.49769934071273,0.40929561422281857,0.6060329935434591,High
72.19341841755974,75.81823122843191,178.05004016759992,318.71458795218825,587.8409611245711,57.45575256273928,60.1404980122349,275.9382033110696,19.980237091975404,1378.7812008227988,6.81789199752302,9.917652826653509,0.7143572253386891,Low
98.30266313121483,125.98373012359374,291.4761899862523,492.9779468521738,898.6223738251937,23.331013725073095,243.279815598438,614.8178829897761,90.88833033819772,446.91588626926665,4.294798183140041,9.796221619371472,0.7244302383606326,Low
106.10477560180894,265.6156085318877,381.8293037352054,586.0144850499172,694.236026755753,144.55307489349767,255.71994260317672,506.44031617395314,90.33994142406253,374.84071682917363,29.382057706568936,3.3783638113544048,0.7751690862783334,High
27.369572633871897,109.90291382753466,267.55008815467056,530.0455326876619,931.5104533748,142.01846650877386,374.912879763418,781.942716987589,19.962603612612238,1437.0911288359055,17.365684764145275,2.9452690718449968,0.11382976984892396,Moderate
25.445380788987197,127.07169579701062,239.47142229894496,417.9329041709085,617.7521454178764,50.41644693309057,174.30120014664087,546.9104387447188,81.74949994868464,919.4533124457627,23.883326705784185,1.5022895179025504,0.4421898487937435,Moderate
73.317718662119,192.66261533228555,239.82067693830425,276.5086012675722,370.9655294844199,95.96215680565193,269.5182791013333,279.75750966353297,50.19805623789214,1397.3303619081896,29.365685187185854,3.3249459766893454,0.3303738019413656,Moderate
49.323416376804566,171.5554051860193,298.5297591868645,598.9317266304516,978.424946852193,80.06299808906792,97.38616045572846,412.5052390088092,39.15702395474861,1248.7022213734726,2.3776757006843194,3.732991808945339,0.11704115659115522,Moderate
100.78335634400644,268.4966289409779,400.6426793003385,509.060283415154,554.5097341524279,122.33804707736529,308.62596045906173,526.9115221133573,76.51940825878364,1507.4842088453834,13.182892699094703,7.495414026752384,0.4419690470041073,Moderate
108.00277480776134,287.4536699418619,490.1046320069022,830.0587431142094,1087.442430151931,94.11684147254132,178.61584930052206,406.9303438760928,65.28965869546576,85.11891788773052,20.74078402959902,8.669620851551361,0.6353648111424894,High
42.41056551632617,172.0389084838954,355.91908493229073,397.1701229702103,429.1080149011545,0.0378681735843156,87.87762175652952,497.0641486914768,80.20270968340036,86.92751817215776,11.996433441266934,7.48001444142681,0.21957279597569784,Moderate
28.424467076937848,80.124284733865,246.072190719226,581.4601010006022,759.669028579496,114.47615784146082,144.14011901880832,417.9441120611467,16.689597456964336,1805.3799512670294,2.2037122928484427,6.482427255900945,0.33977540669346107,Low
93.66306182926341,252.01849424224525,280.36526813038836,312.2194005392693,612.7578000424656,112.02721819441771,148.74150535446827,591.5524170839418,38.67283179617108,486.852473337686,3.900445795397402,7.670705776983539,0.6572122808212963,Low
32.97672426577633,41.83648888311342,221.99056154904218,302.853209830513,580.9109805741195,76.45840583497215,122.8981698865247,479.3009660823699,38.738516537506214,1632.2351631691806,36.078654093918004,7.398049917560462,0.6003584246793527,Low
98.7137182216414,140.30827173905072,265.3845608276794,281.687540557969,484.0152495103023,135.43784598495807,217.48938812781367,493.90939250984013,39.6777783058989,1368.706897424679,41.01240416458167,4.783709452617427,0.8753461900145627,Low
50.84859043785154,212.37801958132025,435.90290360786,682.6925049315082,897.2165019175661,136.26693085356024,359.2594090474616,736.5283971230135,55.22318853794249,2454.5772061545354,6.850498609370199,3.3917214544905097,0.8016694211678642,High
80.10598791497645,126.22046051406033,356.188194046696,653.7927518468232,767.1775285222064,78.58675150565958,170.6518110631797,189.82633652588336,35.47124227728526,2089.3376678132404,11.216788078116856,2.863668132932115,0.967330499671728,Low
11.464237660160181,51.181428392074906,64.97057604252127,216.89545467811445,444.8367488901659,91.19823467948065,272.28891132028525,285.8307387343891,49.99452490787677,1035.7706307217168,29.351223212898134,6.809586822152177,0.6173336446077083,Low
74.86311896118876,99.72567172643326,304.8860618150529,629.8687880799033,1106.4962159403203,149.47831078870084,170.16518676116868,211.8398502215947,43.09998338038742,1542.9499861324466,42.942229924160124,9.59507603822999,0.7135439980910451,Low
54.21212144846749,208.85223782491246,218.27658543058013,424.88126054504,850.1077194369352,44.82303522171263,192.59773503971076,411.38039761328207,76.17664432184601,297.6371957775527,13.4815369109972,5.831494453409519,0.8674809458736827,Low
70.39301558105689,160.4035022354525,252.19590865920816,472.69840606549127,545.3148406036631,48.692586346721605,169.1653941643315,286.89046697780304,64.3150716107545,969.0331771911406,38.48461318062005,9.129638699599047,0.8479928225840047,Low
20.16170492938361,141.64248147913148,277.21747538440127,573.1141959796707,588.0045896401313,27.416085399524455,271.9055721381506,764.0362193460429,68.82664890855838,1836.0499140192364,22.77110900026694,0.19158224118082778,0.7327855599249227,Moderate
88.42484939330186,131.4567985268072,168.48199818358907,272.3620699517327,739.124226310048,134.3800408736802,345.93198334342094,617.0770528491043,28.952550467437998,1558.5656024009909,43.04513875863512,7.954982935023256,0.5252433989052763,Low
103.53564930518742,239.9829250872064,426.5613782294756,550.5543806941447,813.9292556345185,111.67325849238993,225.38070160205237,556.5885746426317,39.29519487942004,1213.755954321508,6.131639809268608,8.543346446702792,0.30954654381919233,Moderate
26.00877601089308,162.8097741040708,164.89845014710545,481.981621865231,750.9005334398848,15.846427330536283,209.63211834187098,349.0421864652193,11.904890285086685,445.44011461140934,43.81525791935939,6.328388687539772,0.8833549662386356,Low
11.485746662419407,67.75339114591343,109.90315325442263,425.24037686799,815.5993747212511,147.26510267969485,195.52478800313924,356.4232422969436,19.75372365638529,2008.8490857630738,19.844038252327863,9.343906943649209,0.7878226701254397,Low
2.8366303255603675,76.75950426741127,221.9587117307802,563.727683401085,721.0721703367483,109.6442562241674,250.22833807211194,417.9592951426899,33.854880878999865,686.5506780068844,42.88222756918178,5.919634279168931,0.8460116043605552,Low
77.03658005319193,114.78082999062808,293.3777204999512,609.021131254536,849.9749156725371,127.57831644074618,146.23308033292324,495.60093290807356,15.891734917181894,2052.095308746464,20.641059767318367,2.4433421801411552,0.18374985223984397,Moderate
72.8512843306537,248.63226852877648,477.7930442022555,522.3732568139318,1006.7047133873006,7.222618375980138,94.2448764389009,331.09798028355516,64.23691603192322,1530.9646116735087,23.853696035426015,2.1963864330095326,0.3490722342798109,Moderate
65.6036895256884,181.8121533962025,358.18631637985845,646.489816527804,982.5641599940076,75.74413784132516,132.20968324686774,391.0515095119049,99.83171043314428,934.9649127322247,36.214875439979444,5.5805708535925165,0.45364078600466856,High
27.83365153391705,196.05155006270985,363.9963676264264,507.43983496478427,584.3123509626772,104.7897430090559,284.5171968403586,580.5186879200313,19.073369265884967,106.31002879017879,32.51828253327273,9.0695151084373,0.8464343736855326,Low
46.90871950866176,101.51811736190572,200.1034039495718,546.88387853065,613.4972525228267,81.4419876857762,203.96466048936657,588.3704886084751,83.91071914023387,584.8850166392203,27.882149418777846,0.770061060263016,0.8982423390789227,Moderate
71.33716022234077,212.07752456178093,212.3986309434813,377.6969684585616,479.8293476250643,99.99711985489162,287.76473956689426,332.94961382313335,20.693462253863245,2223.2319590929687,18.76410106153002,6.063685596498564,0.3206480785425219,Low
59.612023063100324,197.46657896235388,227.50639364625937,421.3490225220366,804.7048597323953,122.68110953857088,251.50496894643226,639.9419250558431,70.29226169167924,2045.845988019815,35.65972653298226,7.709544556171144,0.7021077089024765,Low
118.53426242578648,243.03227976176396,376.67091595077375,562.0921362906532,709.7806382109612,56.15055944402943,77.77166998193907,359.389204419529,67.88418427531154,1439.2590157705743,42.67027499801942,1.1982505927545128,0.12392349584493523,High
16.372770306807976,190.18778585483204,358.970257315937,471.5782177663342,482.2726411038741,127.30030134280646,311.14221377593816,645.6899362035667,91.24452413300794,1168.4745475855068,0.44149036243620765,1.2118584225845286,0.43909460837032305,High
83.41734648571125,154.25730698484804,258.6193779589637,284.87710907148505,756.964290824316,24.43741571479361,232.74473171174503,396.520614132126,20.255105231246112,1619.6209849286224,26.453029340369753,3.692973566862401,0.5123356523642908,Low
48.518252172515055,72.04737041867136,254.71712330076892,568.1950539414404,653.0517621388957,40.63290825395621,266.5157147321544,471.209133140379,38.390001947370806,1168.2890789690373,38.96914180402568,2.7751176768196824,0.77735117415416,Low
51.38395379107377,172.29154845500472,302.7571222880494,583.6936566722497,588.4727497462841,6.501842989098866,149.4998293157759,265.08273914273605,18.170178431921713,1612.540577594255,29.390064180550077,2.023225880992213,0.8973736249952644,Low
86.11173187898115,217.38749596487827,235.9315448634563,284.76591805934055,403.331719251002,54.66402170028767,243.06036145016142,732.7103601588641,46.664499322399045,771.973228652094,36.037316602500155,2.0270070274328846,0.3704190740332334,Moderate
83.09233815892436,186.603241381511,234.6073041234982,506.4761990960237,623.9905926550906,56.98643172361805,244.9975159442748,493.4990021994331,92.04338562017004,2097.0505586891304,40.27774967320434,1.3501568726271167,0.5513519454448063,High
118.9507192442626,156.17794000827394,366.17749581925966,585.2238289369732,796.2264543598346,120.79058958108763,159.72802953082373,657.7664874291227,80.33708359556705,1756.2851441958403,33.792795713387605,6.127997430165426,0.665075811249148,Moderate
15.407314734495028,106.209384234979,287.43757089108885,430.63789666225665,890.8328124122751,97.9696005434484,139.02477240834108,383.91776143897425,75.06100904007873,828.289192927091,32.265783061414474,6.896849755661665,0.36225286749947394,Low
12.493157926099961,68.68731050854325,292.377807261667,381.28520944511394,820.8776683346629,65.50838372335,83.22976017563153,193.1053923676652,57.97247543764318,2077.511956484486,43.41356511137632,7.044215457446493,0.9862613025153423,Low
86.92065805544894,163.86463312545297,193.25394540568712,494.1590196314685,722.6062971226825,97.81709679356223,177.7955055786376,431.52170394706593,89.51371681019707,1220.9196144786813,38.86580960512077,5.3469220625791305,0.8819856605915234,Low
69.4064300407691,185.5457736928086,433.10140734657705,678.1672980994956,883.6172505953989,7.917502577353675,126.2946495126198,146.0924354121587,50.44976184171955,440.7239675199664,36.69200413122482,9.53141738317239,0.3315826874232858,Low
32.899279987176705,167.03793367152693,219.3896121590103,411.09858047320824,688.6031237106339,27.040730402756413,276.51519359131066,728.9000943022863,23.47171003905744,198.892592698799,3.888151221234426,8.811301137021154,0.5325489194490959,Low
9.530324278678393,51.330768640920155,54.27573771258066,267.6247245770431,389.3517305629259,94.04217828626325,201.79051380330563,611.0656394005262,85.38267008087013,1750.516340354865,10.756344741273804,9.578429869529486,0.26929858258488215,Low
10.278989951571663,83.23755486802327,332.59328963141184,364.4664533601752,390.55894934335663,96.20502288379534,277.7656700106381,640.6759303577804,35.16744952465541,2163.4764064989863,25.05402109462903,3.9185150073654205,0.5387787229581681,Low
107.30290495969419,155.75198773818744,226.0204590994657,391.8923754183829,861.5044435039863,116.12019880611408,289.46945537424773,594.3828130954778,14.827018692200326,2019.5677615433863,31.930204723866616,8.783942441552496,0.6991657275821206,Low
23.02407896624915,58.77776946138559,225.78263258952558,293.5777350645213,386.92722750310764,60.44996385804033,111.57045142068523,401.4875682558668,21.343422760191224,1640.8493204042688,13.64467019852146,7.640603259098493,0.13124503815333843,Low
38.80458745386249,179.81428705311342,223.98486559718972,296.9191532502786,396.11951787313683,108.38311449242343,123.00990235478254,621.374009394514,64.81530245747334,357.73076373389625,4.19976509043705,3.4327303851884294,0.8766113445669081,Low
27.198768267238563,190.8642532658972,335.92138631568264,567.377773116086,803.6079375430598,102.59704988402841,239.0987377674253,378.09745477739426,64.63737675290552,239.63996956175058,13.999463406686148,1.110602922116982,0.6140585750242543,High
42.599556699832476,109.24135012305629,335.25009673669615,654.1897498786971,899.9964222988624,144.50900675547737,319.5854048340964,709.4275875168853,33.4164853973831,865.8489094142548,34.696313126123364,6.8420814364732365,0.9901227536481516,Low
8.330861129531204,143.56106751680923,223.60635937391888,364.9211730413401,374.1382778917111,32.269533963701875,281.8324815102659,572.5348666170946,75.44621331513811,2138.002671544928,39.48304632036179,1.4077006250127095,0.07431193188702805,Moderate
62.28717490899244,223.7463269945864,391.3098210056762,464.02206655994286,537.9994359469282,82.75193456289593,172.40469763318862,660.3449695126312,79.62761398595809,2404.531994415127,41.08066417549543,2.9730692796610647,0.8399234335433206,Low
8.113507631065788,160.41586552650747,207.3917627261116,434.4531907589406,623.5306000393115,90.2646663165704,314.3558068368446,728.2573984859707,92.84523635202564,607.1953328434428,17.049000561486647,5.028627535615683,0.8023648958418201,Moderate
96.04278093868339,128.94919087574405,285.1480405554254,590.0635067780365,931.928853533306,149.7971827401331,245.28029670742973,744.5428532022261,62.64437488104133,1906.4286981013913,16.76423586870884,6.814831224727307,0.1762098864380307,Low
28.045449829251965,200.177988501657,284.29057645603456,546.2021568489063,660.4113852648742,30.177621324997755,202.53054843262595,496.69304566384915,80.14810277328155,1436.8036961834782,18.301836193730598,9.265965189113183,0.36854035332923635,Low
64.80142975254127,132.60318902984451,185.40525367683244,489.47028436463796,700.9775074855193,78.48270299509383,228.04593562435682,330.31791439682434,77.77897117944704,84.35938085946714,16.91142612396515,5.9527384462475155,0.8905563928919641,Low
105.60949050737499,166.67280951866553,244.9683221945743,432.7624570483541,711.4349894065875,51.92779615704583,65.17249448269506,317.016012330062,33.20281436204736,1359.5762930826847,29.978847337824433,6.730560341737343,0.5425315803186416,Low
78.1052842856633,89.34292319566376,134.0531903226136,397.2098758518304,841.5061231634764,78.88394528684996,98.48105202941458,454.0366190547019,37.92033351438934,2015.8213054584412,16.124546795939672,3.134637809002231,0.431217413093877,Low
63.95493438616023,151.46619212503919,376.94521908450986,425.96781486013765,589.0030660236994,34.81929031546589,40.010312746581135,427.19050583737516,53.06341561775843,693.9263444433461,0.9154771476410622,6.888561533463961,0.9102216106382996,Low
38.92005037384507,58.54250118921224,157.83922276849444,279.7353381456114,346.51447107735316,7.141856764123217,99.85037791262059,100.10537242059237,11.713507077632364,2243.9172518063,19.75610703095423,4.406011701264241,0.13867729825320835,Low
39.96022956698375,84.69739733392043,146.01722357751225,282.3594311460451,526.9955440948493,85.88481808465333,272.335080276156,524.8486245273031,36.76579958419512,594.469715152219,10.086842978036449,8.57646526969355,0.49946664375714356,Low
80.33843462378282,137.38810654189348,249.49006679587671,428.4435779819888,801.8043788240199,50.37814737912482,93.56699587680549,211.18428586212877,52.64945860098142,195.8004659469155,1.2963212003078983,3.9548826133196693,0.6697553930765847,Moderate
119.2967233465401,264.8854615750432,345.01950327666714,670.1962293665554,725.126107892922,27.291210262265047,178.754452358239,616.2103689856332,19.726236575302934,404.04857705171224,21.18793281903217,4.709306615482741,0.6281143670642619,Moderate
79.42070278192543,237.0086598531868,423.1134733065183,729.1172693842793,941.4590152327595,48.590334911705064,120.79727991947453,197.2500019445888,21.36482989976129,2093.3221574586914,9.267955163923189,4.3542481812570655,0.3010626316884469,Moderate
66.93401008440298,121.37794722746753,364.18292519884113,411.26684750005575,420.15941813129746,7.392030217161738,206.64018621192977,539.8683109993465,51.6913062163607,1046.178268003623,20.373381667788035,8.120672201358481,0.5851472593076197,Low
87.67806122870954,242.24372305273283,351.75213722714454,412.2285153860067,429.0081062096323,142.5663351135155,342.16537236426325,475.19646752672566,75.78685284273381,1993.379181236036,12.498749397462893,9.539307010268457,0.7231336760716827,Low
55.82467347404618,210.12624220060854,425.38459219366865,550.5587845497876,792.0354661581204,87.17218724598906,281.02581598759497,459.29688759473106,85.03740378286149,1330.4264871690398,27.166899162619494,3.306399194783576,0.6056411369603635,Moderate
7.217081112094226,144.85425218137146,286.32002057127636,388.08037363301224,537.179022708477,122.21530220205372,253.4236806523979,723.7033110308203,59.168250775427374,1203.9950163621063,44.58948240932818,4.7765276125826635,0.7002391146784562,Low
67.47561790534918,93.88073842808186,133.18965470164022,348.359488306332,770.9131378090381,63.46772963215956,134.6094071521225,254.83346985616222,52.727408879205804,2018.248312973701,24.625436432024923,7.073966353597694,0.2932748024193509,Low
114.91503414064563,239.17314658277684,411.82883210311223,727.800448820703,1028.87760188393,135.49720013492785,337.85821110458653,385.35959201605186,44.58525116137797,1061.601591222378,29.110316260174653,8.959047139245573,0.8412065027581935,Moderate
21.036353082919156,191.14068470742154,319.4993089888766,656.301348574282,883.2678294457771,72.497733232838,119.02287371764838,153.6653244397613,27.36540931938456,2006.0716640105888,41.36740909880406,4.962321933617905,0.4772050601357213,Low
82.80058689847989,205.65787307656817,368.309503889594,597.0705372769232,801.0382228040714,86.09179833010042,158.53169883726443,410.8392538869955,23.190580253292822,256.15210158379676,16.830018797629123,1.1334904068559364,0.9878626518993403,Moderate
24.112042639086777,83.8030754784969,306.22492862141314,599.5806491117935,848.2033892065751,73.76909700939852,119.75602354955393,440.6117646916979,81.27068064956273,1592.595484770445,7.4946802403512365,3.718280265838149,0.07212105463359068,Moderate
64.29932213676975,154.4035992743194,264.51224193833093,448.3330120191099,468.5524276254406,109.99174438014774,278.54428447705965,442.19110626250324,51.85059689911026,1757.9547060972018,12.725877731874897,5.526100760129124,0.41129960268526117,Low
11.601173957606354,127.831681760796,353.1260875651349,426.04051896614885,872.4371971764788,84.99841164030936,256.5574186692639,601.6872895658043,81.12882209317792,2248.248003373648,18.125772332154718,4.204369829362023,0.22145129968985533,Moderate
54.04451235098222,145.94718592211285,333.61443949252657,517.2553837252436,1016.4069615922228,40.73983853705966,203.86733673374792,234.38419602036683,73.36747323105666,564.6881771969064,29.02579565651272,1.9062294815412972,0.5778290506443508,Moderate
90.73959946742953,112.33112897900409,234.4823604485003,428.76127095167817,519.5048333810275,21.830929698396943,125.7312964145639,554.3986188760023,27.450632294504096,1512.5286008316646,0.20646132433744635,0.418045478665014,0.28104483965493204,Moderate
41.70858290867785,97.88011094604155,248.68564486053248,508.54579233527727,568.7372747225871,90.91865833244665,115.96141013280496,524.2450150024239,55.92765377901031,1085.9751264046115,38.40224466451429,6.8897162274949535,0.7506040492391077,Low
79.78940693846616,224.22069243812,305.61597556787285,382.57502196544505,454.3637536897427,73.37699423205544,301.1693903608107,793.9175260568536,49.96149673804126,960.0152805823525,3.4242287872423702,9.927735048232568,0.8877725692206428,Low
95.45399529476751,250.50924359196065,496.4085685266542,625.3172022570103,955.8307313741939,14.39635450441694,141.3290955074765,609.5815859583993,48.14861554816271,271.2503202538339,40.529481701334774,9.19610600727134,0.25034013590300536,Moderate
111.26133833753431,135.97534422633694,302.81313498893593,430.22274921403414,760.9431684394215,59.34261986899026,161.08566859676313,339.1842505562272,58.831394428343245,339.91215983438093,42.72455345422045,6.848545563065094,0.2026437373867085,Moderate
28.157049822654425,199.58666525442484,210.54837837858233,546.35223688799,970.3143180271954,77.21646330006804,224.42268661214138,424.06037861992996,98.38737109678941,2093.2862113118777,44.55462573504603,8.423221594738472,0.8815893264420546,Low
47.91790989711698,107.10598110986666,188.76145754686885,344.1421936612205,720.0553878743472,124.0339850738385,172.23159402861495,545.2140177677447,83.16105379036708,1875.6348136522772,36.42795829830949,2.5944898037485715,0.39320831933408035,Moderate
18.289921599650093,137.5063945711797,293.3350030109441,557.6178915652954,782.4627282499653,11.415158375004353,44.55235315122295,111.59373912871456,91.33411884673525,958.9411200762958,6.383498667306867,6.243222638980541,0.46285445321107843,Moderate
119.09802025900503,254.42654653120763,268.5098659810176,531.2938494620712,837.7215302447306,52.27430223690044,153.65560760138635,310.6629627238038,12.66756248584338,2072.074020567129,31.777516945133385,0.653011943219706,0.25992102732135886,Moderate
111.24011615091544,257.39043838573446,263.36148621552013,356.3019508966546,700.4442860806586,123.39841840655781,180.20359193153544,239.47406041935957,22.630273011325535,206.51163113482824,9.149458077367942,7.086480076758954,0.45404912464858976,Low
64.79485563366715,235.02980203433458,347.5358619162852,547.6902531963915,804.058488339004,97.26358976573681,158.33616340002794,385.77938793644364,17.628729420210714,1563.8109229977558,40.37075260111818,9.700229773291472,0.2697350694240971,Low
101.04399532517056,157.36951397035864,240.54205889352613,553.548071555053,791.3735637808713,43.49374827056802,266.6216202152004,542.6237601578591,33.6907904558749,2171.099251522149,14.247266654490513,8.614933206817698,0.6826310686024719,Low
62.51495727264506,217.04611909192488,326.62077110021636,492.93997291014864,815.4886957314752,126.80026830339635,259.4900625998526,365.0702975812288,49.770324276998544,2097.9662564229675,14.705818968376851,5.367686703977792,0.5239325918560829,Low
74.83028256033117,98.53392517884843,164.20725264884973,494.99838021874086,773.7356547065677,73.99403708440386,194.86130316524162,208.17714662229412,67.78479228903007,935.0929860549403,41.294398316169,7.897965182162126,0.7986574236647634,Low
10.694931853921993,137.6022949975687,178.7817317333139,253.84211199677046,575.8132646647256,74.75278369656908,247.12268212871842,606.80059800398,55.074813965794185,1864.3584633771877,0.5953981852667051,9.441793158984238,0.3470917102639297,Low
90.63245045961695,224.1884417721344,396.4742810172188,422.4299680381296,728.8573550198115,146.48810088005766,384.37512929924253,394.3777115123268,91.28655234218257,1071.5330230720945,8.72847681676064,2.199374900495193,0.5303152646860858,High
15.325618036228178,137.31580145246585,265.95858051941593,577.9674361200782,937.5657163769056,142.06747548545675,170.11711660309777,656.8184210672758,94.58703630044774,2101.1447201529236,18.98695199535548,7.942922204124911,0.2965471568282777,Moderate
99.12811563030341,144.54476813463094,194.58332094697266,491.27174023374846,812.6734946251865,53.779902505476585,262.1635442827909,372.96717265398865,24.716885607771303,1329.2510656367824,31.532470528958683,2.734977231790091,0.9377502337342999,Low
93.84337052044631,250.9911369831829,330.8884935481825,678.2949501250282,938.1661933436619,21.086869299462347,167.0916642664238,499.0417103245693,86.76216282383065,1913.3183375170777,29.140477472013092,8.775626848299682,0.5458388844015479,Low
85.04936372915718,115.44388713582828,263.3958640516597,501.1835848910089,842.0819905332021,48.85000984171411,85.39134829467343,302.767211414668,53.35499836119709,201.03609781772093,30.123534382521708,1.0286273316169474,0.2147893715020459,High
4.339245662971454,13.993508136721005,32.05084520484047,359.8916195383428,584.6326021310568,4.572489046708206,78.85981871895612,108.69674888750973,50.79965241856459,1477.1147991641128,39.60099127847989,1.8232732677549226,0.3091273762495276,Low
36.375402713439435,165.51910102358363,202.38235334012853,491.8145121195673,612.6501251058678,3.1151830065586807,123.70553712274356,359.7973404399773,80.64454136361114,1377.9590227859999,5.446368553196548,7.220133811544427,0.12875686591785712,Low
31.573508389301143,117.1591371311932,135.47053815804074,431.0197547500711,431.72886481702886,59.328320437712875,232.1226065820686,490.5029237304684,18.382645814038895,1526.8919207292247,23.497276329844667,1.7890361634393273,0.07642519581784674,Low
43.21636889658229,196.054012489144,399.13334566767367,598.3328953266675,878.3149688995891,141.1529734045851,201.80472764294817,629.1463316893824,89.4243814677232,1740.6258117493974,32.64649600961199,1.6226403039352915,0.5496257347671374,High
10.517129611660625,79.52861500214723,267.6309233051495,401.45853257599833,696.7861458803188,130.70360118483117,264.4233050517287,630.5978398756777,70.37770190928532,2295.681880235184,28.625329931587405,5.576895430118776,0.370266776399325,Low
112.43493876372753,142.72508469511584,331.0533176649301,658.1486430550788,1144.173125442936,76.71642508764346,247.88433194160888,287.53556931830207,88.7735446892198,1965.2767940311974,20.174135397267037,8.358123015205255,0.9655847824972911,Low
66.45626888548516,217.01586353006172,396.0971993990687,547.3382108646317,728.0773779117695,84.78395717562461,196.96914488750116,301.5504866036337,99.50298199368605,552.9967886300873,0.7701563642473785,2.721250881482559,0.21276482654341,High
36.66291727896282,135.4666509741757,302.813006891643,491.39978542902713,688.466406843183,0.8900245119084715,216.64651479195243,372.5903568994263,56.6204007121528,2065.6111918837796,2.720351954154809,8.419324917919576,0.8042170201000981,Low
47.63778204891401,81.69302467917788,200.94100352372163,357.0810110175373,457.9808016886324,32.32517337506483,249.68994908516592,307.8937923175757,18.39359781180361,309.5887956496636,5.352359708422648,8.089136295632448,0.3501728700832576,Low
53.66430486058028,183.3334246061405,343.9029654829193,541.5893753689883,576.8565229876492,3.7161190401575617,121.388923450269,349.8384589075143,24.987147663779787,1557.3854712592986,15.44524887759136,5.812098739545387,0.26236051675576993,Low
72.07132000327408,164.0717749313842,173.66216362837787,338.3389412756924,724.7411877065626,113.18092990430813,356.412357506533,848.5669529378008,39.1256418298879,2207.470751573628,5.29440537002161,6.483299399188337,0.9711549780512421,Low
61.881531323579736,170.6578681268373,326.0239737910334,342.81261929385,467.6531514635125,21.84686940397466,40.74314250533649,298.0495381242173,19.319764792123863,257.29952526618536,19.173704087817377,0.4523898067884866,0.8124477688084775,Moderate
110.32703678573009,193.28873766291483,387.75816404713413,696.4750291498286,1000.9274596648477,130.35706537152254,131.19765995225669,502.13874411384137,83.38076435239928,2124.9831700091,8.038889576351073,3.7029988051219465,0.649089846873065,High
59.63561794869963,208.8032350359408,333.89282513203835,489.43066175255774,833.3171795252986,96.49864705136824,191.665713002348,533.1346118520211,36.71810659294916,1997.5587319044628,35.06247888867927,2.6707795646276073,0.7122649853625644,Low
119.05896177879752,268.3802506017465,357.75858270855576,563.8888596861278,799.5072033319517,34.412801477357,184.68706682048432,609.6427843665533,97.82975692178788,1261.9197074284816,39.216942752049704,1.5425384142383503,0.9918124011080603,High
102.17099492941149,229.86098285780102,299.21766655804583,347.9333975233413,786.1094540369371,23.65804756248746,180.9580869249027,288.8198321577074,73.233228873867,775.6995177270331,17.534137858567913,3.9271103251119657,0.6135470383836424,Moderate
25.021261722880297,43.99350965424351,204.6940221947641,205.8797689886878,427.77718947855215,94.14370513845796,213.2551392119151,590.1682700584292,25.608733323000187,1016.5683790385019,23.00992943920374,3.5812967536569564,0.14680542826661208,Low
111.67142575726996,262.66512090000236,435.8654205574795,521.7169533327545,664.1712648536371,135.12554704234853,166.34637535251008,607.0239955053848,52.843838224954624,2421.8020485720285,42.90733087024237,7.302472197390783,0.1116228203663123,Moderate
13.963967746257131,134.7463042421809,352.4882042078166,599.0933154544891,1047.1010769353002,107.75403283715724,150.3784132841308,236.13332477425217,52.0195799469989,508.2354025988567,24.09784899068792,6.001058587743695,0.6832764386001797,Low
98.093965018943,223.5583148997169,309.14183551496455,343.85992105447207,774.6420631794504,52.28199774050664,265.3189937035089,438.7201035975108,54.32604925002705,1451.1126981355887,44.77829471295412,9.135345684580093,0.6747210867288909,Low
45.67479521718961,111.0117064898865,303.4547833362829,621.5653874715467,703.5853610097532,88.10753929029707,305.08532222511235,790.1362043908931,58.2122053578642,212.68566595731622,6.3958947161424575,1.496805451405597,0.7607651033291842,High
105.35691845340834,263.62723856166957,403.96619460900405,479.2240938836687,492.20460306062915,46.614254305863206,215.08888877104323,605.4828117609395,12.805577408595777,548.6431951519846,38.800188926851426,0.6444986229690837,0.15333979372098305,High
104.16680281289405,234.7336908551684,455.4428135246882,527.0505785268097,572.04335670162,149.87243501679882,315.9269280865194,457.2223443552856,71.7671013169261,1909.474388245929,22.37413512028344,5.36934748553673,0.9476571610174132,Moderate
96.71104801411454,116.97733198936955,248.93035906327475,312.4581456307982,455.7318449077067,112.32587826927768,261.74641027622954,543.717295098473,53.84725977595989,759.9846056995153,1.0221350062350671,0.06022002917731147,0.5736004932151125,High
94.80365235684737,168.20369854995664,297.61115564944845,302.50475518942613,788.6346560602815,92.15724596351305,142.8887173890101,345.0517788137495,81.18688589818291,2464.4863460540228,43.75003236477068,7.887803484192907,0.6670777449701546,Low
36.561496691764894,196.1099618445904,340.5792322048177,610.7111461721997,889.9692227526123,63.48887141487438,170.55154647985017,415.5341346434151,83.38146159343876,1254.5385225191308,43.427155488451106,5.084430242415843,0.08310976420922372,Moderate
9.710313966150261,18.20572027167848,205.53455905728708,511.7966449931276,698.427511007762,92.7228435389336,266.6965064047783,444.27960210013254,30.74816097925457,1293.7656166428183,17.24718780822992,4.906252481776041,0.9629255037897951,Low
48.35762145181938,221.4126129873883,462.58523269450353,677.5421786101731,1121.9002259165463,51.24240937010022,185.5554773709349,325.2209866361052,14.358065178410001,95.60527464265947,42.93639319886572,3.6568349883055347,0.5844622563067512,Moderate
20.82294179838104,143.07220409590235,161.46304264984377,227.33303623779557,453.9012019770454,4.3297259187046135,8.974809432479407,346.35633012818874,73.29104705010903,2391.534240195279,6.345433900734558,3.7809896696801872,0.5851949573448972,Low
83.3941306682954,197.0418066441032,210.40045724185748,310.2477561711654,467.86707037167594,59.263278353494925,297.6524800335195,686.9233875765783,97.9986509617487,439.7124350066228,30.6049563504307,4.339780098594026,0.9463775504188608,Moderate
41.53196718453427,90.23263335237272,324.62021770420733,491.19456178194446,961.8043261547732,139.57212293698004,350.77613608001593,787.7546974536883,50.199218792281094,1348.1597940320544,8.636804409952555,0.20952182703900035,0.932882669274484,Moderate
117.07322410318979,161.85574607624164,294.32465245579317,628.3457355239484,1053.1045686202874,93.94516421607987,159.08141774351435,236.74640140260837,33.36515286342362,992.2081518470353,11.099125635067244,0.8812805828012362,0.25928366222637955,High
76.91664928143985,246.48712878938704,400.2128824311211,486.7858625673311,908.6200502770516,12.593355460635241,166.70808925220928,578.1358510748296,24.100470512513287,1041.8838283577913,35.07018467411724,5.075227799111808,0.9345438808106329,Low
98.69766763612331,152.3867093982654,272.9926097969476,529.0686761689084,785.211047694015,132.74904200925388,363.5588879413008,490.95930017983255,35.870103765152656,1610.0339142600906,16.981113805438273,1.5437165389370506,0.7497902249110584,High
15.90296072902181,155.49391413844168,178.9082772903103,332.7151554428324,727.4343548505599,40.331227401227224,64.33398042964006,278.0021753846654,39.51275962343048,1656.9112493457312,0.3207376272879531,7.798687953052631,0.06795569096484658,Low
103.44173787271471,174.20366154998896,366.2260061546556,470.4725780806632,560.1492577129392,36.56542396240911,162.32279416158428,613.0446370862076,48.1487269091018,389.95009407095165,18.640729088801756,2.781127481345031,0.27785099130142143,High
110.73086286160732,135.79659560285404,322.60275687500075,482.1733348327406,768.7848136108623,44.56364531704812,158.62440177862175,385.8762022699227,68.98664108931278,1251.468699539121,10.263119428483177,1.0241013916257742,0.442331138197874,High
58.447430258272306,60.37618384343692,138.30201421663992,163.2243653560713,655.1473267798442,86.58033541889361,189.1315867397767,287.6633537619348,34.584675047220436,1977.241235608933,30.749846110123105,2.3903387627393253,0.603681332730467,Low
72.7503525301173,170.71667319286246,247.27648449996258,526.8170643255894,672.2962795845702,81.70321401509649,290.60036623832775,370.53469385688663,14.587908712180838,1110.9997764628126,8.750191352557513,3.6031273900500915,0.7162632439642546,Moderate
91.77717610835946,267.41736344716736,476.877708673547,562.0333834675855,959.2095480914231,73.71206319343226,168.8735998677966,405.3654831938635,43.59507504154476,418.6821547123174,37.90140877964141,0.4014002555190919,0.24969987425905438,High
20.980635271249504,87.42515015690631,105.51446459223797,359.4087077097776,604.6479113138112,107.63052952689405,123.54636283714595,504.88257482542303,87.00666545431682,786.4762731759432,12.019185544867392,1.4596714676439737,0.8448654885600045,Low
60.30792917561309,124.60254929436115,344.87883638350263,368.80076639037077,388.7036080014144,47.48065970024385,63.94009524131947,562.5426672284701,54.85163597666954,534.8870124421502,17.686271622735617,3.27227520705132,0.853429557694697,Moderate
47.83956333267757,109.77605454557715,173.94147701955575,508.2259716775459,889.7356705853796,117.30967823586467,127.99582986701691,521.7001440824679,96.83053819708688,318.91458244751846,13.41165873586941,3.139280714407152,0.6532488782975485,Moderate
17.564879059469895,111.2627697743444,259.5089567132179,327.0642016052124,411.3487738012688,26.29825175678987,128.58460722529918,567.090586696726,55.32593779798586,947.0649129512077,28.97655065142146,8.0138476307704,0.9250392149899134,Low
44.10413067498377,123.42380969135661,357.4223544418011,666.3820811142792,982.1188646806543,117.39311836155139,296.9946877861414,670.9108682535855,34.830893522966306,1354.6359267791975,4.552359355187852,8.440391979360898,0.8223333055523285,Low
8.180677126259228,166.56530993712184,336.09593532128343,619.4115586866856,662.243655710172,99.57151578754242,150.50213127017128,598.2196816482242,27.39825975206931,186.51505556519623,21.514471771420986,1.9745150614783222,0.26054247632886385,Moderate
3.097428833938438,94.0911713441667,197.69862446092583,536.4495978894214,1009.8832966374039,102.48124643213798,264.09837654002536,302.245148196982,72.50720471070187,1511.5393137093176,15.050466684677616,1.2832018449328315,0.8087430229948425,Moderate
16.219954698578732,107.61636557252112,279.9999177988749,447.26164912988725,593.1235927200677,72.23300956908899,244.00512759501504,708.9709270858377,58.27431571996927,2482.5959782231707,39.78620834797416,6.359916718998112,0.9555419748154498,Low
115.57381339070086,140.48070044040105,226.47560951949362,481.0646623655766,594.2970082042741,100.0502299021297,163.8507609060292,362.05383776885725,64.35990360958974,2410.4917053901086,3.303544210847657,8.056004379169543,0.18072612466750937,Moderate
65.94354430740204,242.8366616712715,312.151265758568,441.8999957217924,506.46819775495953,11.969556983918611,162.10897099907592,622.9160826392982,77.9614110400718,2073.7878375879013,37.336277921978464,9.639044817380109,0.9797629905514776,Low
115.8986593383864,160.89377969477573,410.06459917844563,474.5934824853385,947.5945791548625,127.7326675574051,298.9497525641169,336.8161712938547,75.33131178384036,669.5210764419955,7.545621443845912,0.11762303322781709,0.07374315693158574,High
51.89974539961584,65.10527754234431,252.80283533729124,407.87941186399837,763.831283084651,8.3320850231469,124.98549072367832,482.60696928424625,13.90269701514043,60.90695321602141,3.9859946968479814,4.166097228596704,0.5460588825350837,Low
37.41793597023115,156.78426078576874,317.9642551312231,375.97641051718233,746.8068548762267,22.31122648072462,106.49037580074838,474.33475013585064,82.23147147655254,2084.686548692713,9.10452861553536,7.353178949239136,0.78519848202956,Low
60.73702354082929,167.90297016906638,256.72538097389605,600.4409989491304,850.1432796392527,86.51845627458545,241.30634416816727,739.7617888170537,57.94329763465403,144.02197878688952,4.619384190531467,8.294165023799827,0.8009161974189416,Low
52.741402635949214,127.46762035464344,139.75782764340548,173.4440995426562,410.8079921778979,110.91171831850373,355.37349015051797,739.8011254954249,45.253767773329535,518.0420632695722,23.44427766909565,0.6697451893968229,0.7479389406889545,Moderate
12.67976211140927,88.67436420993133,96.43858321872023,302.6626864271374,357.67330792287567,11.437734651938019,118.14808699418253,309.4349399019859,58.376748364126335,1363.410772539727,44.46967288121016,6.822114468668066,0.5528838041155039,Low
76.89915776282474,218.21066355118234,356.755977413382,576.0183267523016,855.9388745442975,138.11472211834797,236.04849618962822,514.6727719989009,65.12063036115924,450.05320766339076,1.544730836591648,2.9249402381197513,0.6684161059668757,High
25.924581901151953,61.152857119088786,251.66103737885155,439.9888773847705,563.4471249391657,146.04114732010478,262.10787292663315,445.38334200992824,23.455567888641728,2085.3018865901117,20.75077571937576,0.7922397453645975,0.7149355763704581,Low
74.35055458773955,221.9961519978197,356.3409496087835,588.1060096079252,1076.6786760081281,90.89252595115666,109.94712431241871,207.95644696484777,47.56738557938005,1944.0134421682735,17.37316480985378,4.916570688458939,0.5198122630032008,Moderate
78.0241310877784,194.79861158888167,404.99487957366034,445.65815082782217,843.9486208353958,72.18651830652549,210.477338224373,334.72850197550974,40.202758916936546,1890.6449168144381,15.282288641088016,1.6236257648812524,0.6159007263779057,Moderate
18.242982375437773,93.65754165575217,102.01417492905757,296.27065840090944,502.76668849735324,111.20924584196246,193.38359264627837,304.3888597834389,41.53680503362346,2041.2384016644535,14.93386246950124,7.3832248047137625,0.8540496507846945,Low
7.361955253280179,89.80710623837652,181.49512534486155,282.01952523943805,357.6901545852046,49.25360284908081,79.60913343189644,354.0167985135029,18.220144456657742,553.1559417602072,40.2755740481908,7.425554907009562,0.3472350700885358,Low
93.69139032821278,139.88788762171004,199.15548541525453,528.2171075706244,920.8829531400164,73.98966511576597,190.5538503951093,643.6341676610559,24.385913920020737,1823.5864784936246,0.8539267593781819,8.42857426162572,0.5470460106202008,Low
55.17605085231842,190.55663073777387,302.3748727770544,569.0999514809585,630.1268350216164,137.4226540221602,138.26865066565455,594.6319637098534,24.564886082759923,891.427348966453,34.87123743210623,3.806808417220134,0.05805573497423248,Moderate
6.979655460657095,99.29710907560529,117.39120737413592,457.77127613004586,552.4381528785811,143.34831378623002,243.79462507691977,271.1765138398325,43.5902268899483,1668.7776751231568,11.381993046267375,0.18243248244490406,0.7030645797879536,Low
119.38395806037205,177.1377757553439,415.67068614811205,428.8153105571784,534.5755694292922,139.06036740767775,165.49418438929035,205.44388486523712,90.50423903873124,309.4442129347811,17.248297986790867,2.634372586826073,0.23561619138409967,High
6.933667319563996,114.22268815653504,170.03653842387527,269.83314973712334,548.2784688736706,39.36721004457603,45.4403858945211,167.99991448069284,28.54246347288484,1765.4385172609648,18.906746078185996,4.704726410276504,0.5069511910280804,Low
83.40422746302639,262.6364288322645,493.21337270316076,561.6112780265829,955.1396050217661,34.87035603251451,240.98911759364003,368.5188438283775,47.45732569073241,2430.408781112445,13.712928933318453,6.955412230189701,0.24969495546643633,Low
118.04147103160963,196.3886813697893,302.86197012895974,306.7660756881004,463.9235150504465,44.64967588939714,273.71187671005583,321.1564643296814,38.044847376922405,113.78291147019705,4.210148782592904,3.8513038275830764,0.07235702884956768,High
28.701612505911072,194.4260646460626,440.8070979598671,525.6211035460797,567.9560106837243,66.19666685826903,118.11532894804569,312.3469995347659,80.86449812962043,239.10310841187646,5.1448881973245655,5.383681540868023,0.5090595241131157,Moderate
17.069924242463543,79.17295542888544,217.68755129393813,455.2591455260882,687.5283772882979,47.12511191879454,181.94967787735987,475.8123742230035,14.511378908873453,313.4737345083446,13.415900583718994,5.266422695184382,0.45359192628017164,Low
14.566192730691467,24.418079977188924,257.1262960211408,338.00741876823975,712.0625393482076,56.131919360858696,125.62145864360494,414.7025589433367,27.688905598230136,1079.2569428285467,36.981407379926274,1.6915743761152497,0.4538920378481616,Low
36.393017708111465,73.15659685442867,74.49384402798438,252.64504994690077,363.4769714905949,93.09554281811393,216.48990248615945,488.2047431154558,28.957738811931495,730.4965614079689,6.058244375433533,6.249342525796126,0.24836585193242677,Low
12.125497321277603,87.49062312026076,274.5503246654858,585.2866649032353,695.2489389229224,114.37885156409638,223.53668178763644,392.87264423138504,99.36665202819081,2018.2657830840308,33.41879249156688,4.420554695643708,0.9498443602607702,Low
83.05936100329583,122.59364815031826,348.3563114259471,591.1715835481234,1064.7850972214787,110.33372974018755,177.59649351030896,530.8243361685993,61.36975161696732,1187.099161806399,12.999137824317945,8.088791081442306,0.053331794220159774,Moderate
7.475015775607523,7.51588265489352,42.44602439963204,180.5661988667432,657.6430624263321,122.16353506187279,297.2619299706972,710.5039004612329,22.50624379451664,1213.9206700079383,39.75592208004417,6.921581520882553,0.8969681774974717,Low
61.13065537797476,225.83093217252966,249.86239510556754,380.2265237248055,875.4593897555937,4.827660482310325,36.45040031237388,209.5875335510781,34.49792253489089,1794.0100628067576,19.27478139302884,1.1591184026656687,0.750056826982508,Moderate
119.60362246235721,271.50191648392445,377.64506828041334,537.152603183383,940.982403970773,7.1600684518134114,20.428263994655193,63.19594364438619,25.103988471063182,908.1126114266856,7.7275490983819,4.9131461798638565,0.2134684318566079,Moderate
97.67643234072226,231.28903400837277,464.7087605416066,526.6732649125738,620.7653494965466,118.4074441032944,310.3263023626142,458.4914279085424,21.21441126575032,886.2520823140565,44.36300025497296,7.039818867017164,0.49858238698837676,Low
73.82633258772131,104.03295980400647,239.62959985161615,461.529868447212,567.5206288468427,79.96182334869478,246.44433115386477,315.12865844131613,81.74638255671033,1893.5313371305638,7.948553365346021,0.915766671783059,0.989407577432859,Moderate
36.7504344943934,58.41587821219089,190.27999414262393,317.7334808292359,487.8461015904319,86.72110106431805,211.35263210091756,445.03199571450796,54.617736579431934,1951.2041558627282,25.542891955452124,7.935345473938483,0.661513325135092,Low
74.86750035499662,87.03635526002559,122.31788483485605,420.64575707657133,579.7120227433168,7.888029032156563,124.83547165029195,202.8030473083311,66.80891231639032,40.92493746938469,25.61789151432604,2.258944920711774,0.1710078876277341,Low
63.244975669398194,193.57022964852402,193.76760742182873,458.5610384420644,936.8249129810689,38.297070175690635,162.6499150485472,394.0722938775358,39.812612229279644,363.7572372226289,16.776605303000093,5.055693714963212,0.4847601269136102,Moderate
51.13000606684458,218.31543899066392,420.8504616770292,634.5300691092853,1029.067060550132,95.75314573282166,205.00916475748988,315.51061091981376,59.83255774605965,536.6799619654571,42.816986664710896,9.40858481035273,0.4947929417441717,Low
15.685245208823936,93.18169297317058,115.07533371973014,242.54611164706077,604.5505077278377,128.8772835166014,227.1003574743962,596.4659102055977,33.18121292713274,882.2431695509014,37.974355308527926,5.734775636481725,0.812150166238953,Low
106.392505828856,127.83782678814467,286.30028147197567,359.7764225576952,452.7580345867611,137.54750957721038,262.47016029874044,276.25428071666323,37.72326474354114,732.1629681627229,37.34188023772089,4.269341794454276,0.9203547861848476,Low
53.974157858558705,146.20486559033787,374.85897921913573,646.5121316561037,1101.2749113372686,75.06292437526226,207.19171716520236,484.56486908116517,68.70141499300597,1672.9575207287498,43.836837094326505,0.11760952762146956,0.12812946612429782,High
23.354701418491807,86.14444476104524,138.30742305065297,308.5506076975332,722.4857974506201,81.82113491072964,254.79671343163488,339.54085089166324,23.531511332730723,2071.1974083383807,20.56992021883426,1.3774655466020769,0.3483354226051906,Low
44.131122105274756,111.59960848827434,277.91781754750207,356.5803309095772,438.401251573539,124.95744466034863,302.75923484385424,303.2551670786678,65.54996732507158,484.2570209782803,4.373359902901318,5.807705656724976,0.33351622054085917,Moderate
49.69557030347124,161.53508265149856,181.20972682837592,249.5208420923781,685.1060080728644,80.6436901121032,175.05096014713936,609.651004179543,86.70113347808146,1409.6352512018611,34.44551664524072,4.963559154504694,0.9962457186730673,Low
99.30454746802492,228.67380785522136,379.6125938146246,437.5029103901002,573.6266785753359,77.5287788305976,180.9139095164698,516.6778034235036,20.838090356269216,922.7015464471848,17.136566075337022,3.6701002976859716,0.5812657608568297,Moderate
88.03372566736824,107.9423734645372,148.92530370283788,420.93172237479615,461.3665952908492,135.76260566414305,229.1868980981988,278.6583091234605,90.77151525129811,1266.9157982399242,8.565531831158323,9.235998059671468,0.8858399213139853,Low
92.31658723696077,98.72282878212653,282.71121891092105,362.8567337660302,691.2678870231352,118.48990815838201,252.6238515648096,584.6600354067374,17.15011122690055,1553.7908152495677,21.746130444911405,3.3582012473881107,0.4547312069725827,Moderate
1.3237517314376657,180.30320621486632,255.61102991334337,439.9358221471625,766.8381518393278,136.3608789541942,249.699263432743,555.5229298015422,41.40183042602857,2234.5315476116175,41.657352307522345,5.39465002661886,0.7365869928884896,Low
49.93847978157138,91.82958258637072,207.6773347875323,365.718561128102,413.18456591091103,32.73705821717307,255.13617400122143,491.8145175228231,64.94583837141951,484.77020622906537,7.711065855658278,5.708698424765093,0.3222563601889387,Moderate
57.76129819623883,67.45079267976146,217.30842818666687,420.17224291656623,579.5981473848574,78.65632299830351,252.74663972742167,462.37568894022866,60.34732841066832,222.08143470487056,38.191446685338384,5.2983104811360295,0.9161967223147718,Low
2.3030732187668024,36.4806324560324,79.2989851225923,386.3032002525103,882.7104313802796,126.37081928900369,351.0349152276151,794.5697966854825,18.67519652449901,1569.8937380181544,18.81922237268028,4.801974645823988,0.4823889289372071,Low
31.177585049404108,38.189997392127665,223.59945204653292,527.3110385751386,866.524372079507,16.67217412006634,193.95642200992273,316.53043195864836,81.90218510072678,988.3564676877031,6.156089131641389,3.4037841733184853,0.8135392224502829,Low
91.2347787746562,161.7607398057471,237.42082496495073,395.2974501036516,760.3350334053162,119.19932314409427,361.9473602750478,561.1023887817395,97.58379638307275,411.4422197660065,38.17720367948954,9.092198148744213,0.29302603917543657,Moderate
16.453164687479887,160.88548588871828,326.47845086690666,331.8566386240598,438.31528142621266,27.44600751223042,186.38020207604768,350.9379085234613,26.31054602653931,297.13248255033756,43.63291535361429,4.53549245450349,0.7089241248257852,Low
64.237215774311,125.66121673070072,165.23197940554414,314.48731140555026,353.8783469075074,121.21781324779818,362.10534778856186,747.7058623068787,90.56178728339165,1399.4799182507045,13.107182212575523,5.308066230093452,0.43490048418003396,Moderate
25.8242246420685,105.77723788017448,277.80665268176205,489.9743907802112,628.42523565068,91.80014063353022,131.34261323588674,589.5752663521564,60.112849790057545,754.6741333478479,13.659129442893098,6.58195593911091,0.0798674518258197,Moderate
1.4544929572671927,123.06011219940618,155.1071304020216,350.3247960863432,474.7739886829392,28.98539872273007,42.10481893008104,466.99566830019626,94.23403941207947,2493.578817067015,17.574569236796993,0.7231776221937699,0.44235784107111026,Moderate
28.944174911944977,120.54510752452342,226.88423159201932,454.8518686220913,572.1239189961178,71.00312689992016,215.784423200885,614.6363883507693,25.8477362575085,1017.7225442301313,36.63586640073632,7.823817007559289,0.5725205596676495,Low
117.10485058920645,272.1650740730448,333.966592507764,387.8930988733432,484.270259816863,102.28577496911574,348.15907641905943,841.5540492041009,81.2819253861482,534.6550888691309,0.46877385327749155,5.149447735356054,0.19417353321751646,High
96.18445342595875,252.07087493419493,439.16468729124057,665.451971864497,952.8298171921991,95.07793513253137,199.47924695813055,548.0515221633232,15.380341790079802,1573.978367567608,10.078044828189046,6.58891051165742,0.22471744993298431,Moderate
115.149197318524,116.93312250693165,182.4418736336503,246.36994019397056,410.42167811488144,64.08707943475565,117.09791998299555,492.6248155897625,89.48768021224538,614.4159497778147,31.765491499784677,7.731520050866228,0.49161965840699906,Low
58.54248527116349,198.59082043813933,419.0201470369884,681.7035402808506,1091.8760478046158,134.90497933813904,265.2903416365175,756.691611489027,70.67434799796703,1237.744677861747,18.253775271848674,8.747288938103935,0.3755932268117363,Moderate
13.16834384130042,96.10039188480172,319.05544473645494,437.73610937839294,529.709818302085,77.88951217317664,240.08916831789878,243.5845610174858,43.32293055301871,1209.0275783839136,14.863303033565739,3.952593148681663,0.46870351110319447,Low
65.75513867684316,243.7464361115025,292.856764917199,541.3201666007077,773.6337020349799,75.88009477930326,154.6747686582755,471.69895687645806,27.142014114806514,1136.6262861407643,39.25273000059079,8.123727432188439,0.48778563985658663,Low
54.5252801471953,141.50705380477365,294.9685400567047,311.7214996738422,318.55041788688214,9.33758849121814,188.029928116033,557.5156940926778,83.48797887104843,1991.2338121925895,41.280026406580774,2.6254271108807217,0.1830722415176178,Moderate
101.32284992875391,278.96412009864747,300.89353052863856,443.64453948545827,684.4857007130543,138.31805846964556,382.096685231077,841.0102121096745,64.29171892553305,545.4494386581288,42.659379862478794,6.620339727025795,0.22213484650660897,High
11.769909694109352,147.59239471114194,245.47666961154923,492.2387524037157,520.1578628419529,26.56748530175595,250.80826572941015,692.7304178215816,42.437426765320126,2261.2467261508227,12.264773969443349,1.071937641762412,0.8557571238055196,Low
58.58893644261338,103.33781567300852,281.6682480483266,361.0729287643495,849.9346847006714,79.25170401548313,152.14804739353195,573.128388010429,49.945224232226465,1979.3945555177681,41.06306742925981,0.2493031508695484,0.20458275484495986,Moderate
18.00583976327811,114.9169360349305,279.77274774740954,558.1232134264374,953.4192777516438,120.53514021004652,202.21606099619612,675.1116969670479,84.3888390465139,836.1402987870928,33.163449962728,1.002843104820765,0.6826186163578478,High
38.9611112268072,217.54552633295208,373.72069368460404,594.4936002713303,839.5493385895579,32.317991543346494,125.20329765574364,393.8928916125974,40.5034474021181,455.6032531689456,6.939663681986128,3.2278557412966338,0.4476016444294025,High
88.48284928653595,242.83835868188223,313.4735745974931,519.1201948499225,562.4138739395977,79.10599349562617,177.7441880940375,181.20423588645087,18.066941029893584,702.4398861443195,27.462151273869463,0.3593914075554095,0.9698248516711588,Moderate
57.122175524251986,74.64821640667179,169.1544537652723,292.8965527367903,589.1192731319975,36.102736383501124,61.18261118182098,66.70981053032574,92.01539549831254,834.9274360381504,1.1850668688146049,6.323388158263262,0.11279914379382566,Low
45.10659421749232,172.2535536432916,197.99008981836315,366.8481044517543,746.229979802693,113.95424966998677,304.4449593923091,576.7644872012381,44.860936569223114,1394.5482561735814,31.87701700968893,3.1996181569035347,0.8388694227292238,Low
47.337153428404235,109.54147888515058,289.2971839935508,498.36943933579937,593.728065838172,84.6511751809726,175.98599108364772,393.6221105156184,41.35487600036922,120.68858119005709,33.010538519292226,7.376941873757264,0.5168767695474904,Low
55.1336122087184,56.39041934718106,182.36261854499944,347.7243584152111,631.8285288089564,128.39637905927154,348.3513732356346,573.9738999183588,28.395965698834544,2286.3260289808727,35.52023288677488,0.506855605882576,0.055084752320979175,Moderate
94.20198526044683,166.82855968530674,344.0199677717204,588.4296311509165,995.5350803423505,134.18370043160743,365.91885621163465,566.1212248166531,90.7680314105511,251.19376736947189,7.763627435509571,2.2061805871476063,0.300477207992576,High
107.05016267282812,149.30595858332296,211.54183978254116,363.335766369977,747.4596551931352,97.31002236680972,103.41784969373174,562.2807542393496,29.575480031905048,701.7871182795869,28.271247342638894,4.1096340820305,0.43731200992180597,Moderate
114.6401623804714,262.0366310741563,343.14618823292284,413.9418018426335,815.43781077621,108.80868692384166,355.93445440589323,535.5196299907882,67.30055812012452,277.67215769265164,8.048550817244447,3.85738304482576,0.34848501577647883,High
94.42840635063541,155.1479159428732,238.70175025790186,313.5785742382684,753.2402866731284,82.38301498302955,259.8886978580757,688.0021687396173,89.26885104472926,645.398702181522,42.59925375251291,1.3534367947215877,0.39432699081323663,High
37.848827489761526,186.8030924014486,193.23869483825266,195.27001393328203,664.1110650130172,57.66430996010744,187.762366458348,639.1947633541685,13.142225314289567,2094.996177428977,30.375481170637553,9.941661295137488,0.9208383136803209,Low
82.57616473038506,82.68379372064821,167.94576192830408,273.28096237383943,476.0415399756074,97.21768845312519,194.59959054626353,444.3504755457409,84.59125347701762,1539.8636494011896,4.289663160182508,2.880173829296667,0.39288733077271126,Moderate
52.51237488664703,107.91982189134848,308.74596527085686,570.8671394383387,855.2516906997773,136.24329352309934,265.87282667552756,489.34184535807174,46.9539479520797,572.1714465982543,8.416450350262027,7.224269242282057,0.4478879104325961,Moderate
30.560474645526142,73.97021322092328,298.29483715835795,576.2517852515214,971.5815482743268,62.50205706471569,143.6582380593268,524.1685401670502,69.21771177386907,2180.0375318493475,29.85570441583865,2.2392656372565956,0.7730749758992072,Moderate
100.90458953111072,142.94671452346068,272.50129343244254,343.36493316595505,691.9348401388467,47.1615039560693,202.83345738020637,556.8192112001475,43.51641069029986,2002.7765877501195,21.45017232718239,8.784619546724535,0.8041418874609564,Low
4.611161875479,16.884753433262286,130.76017723806734,466.42557614306,964.1856902752495,58.26554078288611,81.51060989408393,245.77816819218688,72.59646307127446,1885.3549593923435,33.13339497948953,3.908195185989439,0.12988516919735987,Low
108.21143905625082,141.89380773014113,149.5999624049837,325.44094012302804,332.2797656753501,65.30964453173993,220.59029525969248,271.86435822201577,32.88654231019292,2119.843582472354,12.63549595165466,9.01397976544159,0.718866532838654,Low
55.3772957549681,155.3762183343797,375.1773027307254,696.1198648872013,873.6864725450966,11.034154346657433,79.87036688126847,212.29656697250863,11.973748819185664,1551.0259553881963,29.60628915811846,3.451257450358012,0.508443355992937,Low
76.46417721699365,128.90917032778765,132.16172368425583,379.52957233582674,520.043535470928,74.76627606524916,79.17498332833576,144.68923623448524,95.30087633091581,1256.0862137270246,7.963207561369756,0.13600602389428884,0.17716119857577262,Moderate
79.12247066469392,154.25353148394055,390.4410515364935,643.292749594338,774.4506746771053,74.14713720750895,212.32357874822833,359.689716636574,11.47309876360745,937.9678902976166,24.46696185124649,5.1943532892306905,0.30147503574954004,Moderate
107.41412888478436,175.2501673472783,297.554229519301,327.31949697642585,438.58438822586874,88.26657414607847,232.87851310925254,363.7892958996521,84.16893606701564,563.2912309172075,43.100981619749376,5.271639964703409,0.09278372244119275,Moderate
76.40036186006488,234.06324836004592,319.5468717537276,396.5437661676533,751.1056865752678,54.423004570699725,161.06525574858372,479.9209676919405,25.22238339902264,1395.7420858290027,28.270000453094386,1.2423501187469237,0.39222532937124344,Moderate
73.67203017120741,236.6258499931002,467.6804587037652,470.76565035683063,513.1453869944916,91.96613939333845,110.03769753091767,587.2857117583075,45.29982057418251,2224.2834025566503,2.2497127877212417,2.387887555521959,0.29263611831732295,Moderate
7.9982448672827955,96.7304997653376,102.82824804286179,353.4729222097199,724.2773391813892,131.73244654113046,355.06818474217835,697.9400509074201,84.02431388554503,1486.9845635358508,44.494296198148206,7.845781130264426,0.4129982275110167,Low
62.20896263342449,121.63703369023328,266.99325740750504,387.5466583574835,734.2595793656203,143.32064857427463,296.17835038124684,759.5030544135317,28.533893528111083,2299.4191199929887,7.058984834198952,0.4157204550551593,0.601323520154219,Moderate
18.020280098045,37.24440681847045,174.47753794330487,449.8059185700262,575.2079848204744,87.54183242115745,116.47015731339985,508.53628661762156,87.91368449725321,895.5088371349431,32.31310962136973,4.920790532532472,0.745722574434789,Low
88.49205224657827,260.1045705353554,314.9346708382009,433.56234781616007,559.9792393987407,6.388643095546964,134.12128724408387,498.0600982796705,54.798304519171126,1739.3692414561067,23.96385175788882,5.327560827964949,0.6250843872315532,Low
61.46663049752094,72.30748057957447,179.52933841712712,466.2961517217285,780.7264443939796,145.38539959006636,269.6989785771842,476.7299486838549,42.95381164455489,1623.4203537942897,13.24623095119367,6.902685003727433,0.6944584371469484,Low
81.6273335050024,135.20438346729287,298.2703849532354,344.014773765145,725.100326506984,105.87930913443844,120.97977633267018,283.37702776435447,69.61939720627026,1677.732440936541,7.97897184424691,0.4226898606313451,0.8723571645878537,Moderate
5.000748072286112,58.65266428288686,240.43546350336874,301.1160683684966,739.3588749121793,50.39454728304782,202.1094731837847,625.2481594202443,40.72507497828617,1614.3798205407775,7.996606392452207,5.8771809545501155,0.8801332212884354,Low
10.175041925496387,67.84727343073507,68.02648810738002,187.3332769617578,613.4030588889957,22.073655144558508,224.1552548749496,676.8518713394523,41.25595230967213,558.0284139681063,38.62798565436722,0.08082546395292278,0.8676833809412152,Low
85.95880656752188,115.53043835655555,349.74379587930935,492.714381988105,975.1558790700316,21.51279183544124,208.7648053975608,434.7060522230268,76.01737518444729,363.2592912164567,39.28106313735405,2.6885247545274464,0.19551046970555025,Moderate
8.650120319840804,149.61917788610629,190.7505209843094,312.79650477935184,603.4889524476074,25.16166092094041,75.90401446198625,80.43556355530846,37.88490020851971,2446.6774992989863,20.93154847311204,5.021858340398987,0.28851567691396307,Low
8.550807331831031,30.60042248570909,88.99553104129889,356.27199242442583,810.5997730946057,6.835878242073045,222.40901063062591,618.6745400838611,28.06953835189826,118.01134646204049,4.662965831623824,9.11724930738489,0.5272090396811935,Low
1.453017028186494,115.7362156757558,181.60457709921786,215.53756451856802,619.7942011487734,135.32312829793673,220.95866971277445,363.4930899489203,82.68815151969149,1172.0025351355343,39.78742967310555,1.3095686692550774,0.3908023293152256,Moderate
114.78016779593761,137.07245260298475,146.5274867409936,269.4534436144644,716.7872557714711,81.11523492410045,317.7423294970858,322.68626200554615,82.48339303545086,1065.5753912689454,21.915741877879007,1.734426833582587,0.17508551986596504,Moderate
88.50100313508084,101.19741790181301,131.96044879939424,424.994448629805,430.8077492724883,104.99391190707559,122.93090296350402,525.4251824515651,54.78271333361823,903.2473007466152,19.744309029011117,6.709038140619084,0.3233627228753688,Low
42.3901690202477,206.08747968370545,452.67496041974596,476.05393746150617,959.0054333944116,124.21627639024612,245.7684485202068,504.47554292865584,57.39900545466596,1956.0497146738903,18.33106609969291,3.779873853532868,0.9766573235823571,Moderate
35.58426975451863,69.80744769188564,148.61163203620714,478.43185972118226,715.1969411444214,118.73115094998003,268.0122452443673,610.6176184136018,72.64689631908747,1864.6489693397273,16.425637823664253,6.253042949132573,0.37958041772170936,Low
41.964387569501945,189.78941539024873,218.61468797501107,563.8255827702155,962.917077557637,132.39084355932624,194.30336817797743,651.6482787502162,55.83468625861901,2263.536184207201,23.670243162386736,9.974668962985959,0.4479683648811634,Low
92.95842374174183,190.99198054102627,217.7397958346821,248.73865667346013,312.34071634235056,145.08819337874277,337.9332405587997,608.5201556278523,47.53359630723093,991.7413778363708,27.204355197526688,9.869373030421098,0.05608135076443213,Low
79.36447332844973,93.37864685802826,273.2436387755212,375.1890215650292,573.1595694720162,65.86059221129094,222.5845121639702,474.18154845345305,99.54047739670712,1412.6279221840018,20.989449160783014,3.5694501159694925,0.7334441358006888,Moderate
22.223468144096152,194.2041426029483,407.8463086111085,538.1865417234832,673.9168732339787,142.55032000025858,147.07767932224746,292.4087399963792,23.287638506730303,2231.306083118591,40.349167355477,5.064057270557084,0.4428725622681107,Low
20.89312024009012,65.34613029863078,129.58420517574825,401.3211842042024,547.1505694546709,108.49349225142245,260.5856399254814,413.18255714545774,63.34551813158746,2484.650916824184,14.294755283827378,9.051667078362463,0.14798305975040305,Low
11.807477965607678,166.54364012907686,171.7710182128856,380.3454024537424,441.97321242918326,10.60022854621177,133.46978715082338,531.7408201656463,89.72767234680943,2423.3894341015607,26.02403355540516,0.9670682409651477,0.9701289013894383,Low
79.23632636416058,109.62212740538213,165.3946320167211,390.9226271891197,793.8045434606231,102.26746818185181,151.27476860772873,375.78939140069724,71.84935370630032,1796.0204588154918,13.497926408729336,4.5504238431766275,0.7885615519558324,Low
91.72471946660832,245.43443825214183,259.56336095133116,524.6917989378082,529.3129562283473,103.00749894072729,351.9445557056097,433.7076600096699,89.28309691794146,362.3527567363981,33.90075107066404,3.806894615748766,0.7398425849610906,High
31.805571399000485,34.1867577219534,60.03549187946378,101.32814168242278,257.580870175024,135.87908456887908,360.1696332757828,407.4340152760306,40.27012483192053,62.84909942360135,4.595449469770604,2.9840835879769223,0.959978718099586,Low
2.5133953237095374,94.63387750621605,202.51090746812665,494.13421738671843,581.3394889949259,55.93981987051381,129.0667436277797,365.5268020586694,34.47936786342153,2063.91979922534,8.491454855789964,9.942331908627365,0.4371060802912809,Low
9.860600097171282,148.3602643930515,205.83985710845963,452.80678857151,747.3262588756802,87.73672504077267,223.00445524042675,455.48196704929194,86.61451482118943,2103.1503511071046,36.05406344671278,7.34881547502516,0.732606863277826,Low
116.14320418140366,284.40639733010465,413.3928669614605,615.4624707801902,742.5886720874621,1.8281326517613772,80.95366762933406,407.6828067320321,45.470311856691445,1867.1704661173567,8.243891784879242,3.9180325743095734,0.24589750251617853,Moderate
35.45337329729043,199.1097578144581,262.4831961287557,573.8905633028255,703.3897905668754,49.8112863272004,243.68522423621994,479.21896310879026,73.87140907515801,703.4090975680542,28.158585578763304,8.298767822070921,0.712264520079514,Low
92.30677774057604,239.83925425915214,474.97357953488904,720.0808033942216,964.2498753918809,9.33655892381714,241.9194172229309,313.65726929003824,23.297372057270284,1601.345559698324,43.66095533568886,4.922177702084965,0.06337513757822269,Moderate
74.95962826251166,234.8340712015464,461.32006318311255,531.9150501039715,858.2595697744343,78.28094591473454,167.98809764333043,421.8895400425872,78.02543128390073,794.0398623291092,23.53007761946846,8.734602903060194,0.16999011141858342,Moderate
45.83275675834751,81.69230020902128,223.3938264616378,373.80470983812114,434.457062120703,122.61714757604298,324.01320986194986,777.4079118049624,59.40843841223824,1129.367374021807,8.432840085303116,2.700479464024254,0.453995972672706,Moderate
24.682471463466612,75.83564469157778,164.44164268842434,337.35664611593097,425.11237234867906,30.966403819360345,155.56828949766157,235.28899530776778,34.17504759194148,959.1755370263737,14.431097056168689,2.2748222625013006,0.061488060065707756,Low
14.566370179128771,66.58070466491931,161.86742517360318,181.19359453624514,304.78096683350395,79.11615683366678,178.2607971615611,523.1381176504356,54.50535675630145,2284.5320165411886,37.055613440440716,2.510502478412103,0.48886756267789827,Low
73.80155616466399,141.6712637449698,244.63433453109403,578.7574642071136,1065.631571266094,30.60129547661506,265.2067585013075,562.1363909840708,72.7249263255733,589.2225402059695,15.824741090398817,5.407881732444271,0.5466521616117537,Moderate
92.95605367653455,163.75377434586852,345.64860487960453,390.650646158512,589.2268961299721,18.103270176936064,145.70444235669393,519.9973057125952,11.06977679626453,1446.1392069115068,32.55801115634161,2.9485682419935895,0.6405262677077279,Low
77.26851042493568,175.28846886277728,288.19821774248675,532.3096612718412,831.8047065873544,76.64951879015136,193.50214385451758,268.80228056831396,67.37203529327165,905.6489149394786,34.98075282978046,1.5138408572565218,0.14536734314393554,High
63.636255989899,92.41461339585845,306.5971000223328,483.7779626541409,604.5493690121298,11.872293142459146,179.9808936330449,650.7835620860421,58.7431700445947,1659.3624242259932,22.553228126032387,9.946547789132033,0.22196131747085168,Low
5.034146811796352,129.45854629327442,365.48224277586553,374.45353023541344,619.6832928141574,88.1031946706984,153.4117449252695,463.8949588088488,29.825755097205935,1413.5850372378,35.24460229648751,9.00931061304203,0.6326192021813354,Low
116.21865331132605,146.38063038613723,230.36716873087067,554.0287852833973,591.0883724763763,4.7006191015089405,85.89883679858788,509.4344056441563,77.7682966578577,2310.3243150080216,14.260635199269649,6.368373753056142,0.6752783268395074,Low
95.84570299854894,151.7012297773675,291.8748501212875,590.0177332079141,607.3888061690776,16.00724578025633,249.018704839912,372.32208668002977,37.3114886169881,258.52231849452687,23.22718410223826,8.920851595543262,0.07460521679976245,Low
35.138644404115766,125.7407679132235,149.5049021213646,332.99517688770703,567.3619402984372,82.49962282310368,252.13208418233927,621.83852888132,34.91748383919083,555.4988951931247,30.895121878746323,9.357854238202798,0.5633489940092863,Low
117.59643952306207,260.955740597288,311.07300253887774,391.2028201876836,590.5324639468896,88.71111193483708,295.3703988775885,685.885751044548,52.409651409939045,1917.0381697584844,7.563291628697117,6.777277504065063,0.795732645398891,Moderate
72.22579075635865,205.33025273932958,308.6966944168696,351.26470615490257,419.7048660008164,4.348039514063712,72.12597999792112,270.843616191459,70.85347105801283,925.1231655376342,12.312988532198537,5.210863797978516,0.11564583389612439,Low
69.89071898486958,186.0869031387636,237.63758211420833,364.82494991545263,708.6256643758195,86.00651820023377,221.9540656827018,413.93079212441285,93.5961378288629,418.6305466406662,29.341647152714344,8.825917832536039,0.4425142219841937,Low
89.76878153154385,117.80796843597449,336.94809113315387,426.3479894992855,922.7997349489177,125.77537879854555,368.62444554592014,697.5225780587948,22.722151881889356,1260.7865418172423,29.491205392329906,5.699580119283449,0.36018570937859673,Moderate
97.41237457081651,195.8805367816205,235.452100796395,412.79402114859954,610.6174317469557,108.3474265940931,188.0234013511475,234.72724223125547,45.68213086765603,1632.0944437204087,22.198619090384053,1.311665401396046,0.9179823440844158,Moderate
78.77743287978032,94.5178032037597,208.4330085920327,546.6762622352328,858.95558019393,19.677765588119794,59.79688466738027,427.6089597761347,16.029063326136693,116.84265181297899,35.80134105519542,3.700217204552182,0.22651227354613251,Low
15.371489563944003,83.29686138734115,234.72167150231007,435.95539413268455,917.4433653149274,88.87119713454223,216.59269919070823,238.0360791104137,78.26956727245683,732.5966139717746,21.692470590223902,4.486913469767001,0.3524423924872561,Moderate
40.59210071933981,115.02507617153246,287.9910532117436,599.4669227732779,1015.2344089967155,100.83787501113201,197.79314719235106,293.08829775276405,50.29596007132246,2024.509231551627,39.659501943618,9.356921710549175,0.9035225077417378,Low
111.37003683912597,118.53609593936166,214.30343837098835,442.11103149451037,673.8871431458533,5.584680262843767,45.47898845952216,377.55086708020576,73.62362216693666,1303.0101936924345,33.11565438923754,6.608895449442932,0.36412064075697415,Moderate
26.95387342126223,76.27173132585716,293.5464985070393,459.88278281255947,828.6275250425192,128.3021503025434,350.43999597838535,399.60182952436725,38.997498157865856,93.27114185743338,14.161268848650359,8.759011749819113,0.5547800685563147,Low
44.6600428605016,216.67694696846968,358.7567347379511,657.8693816946311,721.9369018198931,135.94010959347452,383.621087231919,869.542132970314,85.98855172656911,708.4677581603786,17.786430381804998,7.588037423357364,0.08138357036933541,High
51.84922595330352,223.50309536264763,333.3800404745356,498.35887903508467,754.4108067669843,127.56784100433879,269.71338617683824,703.9114909077886,58.13452704161032,1599.6559366686563,30.045900859643055,3.133115820900695,0.9856573143662843,Moderate
52.72859876333426,116.14746852879134,132.9576270418005,436.97748672042684,576.507625310395,123.69472019836698,317.36391229173046,630.5150784950987,94.92470396412897,502.40187659717174,40.250367847057106,7.201154480988622,0.83369937247763,Low
73.55274989934306,81.31076951004138,197.48313662133262,299.53500597285046,380.11684992093103,111.74477976913398,326.5043721557089,736.0330999903838,17.093317522963076,2069.341558517439,8.041892971657893,1.9932323724425522,0.6526808975093426,Low
113.16910052936491,145.4061896084376,350.59014981237016,395.674725629416,608.8151787566834,95.01480469229402,270.26030619775077,714.0503304925346,56.28491420878669,1693.0568881737422,23.159859243389107,4.111050826588802,0.10771750943548128,Moderate
28.883125419900594,99.48232823793782,253.11758279326668,552.4776453202951,617.9849225371023,101.79405074823778,112.83306302617058,242.5708878120798,78.98097213979288,1181.090757064744,5.345298959596953,8.070613978701525,0.12112646330414165,Low
14.580165156110168,185.1805107905715,393.22112422285113,598.8164315502845,948.3089856375273,120.95929400024745,160.3678519294519,585.0736459041116,64.01373832662532,2289.4813337616283,12.575481989405905,6.13869516105652,0.5677249492511552,Low
23.696458783192476,49.112290219885764,172.61520786971215,483.7975472568482,711.917569283516,99.37476875419569,117.1220665420423,214.51895836084321,12.087472638415848,982.542923457031,30.869161168195905,8.262854434228519,0.3208112143932625,Low
106.43098802511234,243.86383988539052,273.479266159011,601.7187886063451,867.291104888677,49.159043502310645,51.628945162824785,258.3000772372325,97.51048105094927,591.5081593573927,3.498058586167277,2.5843006443830103,0.6416499751280147,High
77.49729751862472,97.06015460606929,100.47011606503956,119.24005269504677,192.42802202912526,56.39416532420309,132.89326751351223,412.0230831378119,36.84373237683086,1655.2004663541186,29.806136184998135,7.5100008826515845,0.6182828577553838,Low
34.30881470869922,210.93517863912905,286.74006531877683,462.0793209693808,531.965151516128,134.55862025584383,232.64761037623379,589.59309191325,32.43500797297439,1435.3714927380206,40.53650044253837,2.063127396346273,0.846718828365333,Moderate
97.91363267623407,166.60460251587836,341.10222039032647,472.3398125664117,764.0475301964738,2.568312869574285,62.82574595355572,77.89640481481973,53.70938880459216,841.4435128234068,43.621663095830975,5.475776515360171,0.3173082076770102,Low
103.36439956361232,242.90661656544242,440.47159255086586,659.5220315254069,1152.0269054401301,104.82308718664231,120.97424920822255,266.22895559731705,58.794229677101406,862.443080503323,9.748449046148197,4.363669214821591,0.5989703482664429,High
101.58172064283336,163.2481155488371,237.18632420391944,514.9432432247327,563.0685348435954,143.2166328637823,275.68240557295167,579.9419546781469,78.96593238308428,998.5347200420839,33.700408047354415,5.586934784819529,0.7884951528968229,Moderate
110.27118403674653,223.25158192533212,347.1650621461439,445.37163773717305,588.2373520200637,105.93422549369605,174.26405548298146,352.94839505754084,45.39462918930902,731.3907258610263,41.68667019174884,1.3985575690813115,0.5162343370062099,High
30.268922420803392,64.83181767401001,170.11154378253042,364.9909783131405,799.7205365820843,149.08679823476731,348.0960869506579,735.6086147654046,49.5964338815991,1777.0523088705015,4.11161898822462,3.644217361354466,0.8391114816919972,Low
90.6050314495534,116.88881492300665,219.5195110108636,467.5745139775785,503.71052010519696,103.13173582924962,105.14489123556992,430.970971810928,58.146392434044785,1630.1392206027574,18.63106238201424,6.6856931171184275,0.1747123914950843,Low
55.2647396728968,224.11628479516045,281.95346309519806,329.00434208770497,766.9472027711806,5.1544543825291615,215.78621720443175,332.98694406629966,45.49483897674766,1104.7402431032497,41.37343950924747,5.607381401106221,0.7472028768897861,Low
101.03982634680739,266.2163363696054,300.30911262697,585.2325297099134,847.3755213972889,124.05148224703854,362.7399019835278,435.70439177969433,92.30932711910404,997.6474160691968,9.125437421467355,5.512249101172605,0.9458329869449296,Moderate
87.41888125939359,247.1632904977124,296.3354300555157,508.47379000405624,712.6071769672692,42.69448679089786,221.72825257929026,536.2517493728155,86.6126769970827,915.8029170524643,42.01923077045288,5.1327596157059805,0.36528915494388775,Moderate
93.17369357996695,205.75171460995378,219.5848114007903,551.9229143905684,706.7631965662963,66.90858384966614,250.31960016530778,475.5532640176866,50.94763255700905,712.2534618736726,23.72364319895003,9.44165485488684,0.39801962029136667,Low
78.73942052172858,224.22769854065865,273.7603839965529,392.59550569229555,541.1540847562164,46.81378738606231,280.2043652867456,364.6828858374049,10.017537610358541,218.81317457686313,4.4951887141900055,9.348968494500355,0.12937219333131197,Low
21.291452336364824,33.71810098041231,36.018325386757176,73.86940520477671,226.7706964295161,40.28311593145192,92.5509372565392,255.73803991572788,91.08410459763526,674.1706903786388,20.244479253998175,3.6334424793430276,0.6594181405959761,Low
65.4032302676326,125.66525780795484,282.47985796694945,459.7552783298733,902.1568188099711,64.71085555046781,313.352247602612,464.87562176190534,21.19029160955187,806.3973649891973,14.68175379601798,3.551355365262837,0.5748281893531267,Moderate
118.16036874294099,174.62693119922912,253.72078304614985,283.75455314445344,645.6521682318462,56.81271726610107,250.18301811073653,304.24900428042406,32.00611736746416,1371.4715956320315,12.699187224831373,5.571239642901958,0.0883284707957494,Low
112.48656797965427,226.90272593112465,470.1889037878518,809.5231869512543,1144.3846908668295,95.00078727638841,276.6434643583368,550.0979739909508,23.712515592885836,1935.6023301497341,24.366400903515768,1.0012825271851176,0.7646014256227461,High
5.1808482956414,69.2532475203567,117.68251021443116,131.2222456044482,530.5968200804485,121.97268014812659,212.24532489694977,594.0696418532268,26.18340129829214,992.276851360909,21.761671083834152,3.064916672636783,0.8378202709577737,Low
19.777777887532455,46.508998583395,132.96614116079348,396.6925065483513,525.2498380504237,44.56329797808611,181.00766932948875,468.74111375598227,82.25897841008512,2362.168480100969,21.688522182904137,2.3471322797216683,0.9117636239337163,Low
15.807452814547428,123.1715263889853,212.63181604936858,396.417655399154,705.4390614400319,32.058172923302614,195.53761999163936,608.6833024603155,62.15512974993318,2069.2381587857003,3.966377899640188,2.272727199947463,0.5684473818621101,Moderate
87.11758919823546,233.70669491867014,235.8195689342853,364.8367973086863,594.8699167876617,100.03429063055134,255.12000595985532,318.904279567571,96.04856468128136,2462.080610469944,36.104318146221146,6.403129982657915,0.4799510331566695,Low
98.1342395828334,166.9164685856286,376.71845684549334,399.76321442352247,790.9840320236192,100.54800987461725,276.79416949401246,494.6000984051244,30.83081610913448,2191.126587398497,21.664769191010784,3.8742858267242855,0.8823302968054736,Moderate
25.62136395728063,49.42973267500734,57.42834771108852,275.1867711718512,429.81482640849396,135.16968589292577,155.76512066252843,460.472672491578,53.70714173181106,1543.7312435269012,36.94076229158434,1.7530855288451472,0.42876197811473205,Low
60.70232315421948,96.10619867052762,331.15115735283797,535.9782726396722,857.5675810746202,2.391852967996627,91.30396117592082,429.3047416468745,97.9685532174223,1498.2058231027136,37.10675886979276,8.881339857628207,0.6726709689728336,Low
100.884363361344,143.63135829183312,366.6499460652383,464.9590916388982,906.065297547555,127.9560993174765,236.45610346634578,584.3492566780592,84.37991628472928,328.1676862517715,14.271089618161943,8.747779444981052,0.6345941435808801,Moderate
87.93618537195007,141.9177521109666,275.7982311324575,594.3758266260668,795.4510647235311,78.15032594225355,143.30765041099517,507.7903639599357,75.5754111208442,1807.3861259844614,0.19558367134255628,8.63150608914574,0.40355304482758625,Low
65.0684646590218,180.77157735015743,316.67047107798044,423.10897364797336,456.42001733170406,93.19531337581482,136.35213094312076,462.0670370411291,27.007768123371275,1502.516109693715,41.00605548561533,3.9379121754650375,0.1325454406877457,Moderate
70.84172285505275,179.01191007184218,342.45639081088126,499.8602845181184,757.8856956890148,13.705716084212217,48.43758606242791,95.55163053286174,79.24648608187445,1269.7955979729818,34.231261188880815,0.6169754124290013,0.0703447617371514,High
61.003265629953596,186.29764071202064,283.0601436957424,473.3770032672719,646.3632471707849,64.89223993080685,156.48808799495313,504.1409267961013,41.2808610336326,1734.7507470304352,4.8263380570562,1.1120830780496387,0.4568258535086178,Moderate
35.70581415825847,100.95617137393083,262.76174222339466,297.8428995850948,633.9555898586823,34.09536108577857,157.45578622642003,519.8471146136138,57.74832073420819,1112.8993678807942,31.57771653013956,2.7966783937244264,0.507141496082189,Low
67.80263914308193,216.12221648147803,227.31431365359975,553.5709153783711,1029.087377752674,38.13375451237636,53.87786454904154,550.6178317158551,64.82450917355862,1312.029857708674,0.901047090099627,2.2387015408811135,0.8315443547803973,Moderate
82.66623624601088,119.40201525404774,132.91392209147938,264.00157544934376,506.80573444776724,75.61426720140412,312.2287908490415,658.9100091996045,64.84273403718286,998.8890004841246,1.249158114931432,8.746156920480912,0.4436910674158976,Low
104.79874990329692,189.22608445656465,303.53368936145074,331.806414217471,564.9015292952379,121.86839256046686,313.17922327565645,656.5944211514309,75.38711247221647,1794.840378959871,23.66204578190291,9.864263894873131,0.31710188099679576,Low
76.35496247750977,220.5239323549672,357.92950763147593,493.4814184178414,820.7738185135715,111.56713952172842,294.280082818095,551.686727909081,69.5531883377985,2192.1443715169808,4.321684315635598,8.175902940201434,0.48899164467139555,Moderate
91.33458444517896,123.76314103705042,345.71755112100516,555.7884426034084,607.5371944001922,88.64999386289307,131.8651251100748,565.8265794026318,16.153379137953085,2102.9081231358437,43.395143511821345,7.311996582354425,0.2760909564028201,Low
19.20859619454876,38.98395666788969,65.14911514486376,244.9275502823291,371.6806447448364,80.91272891302006,231.8629209160673,730.2803018966465,51.161232335419655,1966.1330537634246,40.222405199261814,5.906810192276776,0.1367925805592087,Low
55.38689693037479,214.45001111421294,420.1119929126853,663.2016838257312,1122.6913465759303,64.09590648517349,196.52714318734036,586.0495782860564,69.76194460479813,39.40032283865454,29.241541406154816,7.710587576839734,0.15739088200180187,High
1.1197943792511955,62.847133675906456,115.35896799892384,134.77834772269256,469.74965440457567,145.90649603420795,391.5237074808814,697.7738964097856,36.63936839491558,2280.141757374261,2.866903687724098,9.472981456314288,0.3531967369020812,Low
29.601463742594763,152.6980862262205,251.21899835372847,350.8082119489481,357.5302339406562,84.02888313513499,270.94682565517445,310.42423912095853,38.17510184947507,690.8149232048679,14.61758660131793,6.033379465575456,0.062042596680566164,Low
87.17540581356059,91.73815458106951,170.88876328792273,457.6194651819585,559.9322014614685,38.09495974683332,182.03543067589112,545.4049965407049,21.211079297915397,2220.494987693623,16.727534905771975,1.5884017779973472,0.25919312234717623,Low
119.01719416192361,243.22563407562455,343.2644522919743,371.2272430189506,712.6458760334001,34.51361880600594,247.21678542353646,601.4975697145117,47.67534873773698,496.4354172079944,21.639592612291484,1.6803902568237608,0.7981469838857362,Moderate
11.901371950465908,68.7996080289206,106.42348254706698,405.8435666906521,788.0431679719393,91.70295461627127,130.47652233144865,518.2605962361645,98.81473908755572,1101.9161498047195,7.600629330290349,5.859434891129432,0.2728863328087953,Moderate
48.17931790335459,58.2126715490941,184.10519014998283,216.26882237697004,636.198608713991,78.4241290966393,82.22826151938361,144.50595571912828,35.67874251592336,1874.7499918456497,25.988023925873815,3.3680119708588374,0.1551930354875401,Low
96.00851624389914,205.7748133225602,406.18546078040197,698.2444359924957,844.3328376835182,1.1546704432069177,173.7130037968377,500.57925385990944,57.829320341748826,1602.4959684665455,19.609679155915046,9.106961383687445,0.9516265319948122,Low
24.48427615546786,67.82896304863905,178.2124656433633,304.48840602091764,770.002704159699,124.50980582936691,149.08767088867629,296.9496233645136,76.89135275011759,1042.7252353834276,42.62836335267863,6.135841221667924,0.6413466105340385,Low
66.61019391627435,136.23549748561277,258.88889146016254,473.16206360018805,749.6355103891342,105.61835313486519,134.47676313074248,514.6123848321593,11.21475437958436,1698.1665225669944,42.12878533313486,6.781101503562434,0.10702465196388257,Low
87.96855552356098,102.47310173513343,314.664998055462,368.17548853226134,716.4449997262078,99.27439345171553,285.44457505784817,405.63155207358125,91.0395603638469,1374.6290275663655,25.446327990298755,0.10791606550398058,0.10913176817015768,High
73.91825403122148,100.40763922831164,276.92216788781934,300.0812204916326,598.4506518815866,10.317098654648843,77.95080968814612,419.9401480983515,44.78951662524447,692.962085055653,28.995720119574084,5.013543093023099,0.6315160194142112,Low
22.562968153849937,76.1988705431018,198.81247267304798,274.39084408009523,335.76087141740544,54.308377525873716,211.46618141809694,358.9626549100868,88.2204388039884,1617.5919665153638,6.2008410498184094,4.340088977819671,0.5631223619616661,Low
42.64614824228873,58.802858343117016,123.22677039041193,167.97560665845538,649.5329363508953,140.30733910991793,369.65907063310505,374.15621704182064,13.505289300953024,514.5964804295859,10.049545747807722,7.073424974836952,0.1149560337733356,Low
94.05501413824767,258.0037417817844,479.23542849302606,588.5774926808972,650.0152826279735,129.38838620120455,208.50701911066915,525.1859750972169,23.10971966773083,1736.5007692266179,40.53219318908593,3.8572546703169883,0.2630997012246686,Moderate
66.507181695842,67.59564946895811,211.85074989159773,391.8848861704548,519.3258643760466,42.83144068043001,97.11748014040973,153.75202171987092,39.02765090298033,12.761639669990792,31.462466530308074,9.766921567277265,0.9325907687613089,Low
0.6275536251495284,87.72239302072559,143.00929554839894,349.0751077961523,755.8890479076424,23.558832614870806,50.199553550133736,379.8452899442408,41.091559575695086,1374.1874218356154,8.52435887773849,6.718521656486197,0.5934102699569664,Low
91.31889120337127,113.50343366723052,180.78337182673312,457.2372094096431,766.5356901601938,67.36319357528656,99.97878393021809,562.7835081086869,86.30148007252149,1005.6637307525718,25.65946377329503,6.616187414768764,0.4683091282404387,Low
4.237362592828688,59.61959869885943,260.4028709329209,490.0868335698464,909.1614162580249,53.37455680014913,68.93023064485982,553.5531977504049,11.00810038494117,761.2439156358586,42.064256272025204,9.197444390341929,0.2876476413243477,Low
89.48805392774786,256.17877469503566,267.21516521689955,480.2805790122431,738.1486731992655,102.33395650589866,124.2445512133337,242.20609487714,67.70005988227115,1291.6913782504207,15.532699777285663,9.95228809728854,0.17701314018677744,Low
24.29766721982849,53.402686809146125,301.42573356635114,445.5494431863723,634.0460608696897,144.96522151264796,252.96636871493644,657.5929825402638,21.818119256069522,1615.0525231770407,8.361916898358837,2.0183158581580267,0.432500099905147,Low
114.96881761432563,288.8186351636255,321.40655509232346,487.23950732837204,948.1622571022644,54.450217497384216,134.66647875337665,311.4431171895968,84.08940856399445,2413.454104202595,42.39113746090943,8.114804774986544,0.9262482313647354,Low
44.15289015625014,81.19587801434605,280.2130093635804,425.29529965014376,443.4214584075412,9.333625897836301,185.9738294785858,636.202365852577,80.07159393621211,2083.4959022708035,20.756941213144465,1.6650789784541735,0.0962758258936646,Moderate
39.23179396056949,172.71369348459882,271.4075226775195,566.1656331990037,994.2307433755266,134.6421012513578,352.2025158131082,745.9473001277952,54.992892467008055,1794.288958294108,18.77588993982449,4.597582357889388,0.9914298751457233,Moderate
17.86656603989336,116.26847372140946,239.32251954327617,319.8226779352161,435.23157052910693,5.692459535980621,201.8857603215767,238.84661864445852,29.141850296113766,1200.0224446394702,12.04052399067376,1.0468447731080779,0.24742208419190742,Moderate
36.67250585882579,195.87867682624244,416.04132119238693,418.04364723207453,842.4118111090584,142.91488457299997,275.574198739413,479.14269567805167,67.10458518690007,983.3995785625639,40.12133827262149,6.252541235748289,0.4383289923790588,Moderate
105.19809141938407,204.91687740994763,308.1446748072509,536.1066388364346,605.7049455448774,99.68691420135598,125.29744325951933,293.9563562643564,24.063248589188106,86.16148819206305,38.05275451003088,4.711755725880496,0.09279874275743169,Moderate
119.56012051526967,215.78077996340522,350.1542183817138,421.0159826553048,711.125464500575,141.25338126629237,318.6952022516807,711.2857126133192,27.10214133333881,900.9467731323252,18.134567974653933,6.305554535840864,0.6055430929526298,Low
44.1971436608218,79.37958372713379,91.70449932942628,403.2447970378596,847.2987565435956,29.94895299734674,120.65613417906512,325.79898950564467,66.4020912002822,2121.7009609881784,1.3775975953685482,6.795709488523359,0.509377502130942,Low
53.83327571454511,83.75456088384368,84.34142935070697,385.00764474803657,621.7774681974818,6.1049692880711435,27.517567766923687,369.81176659346556,99.2105601479762,963.1413320308435,20.09931437277628,6.213350887810818,0.6833716829980409,Low
86.64851258432844,251.616559785121,312.8165280355525,339.67110821042456,712.954445112121,73.23149674147378,283.8480985446302,585.0657263398505,90.19547535272916,1156.6545726600555,8.138610746102398,2.975589769943362,0.5655442209268989,High
106.34349365580894,165.35436944881508,335.5001426785069,372.73608457343397,775.0718935012133,67.59351218551879,152.14764148114517,639.967001029962,63.37966219153093,683.2268879421374,6.423033156699653,8.377743614574504,0.4282688954147155,Moderate
71.1653201024141,138.1401259957354,168.45634933551958,341.76640662185275,710.0135109802424,49.723840988232425,104.28604911612527,573.1785275169327,58.46830918906814,688.96123323935,17.68921253529406,5.539277683782484,0.7508688629210872,Low
46.98308378133952,183.75134229844943,212.19183199958678,425.41976396886093,888.0846324061602,143.64847115830463,361.51148731301544,575.3612446823747,99.85463920072976,159.37004342491224,4.458462180508223,4.924019173507191,0.07377007139760987,High
49.514620901834846,110.50284773794017,213.24299974691598,309.46091786570025,532.8780331256646,123.38755982421483,348.9210269359661,710.7101327565408,59.265743287050434,1536.4407944214029,43.085902811924925,9.871284852137,0.5639775698308654,Low
83.47417757961682,254.84541797463731,416.80467762669394,667.6838784714737,754.2465980540516,99.23730320633899,183.98001250422897,598.7100594948399,47.81048697634996,1122.9331605981392,2.1392631801576814,2.8709036717294443,0.15818239363755884,High
0.3861916325134418,133.21319005229748,311.23118811428014,519.4517954358852,543.357327287125,24.428743745674158,113.12909856601752,562.5719754970901,91.85999821978073,1516.8722146895325,18.06163323294272,5.303901533706972,0.46420791643154163,Low
74.35072049518088,181.88798415839648,226.50065268299016,340.1890910949843,463.41902591373685,110.1485112327787,255.05564312856472,289.12277501680654,31.07658662823594,1369.4828155719877,7.32162159142627,6.839129557149514,0.8015690510151157,Low
42.65916125296289,201.22029015101833,221.11732699402896,229.9973478088394,301.59609974896046,109.0518682049586,292.4122416576231,443.4516412943715,18.777339126712807,1998.117245306451,30.996509468794027,1.2959980326856742,0.18533770894738016,Moderate
95.30367975325011,104.23274325615701,339.33200174254307,601.8846001970243,880.8589709142645,63.76022604240112,79.54752651911699,239.66254700337788,67.06810309256473,1878.7747212171244,3.546515214655278,3.5746852552580264,0.939019831333861,Moderate
11.15887677877586,57.43016137283344,122.59675701335887,197.7605400521378,290.23320865800383,138.71788645710205,287.05380075422,504.27677636415933,18.62646703918741,1929.777363579009,24.606250839388544,8.026802724173395,0.8940794577718343,Low
70.58427203380685,154.29081219357064,367.6274365957516,659.6932468076716,679.1601004523571,25.046682334351566,263.25169778024696,347.8840731379565,43.583368325766415,1250.6013223194805,34.78956728408719,2.4057444342683083,0.4441598173233635,Moderate
57.71674678633485,98.57288389120863,314.4457465069132,461.54733752590255,479.54225196023646,40.10063436174964,105.62410865673806,353.7270486317421,48.121964702354845,887.9339716280566,42.75269257720368,4.9582391307908855,0.05567609868963974,Low
77.07906310862728,210.98199682301464,404.1126447636508,606.0897496847687,1021.8744988671995,9.483650887595047,236.69045441182848,568.2976180610565,59.27842603443098,2333.9242933797173,31.433740333623568,6.324774529530561,0.8002575853407616,Low
7.782431337956202,173.23987692762674,215.44827859076926,520.98033423392,816.7052999554323,119.31764372663812,356.85972891741153,605.5416890257704,99.24935911731662,140.4030854228021,4.4771290935562575,6.7280654154106205,0.8868510132416688,Moderate
69.59805449137575,145.87667607894195,351.32704089249205,653.5950912144757,832.6377421611649,93.26390791430958,160.55231815708203,493.4488657558899,29.88835509998627,385.79016308632464,3.983424737136346,7.2966888983758675,0.21600118773766097,Moderate
67.37815055514285,128.96201857528393,321.2746583856806,451.3065097209312,898.4205310910547,47.24104585218743,235.79151232352507,269.0123282324752,43.818074065622085,1051.8997349807162,32.921912184212964,8.666474304577296,0.9203825983757292,Low
67.27921132994051,240.35834311470245,389.53909064125673,462.65020309145183,497.7485087953086,24.572049539147304,84.2658016190373,522.2594674727425,21.901611196959223,1536.8243431571877,9.68982322515609,3.958951458184694,0.9183924134299613,Low
72.41851999157458,152.49195790053193,236.79246669277012,508.09359389777825,998.2546302616912,6.022165504311055,190.42495593734424,659.9595519878785,64.68521734299112,25.4599351427705,20.125768888496196,7.080987663340368,0.4977263084824809,Moderate
81.17615246716346,169.20486454803444,234.83201561467047,386.41008687541637,694.5559820026469,25.01183529389049,224.36682811609697,533.3205401754212,75.49058640770501,1799.7104341812992,43.94794956081115,7.335137745314002,0.8081330702579498,Low
96.59867996169237,159.89565698323534,190.3679600033251,257.58265774897654,349.31478473340076,67.99269695064874,129.7941228783111,570.4896221967596,53.386914091229094,1399.0227242608373,36.895805928174404,3.0377275947635525,0.47270057935838894,Moderate
32.37848641538572,196.09721155757063,323.5364782827885,640.085348093791,979.6198975822754,37.07654535159092,216.04393124739966,281.7669395715059,32.12481414609739,1214.3333828989284,38.09670107850903,9.68317160460583,0.585843952622687,Low
99.00592922160745,201.41791621234057,347.7331350898022,417.0696030741828,798.7602329659642,38.84732661479501,241.87346133081746,640.5979213689725,65.87994422635728,1061.6201218755311,38.73464571276354,8.658930776544517,0.3538470593192751,Low
59.79068187161444,196.98210756431047,286.81685519325725,295.8493640601881,510.52075574557534,131.33645500015714,220.98117302688507,280.5552697631821,58.524195103196455,1301.120144192858,27.87954030547011,2.934120220560662,0.20149587805478325,Moderate
9.246993496119739,155.37220279927928,274.21196971949644,281.30996053809343,712.1262636608672,77.27065101916509,119.19634501659682,323.20146076536514,25.406715106334595,408.65540753196024,33.47702657381153,6.766933333035525,0.7592097546233303,Low
7.026111509277504,68.55893905438397,159.43755339670065,377.24792815569316,452.61413180392833,109.38779596926219,132.37893779864058,294.2882050777781,46.51137104519172,276.2357894960714,16.153241158542926,7.192116312869975,0.0513232022931789,Low
40.1085982435273,118.17357788119571,278.42509221137107,510.01136346250667,649.4301552513109,5.356642354221464,149.20206825670695,441.9979808669341,49.16773824716754,727.6455094858369,44.93008019577828,4.343262180940024,0.6005750551663425,Low
94.18763725337611,246.91255664650373,472.22735859564455,581.0919553655889,627.8381361575838,54.774503351704304,299.2990331806326,450.05630080039936,98.43559783942897,1775.214456003385,12.582997634459026,8.644245695112616,0.8714517250595405,Moderate
84.92171216890989,150.30767547055575,191.28774098229198,303.29158721876416,408.73050752244023,71.87540210931627,277.6129821148703,596.2697969484366,86.43572489399696,1472.7782701695635,26.55033314865838,6.917782067414945,0.260213422437628,Low
94.63379576068877,237.542119782022,332.89432225780286,451.7171925287828,571.0815984843553,27.962528281527703,136.9224380151659,320.61608259114485,76.09337094462344,1202.9069289594365,12.6927755244537,6.598639117269545,0.36625448395810223,Low
62.072286772993124,231.4509048363918,266.6680558241071,504.7235471897146,963.5401426505697,18.028731216830803,152.18395693057045,582.5791474458026,89.98993229526528,1430.944809910421,5.043197275203292,2.247361704232946,0.6081115602212397,High
52.82387975465887,165.0017469069001,321.2376895088581,341.58451636824816,380.6393607438263,130.54556677497638,200.42753812793111,517.3694582377369,76.19359652458435,1400.3487425331612,25.54136166796545,4.108030997928346,0.2845267342045831,Moderate
17.694303204754075,151.1872149460941,333.404842318243,658.595565760207,872.3031258540617,140.91474406496948,181.6812109049854,289.3303595657085,91.306166961316,771.0696040973638,15.900690188976288,4.367528766866881,0.8551125144642439,Moderate
39.38313043311739,184.30064660052165,417.27882974988563,495.16119521199187,761.3605388254484,11.821004706811111,132.34129426487942,300.406005278923,14.909780339155718,248.15258837559097,26.244867038552446,7.349927910961254,0.3982730087569272,Low
52.08232394086503,204.18946074226068,273.9074423075019,623.7930641422342,1073.1395910433146,52.35280688136646,168.22819842316275,591.9386422364906,51.045958834022485,2242.472009814311,25.140531449924676,6.203025725312646,0.6025330338288919,Low
10.632051561554068,81.74165237577733,319.2944538421349,379.3273966676503,878.175505998257,143.74284422167105,274.22533242261113,467.4652074163404,77.22085017176502,1501.7786002466669,24.40155281146027,0.9043128767313572,0.2648150902192483,High
26.47343432534535,35.700856977025026,51.516524932193725,321.5577849915258,698.2518424514437,12.474259969869733,250.67540636085494,518.5749391436775,62.496621694901215,1745.881259203725,5.548550492093824,3.111594621278038,0.08931702014143642,Low
71.78703528764866,144.12476411026176,294.8782299514088,373.07262067677755,858.4681159612924,96.54620593180894,247.520030968002,571.9909989441684,25.7649547735708,1162.673074795553,19.80813484576607,4.756822669392378,0.2150152527129776,Moderate
88.27957370870278,209.55569506983895,223.83887490567145,252.13525548081034,645.6858217487472,145.83320564505084,297.2761648006443,471.1809895936027,40.64428778756808,1892.4190470415238,36.54017727294563,7.38049281127708,0.09388899072836307,Low
119.80170136715395,200.86477080769666,424.30831774818284,730.53498127091,1212.1363017566182,146.73355028720619,178.73974100247537,325.7290563815095,38.59969375240222,1463.3206736267746,14.181457299508612,7.448512844292757,0.4951737046325583,Moderate
111.97359976122692,246.78696691609866,379.2392311836122,679.8021719004244,1033.437534872652,70.68349963556149,319.8057161797666,557.4331674837808,33.521222186590236,139.23379963248965,19.972417738142934,4.930905920287785,0.607305521372147,High
77.10782394422299,141.36466124858248,308.7017489392815,449.951386296642,489.8330990221775,24.412366167357092,217.62360222602422,325.06408827241876,40.88219981625694,2225.7921033072594,22.222421564412063,1.213477203493742,0.09244144730118012,Moderate
50.54976639528864,164.80371179401396,372.6971932716271,618.5358431607765,819.4959366571147,30.312647246615825,249.61348327011703,391.71877672964877,56.33679596150089,767.3126862357777,38.82290906662851,2.964388863559748,0.1359581104610362,High
76.34128376498792,109.89684863870335,147.47450425969555,342.4475806990665,665.7462226003017,133.4402092686592,237.01531222640773,268.05455424242575,86.93821223049484,349.03748966623203,29.501989615170853,2.5841892033583385,0.5112487754698334,Moderate
94.27819416962784,229.16469276572008,238.81258325025354,537.3472230360657,712.7064777631912,136.7524506494604,262.28447459586664,414.26961258136936,76.78293961543807,224.66231422226787,4.50911406767913,7.821212782566999,0.8092209355909273,Moderate
14.200342910806478,112.42561729715113,332.14590377536416,442.4154930368932,579.1074520937825,91.18194658103322,221.70289887160232,382.054945553387,85.17247336146103,1802.4985830360665,38.932694361225956,1.840863824356253,0.6466087199699333,Moderate
49.18858676355459,85.9201767019427,164.65348356667582,347.9388235663206,636.638457132866,114.9264599204867,163.450094742888,644.3666778885479,89.52433701067777,1761.4010751768778,37.44296889669405,4.675966162832162,0.14947470909867594,Low
100.77627427627407,153.32028550587938,185.56501248767069,355.44534240926333,822.1962807604807,110.98968772056122,283.36197680230055,578.2263895352406,47.45354104878465,1751.9045014091103,33.91406912696289,6.72365209496818,0.89316516014942,Low
46.05995423196528,180.80952177669508,297.92483104846673,421.79187023836727,439.28280699644404,99.27323969836605,325.0174206027302,718.7086333106331,41.14236556240725,2289.8031678405073,20.972610824347694,9.649622221852868,0.9215777230502594,Low
68.62467254726238,155.4928949663361,305.0694138903408,617.0786864850711,1001.69428825579,124.09154323079086,165.01799776539562,187.70662415555685,15.186104351574564,875.6128398841405,34.08954225686131,9.992443773233177,0.35870898645698784,Low
70.53232330346378,109.41798257421678,117.16063342984431,175.21790706173172,536.5815460840453,102.81099345604817,124.3905618275893,177.65890863177526,93.74424596887908,1405.0269756155133,21.543392818924076,9.531575328376618,0.6352169022872941,Low
22.137150376036722,196.2459646426903,264.9698792069622,317.2979030392059,799.2746157333495,80.1003458621249,264.65507224721046,671.9235526785067,15.924071614432954,1550.641479570902,33.14805904472233,7.196511335272673,0.5177107926754763,Low
43.46825299827461,172.19075656531444,180.39072513453846,382.30906249750143,847.6646736637732,35.543454388223516,103.84391230646904,415.6186870152869,76.70219638334234,2448.807162273324,39.604957423764134,7.477086288569811,0.9449225801983311,Low
40.141354649031854,212.42562450619516,317.5094718050699,547.6324522997995,928.748733321896,111.58322161779286,267.5488570221252,363.0398722922267,44.029747401902846,784.3036285778866,40.07437133087686,7.604140471209722,0.533311106301299,Low
3.1436050238477753,80.02251318870955,303.7975204552706,371.9142594688684,632.1186418101677,71.01568017574117,244.95526467378636,447.3529676046555,95.39026970492677,2391.046343760331,20.456035838435458,8.632918521635586,0.961967523026461,Low
2.9030116669626294,88.42107299147231,334.0841758648646,470.8352806539831,572.9690572707431,44.2187526011264,124.69644349658185,394.0326934873932,47.76418188407161,376.09216104054155,38.670420570841316,9.52026535537947,0.2393754230036958,Low
99.80364524109281,261.4355841543963,420.6974725303032,751.9948175728634,1024.6126767356507,120.2919413612663,324.07809071771237,745.8830052864332,83.49475162192448,1911.1836327894657,4.565582122847091,4.484776137977258,0.3782599198108959,High
32.76849719673749,127.27737844090672,167.68680188705468,254.0028998287906,636.6788967886175,104.50704005295425,242.0042855815085,272.2102814287556,35.43893489473089,1584.0503205509299,4.581873786905146,4.194283236519163,0.7922779780913305,Low
62.16945194865785,189.47965609167795,415.94200359150443,649.8682493325923,1097.7028556515388,140.600934468705,357.85078645665567,656.2119311403369,36.917984551946205,2043.1556129936087,24.6720126090366,4.631621400667375,0.7944301988136995,Moderate
35.847068830652766,81.23818677984816,210.3001425798633,469.35243037402006,864.2084349792947,24.81624600283166,215.63963414256853,574.1575949359105,63.59674688905908,76.57050623141862,29.333007830532104,6.615180855993111,0.7455741102588699,Low
112.88150941384086,193.29227378031615,231.72960180604568,388.5746466188515,486.2081142143785,97.37839269547398,314.52230070483745,803.4682296600672,99.81843703367264,199.93695213294427,6.884719919028121,7.765681692963757,0.866630891432039,Moderate
31.11561106389285,53.33658690975677,283.7682542726721,611.9023496385262,911.7455067525559,36.6359202132264,41.67626574269992,445.2563048887921,56.58151761812766,178.8909700250189,21.248102016269684,8.711916689468225,0.7174188642966216,Low
51.55881752867221,88.63522398652532,278.00248666730107,535.8323439938778,701.9190737595563,135.53744779524627,196.41401297989495,334.5276697625317,94.26777727539614,1484.433841465733,4.246320051716538,4.589297005111925,0.6542808872486222,Moderate
104.72763005815222,104.89744480632581,287.8237629871137,448.09736593842797,452.7001996337495,14.924912138492353,37.42689724997701,392.21649418910954,80.76248454238551,1509.3254886009672,27.094476849898967,3.6655576304922874,0.48597876242363647,Low
101.03202801501703,108.09973731177587,285.39491326037705,484.66223388200996,584.772701776343,98.42427096673158,208.94502526406887,590.5839677275574,81.62778827595115,2265.731698940666,38.47923165387815,9.834358516287153,0.4937333561628605,Low
22.332170141553277,198.24325831340053,248.32821358751113,490.7429187862964,547.353243753021,118.66285822920449,341.1528886330341,706.0206385922316,49.23639902158877,1171.67076872352,33.19375392087857,2.357281829021901,0.43585341854402954,Moderate
96.31719717548525,139.94086230010245,192.69253522698398,399.95909837721035,821.3186601469447,53.23767605470608,170.12274162142336,580.1947755973583,44.78880251555206,174.78239223738504,17.023119859317205,2.2589481107621485,0.6392012097186294,Moderate
54.98242640854712,174.37835411926747,346.4516037260812,653.9957580652078,783.2488841391138,143.12071190757138,355.5489730526699,807.4139611594887,27.272962728173383,527.775857048176,44.720720848670474,7.16830417552363,0.4363307327713438,Moderate
57.95626465024262,208.9942104341727,263.9248979617719,388.8359297599123,531.18491420369,127.60960268790559,209.40416219273507,258.6190966874052,96.75471402852882,25.142371570518055,29.832073940976155,1.837590091246291,0.1901195983822671,High
16.017596689913255,115.13647935249483,224.80440355325703,329.76441257278873,809.7326984722308,44.19274495273551,129.08526315404862,181.46719199460804,96.3454251199438,1942.9027401953704,36.68617954991156,4.0241195474739175,0.15120313539821442,Moderate
9.67218165085496,37.23819166596707,232.7386480644524,307.5822593877949,497.125620912221,1.1311639073998014,225.02159648911922,623.2215908744422,77.23609608791645,2039.9205950175324,30.13638242812797,2.9592488820268064,0.9282486614815889,Low
87.35271683685183,218.41367555736178,414.40180508182203,427.6258439044303,432.4186639766276,44.49857641770913,150.9528630456345,277.1391013063699,36.662720486740255,2494.8613386289194,44.523733098920694,1.7286690447316386,0.07350196216098895,Moderate
59.57533828263597,167.6205921005609,280.9360352320258,295.9909227650452,437.9139969381134,42.19657057061138,239.63794251927797,268.9086534943169,32.0661586308054,1033.4251503874702,36.961189524799785,5.81808702902404,0.15019389871536984,Low
52.42208431382154,184.04719039634904,382.0946749651603,686.6139925534094,746.2637828543157,133.49469112513634,192.65557809561167,393.2701685859146,98.97492181482666,53.14944662697333,23.374044805294826,3.766439333008557,0.4730396309133073,High
87.5409874382876,226.0953795525633,435.7508286020775,673.188429844145,724.5927107120721,145.06817673821212,382.26838415762097,792.2068400706601,15.988853359735975,590.6510543184787,16.50958032769154,4.6492300198420375,0.2997799535591608,High
91.86154787893317,267.4354140621873,431.12935188325235,662.3156972860224,701.0593423538971,10.565997895539054,154.21055952818182,217.493071435172,85.9207862927178,1471.4833248199232,30.696967311697907,1.998836898013884,0.43555645538203863,High
19.06898012032243,122.31037052513022,179.41683360223527,394.5418202294454,691.1715553171341,70.69422427999751,260.52511642459797,596.4461023268317,41.99122004342272,2405.047702796577,26.5599813963154,7.690274686583977,0.16157501251418918,Low
73.22701793731696,134.72241822162528,203.22536331801217,500.45206396094886,595.1259257758782,82.24979977946936,104.62872472819073,106.43665561397458,47.698274775449846,263.4284859196318,28.32077659623954,3.1813852303349197,0.17436159000500528,Moderate
16.242489873322263,132.96611011536493,211.67639896754878,379.76982295051835,560.3912199710236,13.936749199455495,137.10280565708769,191.97152926331265,84.87798838739535,308.32468530105325,15.435529482769063,3.460045881317643,0.8106250132888596,Low
90.16501032348548,102.48433798715818,131.68536492064618,436.32915491605127,867.3380129810596,56.62465637062839,281.8842808041342,457.30945368837763,18.154271440482223,1755.8886682709626,19.292778925674952,2.5589319228961207,0.7711533068952886,Low
78.83461875205674,240.36613604994227,308.65604114242853,434.46180030621224,646.63087020435,47.56236260894259,266.8220198697687,308.6231603819757,41.875271066823146,1669.6816022787661,25.11434587007924,4.372315542584386,0.1490402224383836,Moderate
114.79375453001495,136.28233657089038,188.6621426490234,513.0097691677051,970.8554441935239,80.40845314906309,92.11194245761997,515.0627761761764,95.68218494526157,630.0133565030235,37.767753086482934,4.662587441024786,0.684400894154069,Moderate
8.274961962770542,67.28667278221783,181.11886023436836,425.6488032628024,674.6178299606056,99.1786349597907,175.1032522420274,607.1385038147619,72.91593214941307,2033.7962535812248,34.33090129933064,5.320185817478675,0.6288457571877092,Low
6.846566538150518,153.68073505085226,380.7901220189185,470.8021196274681,670.220427047346,105.52276657448499,216.35276819425502,594.1381197440171,77.94452483253013,326.3029949162707,5.339514172625567,9.6773044057203,0.7276945865462182,Low
33.862448963184015,141.37867706271214,167.49875625120166,364.92847884222044,740.1229423875712,20.51325354200813,63.579457130955184,184.8192728287639,78.17547708599288,2314.7259027180157,11.049941250872632,9.05168349005475,0.5007264593343504,Low
31.404682048308715,102.2590756982483,282.3260566850972,468.8867532059867,505.4743025899877,121.94215529169321,304.4417330391858,566.0652706591757,15.451307484755006,506.5746661793914,1.1995976219862343,6.1134566783211834,0.30648748615676874,Low
29.637455888639977,114.85587457614383,286.6766256794258,334.9412132850427,379.6804047762514,101.78130446861384,147.90930336829172,240.0035661299774,28.288683393438802,207.97416994389746,0.35822555845161363,0.43708950424282006,0.6804952108887016,Moderate
108.7505496625244,262.5690804389169,286.5076301047563,493.4426471174712,819.4295040789516,133.36123751200793,220.02116110447946,360.6603861410349,54.213693047309064,852.1076057522673,10.09689611761088,6.141990391723508,0.40278955519668086,Moderate
29.94554398194073,91.14633347272132,321.78943469917135,431.96440300010664,675.4347596197308,67.40040891531511,233.22056812976967,491.2232142166652,43.13352092278377,473.6640148936897,35.96944266041983,0.9422026373029567,0.25800525596155244,Moderate
32.63396713543572,189.17091040162654,331.28896094083143,349.61102932419226,744.8186544837974,134.08346440832872,254.6058005394487,622.1127047698476,46.98210638195681,1319.7183564649022,40.71364461784742,7.1179251732615345,0.43819756303331897,Low
91.12779149015564,106.99198906596011,197.92336934988117,529.9530245471789,988.0884432189446,129.8661183534113,314.5088780121348,361.8360682089544,80.33026407631053,1718.6821107424566,17.629576465436916,3.9312725834802587,0.7751063438209063,Moderate
53.9687810940648,193.79249979161835,382.927145665445,607.4487748379457,801.6322136737194,65.76139985389044,306.06337515960536,454.41172397364846,11.321131156096175,1229.8493383033365,25.343936847300537,8.385080091106762,0.5020035367093918,Low
93.20526683462174,245.76384078447427,310.10520538488277,617.0268315396793,915.2318448320025,57.17149729394679,86.30816922274616,549.6188435087073,69.4442733689115,1653.2152928683893,31.772367087992134,9.428165990388049,0.33487105026175096,Low
7.843938907726229,40.571116418447204,213.94857568002732,450.5681774346659,700.9164913323209,139.92180224553852,317.3137313450537,531.8753902359978,10.009920862164021,915.4766834279611,42.88215146632769,4.200247897582809,0.8402751840826368,Low
58.50854324080612,135.97091906780219,145.89872096086398,270.8430132099035,761.64834103112,107.27471018076565,164.86074908879428,634.2955860434515,15.675267301861933,74.66688011040678,41.08195067838442,4.632525189963774,0.887561567421888,Low
4.033632021993916,33.823591461451926,243.67560086376994,423.11642617885394,838.6586298571515,139.23680196571135,242.85598381760366,738.5562545936715,46.74575078538616,2435.289989941747,2.573653652162097,5.921968431077859,0.461587902584041,Low
7.518384414642543,134.70712763360174,246.74983938893138,483.26120551044335,939.1300596491201,119.54621683437196,127.76189828315691,391.0918113388649,85.68536678243393,2049.4366938272888,11.167462944417636,2.0114705824876027,0.4059536196905499,Moderate
108.77249440132931,205.13509265242752,364.30832124191295,700.3966350624161,827.5666788512182,91.39461589371216,125.3714614668869,269.3934663593122,23.04961890080144,188.17996609114704,2.211504477982969,9.276961766242195,0.6320639996680167,Low
16.70944453411142,131.0676469416092,186.37710189328013,275.1614125858739,661.424624167171,17.377916550564677,97.32223881278959,492.7106430990791,59.91592682157504,1125.6951084100544,27.74440894450731,4.358349268688658,0.10507572375501736,Low
63.890481873026054,99.25813592514406,268.52656408975605,574.7685346081972,707.5051471070217,43.72210088686477,129.218552208861,208.87391997136848,71.06547041440697,1589.3725798293272,31.972199241268758,1.7098623423642727,0.7067570025392172,Moderate
49.331472312084784,87.4457274815203,280.50579645483947,603.9330283078338,708.3042950220287,145.32636106475874,370.22266518028266,496.2460950163179,30.65795957549445,480.53270507873157,13.872753556043016,7.639181742517895,0.7931732251083845,Low
41.68119915106112,49.150717742844265,167.45401446394396,402.09944459457876,874.2325244223541,47.91331480713067,233.36654212375944,625.8064968734005,56.10972297426247,1447.081585350115,38.42333586599465,2.2305561558176525,0.42756983089431305,Low
107.9800014824727,165.95215781770406,320.38388883315264,646.3272084236208,655.9794167825542,13.988230467805618,257.0339725145659,473.85693488058087,92.0266554824373,1336.4533022036292,20.376573768517396,1.478116286964957,0.21588505750702663,High
2.61880761305874,103.37284665312022,217.45432760871986,356.71183322579884,839.4061850575137,106.13300338789797,255.9008809717081,356.66984946554146,56.10056728289795,524.6216453940884,44.927168179365566,5.65057715116537,0.07737745638382032,Low
79.6547623410707,234.0830468605899,457.6058891750513,791.1615507892063,865.7924992836095,110.10063818155264,170.52907120438215,496.0919436805444,24.15907556088832,357.3197216472459,0.017986166519621816,6.731377790151328,0.655383319512745,Moderate
115.60733210562606,235.65427264818857,360.12156777676836,606.0955747848595,1015.8146156814936,42.81865804307262,124.73241552348333,491.11334621432474,66.50328670187903,1898.6109125985004,4.927036878835049,5.717149269615916,0.3055437363031643,Moderate
67.22018201542103,145.5915202273763,356.043697484581,370.74571608116514,508.7069926152167,44.65079690194556,124.60977772493735,187.14539745022188,63.29801620076626,809.8531831433361,13.580695932090316,6.5822809570262635,0.49069510776522,Low
112.41869544397102,283.98031603491586,484.318330602478,801.7238217391464,977.07498545451,70.33394782631758,151.95752974213048,290.44765972959755,12.42592838183181,613.8811319363971,1.147841907917092,1.1994639224620574,0.4170377455746543,High
6.270945514322852,135.73508161797258,238.3612869550617,407.9267701166791,516.3056257776716,3.268342464338331,171.50938574229224,282.14776342840884,18.153496517280995,1846.0064902509419,35.205275598221284,4.786379476946868,0.21614055615008954,Low
50.255198288899365,217.6849348041584,275.20605776852716,436.3205024407687,729.0775236813085,118.39845155417454,251.10043357677858,441.0277479580046,24.110321962690968,1841.4913865973401,2.374730454207925,3.602335508680985,0.5329502350376688,Low
31.21893491544614,126.18477010443596,227.70530324437868,425.96861533725064,600.0163890911876,47.56331809111884,143.9193626127799,525.6418104008121,22.266016980568292,694.6221325588917,33.704083498222225,9.735017731589211,0.486613846603701,Low
87.69851579768758,134.3012852604527,340.85562920425775,393.14022057418754,721.8367403215191,128.06446530029663,165.3369074824758,522.190958619638,33.35191935048398,2182.058310823375,2.3655806455297235,0.5437581450857009,0.6429402417263407,High
117.7556508596696,127.26445440531955,184.17258836016765,348.38070535875715,356.20436432979017,120.39456324000506,125.92935397554153,457.1913091673935,50.869479091201114,1722.1841618554943,11.372726909387053,3.018027320446234,0.2892907448032974,Moderate
30.783607493309738,161.47888076040283,292.58796722484016,583.4824930760511,615.6699348335709,99.21030496781746,153.91897436474062,157.06174729903623,43.4544668109086,867.6817234647376,37.85745670463383,9.421528831212633,0.2539071258607355,Low
78.50095217688893,100.33549181788507,301.859678808072,307.2785395062023,357.10911587182665,48.7312300648933,75.59908105706361,146.67073774725833,90.15849022641372,1071.586677210724,42.79928824069759,9.835787022684078,0.8236278067686484,Low
23.771715931168814,78.2712390201229,166.6406078022176,262.1616139157476,471.6584565708631,77.4474842491755,273.80874196223533,385.45751651326873,65.08984684657034,1818.1406663968914,18.65368541972305,8.257770996884979,0.7170826327158395,Low
67.83963054859319,163.68439396769472,324.23680321836906,325.09590847371453,732.4939948037025,66.72438863969384,94.84887809316518,230.82680111258998,88.85299149656588,532.9016630742525,43.64725339406481,0.8061825279632726,0.7835961291069852,High
55.67189840260034,157.2668842029549,218.67477771515854,364.1737359176054,808.2626911067968,50.83228293730113,231.88934226401017,305.1026130884602,57.4335392425839,1174.558177225684,28.209641569134416,5.635482532018226,0.16712532116727666,Low
116.64063955578445,224.74561501346892,252.0654763555089,506.97590502831605,629.3812750587664,127.22044339547674,223.63511583949742,428.79289157644223,18.088342362040596,1635.6280639339586,18.712580509481914,4.031223777071148,0.26283766116066676,Moderate
73.02327272357599,102.9492321865221,301.5452884597362,581.1154286498561,868.3002907693631,72.5260611866498,90.8706586225938,128.46095112960674,51.69587041597914,1351.0488772817396,36.12606047855626,8.074203048569247,0.5967549403934579,Low
41.94076465041825,110.29349751831504,135.03565337049173,465.852069764944,850.0345661112442,124.90846466957197,328.0909770274684,703.1020722213588,83.98292921581285,1522.7792230317107,13.289783406309052,0.5974911439347662,0.8643412795292627,Moderate
13.691494186552005,124.78645506760601,192.63180383750216,405.6084183772774,550.0231333370817,15.782771121273642,160.69041368042699,554.5508073284794,27.469339045039728,1367.8001861945652,11.960831761209828,2.011431078864786,0.8975089110100466,Low
18.149619448192148,192.7170150822734,406.49437058163346,495.61377391014685,700.1176422782835,21.15371829005036,80.09409650594363,367.2274413063927,18.20928508773848,502.0724722561002,29.544645460998343,4.917490908915163,0.8403144641421809,Low
27.03803159414821,158.01163638009217,244.62895814975897,568.0807403476036,830.0678416904607,146.5980457669465,370.2683393501135,415.1207778710974,39.649126450443404,1028.4623357066903,17.571931288564272,1.618594246330878,0.09122804878020602,Moderate
30.115999360835758,196.18467563774817,439.4460130162885,710.8065268744201,778.243950078444,88.16526939091344,99.4798478585513,544.5214326319303,45.00080475761256,1332.3038112164766,6.116311212524081,6.942515669808267,0.82983522542294,Moderate
102.07392694093653,239.2720974374884,484.20568113095334,685.255650182054,698.2467970449441,76.46545102485734,126.92035307429808,609.7382674283554,37.563190876531394,1951.2565421531356,3.013390588045896,8.216633850340992,0.9041366186450276,Low
67.346734593903,173.8557889945351,240.92479410792424,484.39886960955187,560.8017742686935,78.47340947161675,266.48514142308204,367.6669215839767,22.171670706210037,1636.4910717380087,35.45291593118148,7.059972941595052,0.10391163564501946,Low
62.806909364923975,97.37111580946599,107.6156713719386,431.1263956245388,744.5532062513055,32.290316104928976,209.63479868240125,561.9547084027611,32.57558737495431,1069.3444082389071,30.415982931105507,4.430822950717824,0.44546684908813866,Low
13.772264624306096,133.77568196495844,310.0415030163032,559.3794129818258,596.1885437486667,107.80559242529596,180.12351585641545,601.0928311776584,71.40541641418993,2436.127581237068,18.53092010729715,8.78995727921383,0.5597798071318666,Low
103.2167632019322,215.42508507471547,328.1717107368014,457.10278839145826,551.9509708165224,12.717093559463155,28.223312397658933,298.1450736690101,44.73356646638475,273.9498265909143,40.33024358269755,1.41997701061342,0.27111285423932463,High
86.73771638501805,195.18216706732602,220.37037805722008,469.93024885840396,638.8571917060558,85.99855696545349,300.51807502168947,462.1796247850639,66.92945001567003,520.9781470446461,18.48855385991698,2.640368909795138,0.540851373235255,Moderate
8.12020342800019,96.28165966588352,273.1623644103942,287.25972136777995,326.1947535209631,85.61531948788522,164.03972900536087,403.3190865455372,58.26734019268592,856.5749620290018,31.963296215942258,4.920919868260417,0.8916579985630113,Low
84.94021166757224,180.09840038564187,187.89212766362218,323.1375743043256,418.9872098851428,137.12826362002664,186.05661735209296,442.1909927443189,59.41476458719021,575.2873320848358,40.910187384328175,0.6603190588485571,0.8735953810284763,Moderate
65.22458608111752,125.42424096237625,342.9734135854368,485.1864747313895,940.821369223145,78.92742151572905,207.9428771059733,408.2613991999873,32.36946021530164,1565.4777820309982,37.832195641879956,1.0020735265871454,0.9428454171946069,Moderate
9.80704148961339,103.28332616522795,137.94645844355387,196.339840490846,205.98940660433837,20.55940439612693,248.11620421673877,713.0374510335919,56.938872949136346,103.67906969395686,22.99971493528105,4.004561548637602,0.5099043084748149,Low
54.996076983438776,90.55614000556486,122.38410969224611,130.46402788536568,457.17998997254676,85.91298888722439,96.79963334806823,468.7411888193193,12.12352424768816,447.7047767621727,30.62863766010297,9.441668652508813,0.44003859802922407,Low
58.163554455605635,203.09494598047345,247.0130204726196,293.69645329582954,485.900918753422,13.699146654799854,205.1501686625218,325.80098979000377,48.85693680924336,736.9013579582179,18.614959952731606,9.088716248106152,0.6824984280807358,Low
19.89294481959309,53.3327966653605,293.3993862883771,522.5169098173465,858.8412795335321,30.569075294988252,173.68738227966548,466.46597593959973,61.53605408709236,1709.9477088228946,29.12387275323513,4.68644983987019,0.4459225487209824,Low
113.48377764003388,128.77770982013783,302.0700498835993,582.87113561089,877.2169957925922,4.6662876281124195,111.02856676606665,455.3731422316504,26.379605921869835,2190.2828820399145,11.589859725542814,1.4644775178817642,0.08984736620081488,Moderate
101.99704457767943,180.52132932196776,380.86421318787694,726.735435642318,838.4848128196401,76.99403736892475,263.01414839518975,333.0923592462549,33.09026556240562,1997.2369675298708,19.5633951196299,1.822171176786434,0.7339253795619323,Moderate
80.282680479493,198.7780195905841,298.18676602377235,419.41399211174536,843.0187358984397,12.679892294035856,254.13599840444394,433.3488695945183,29.757791783405747,459.29192845938593,9.429558192082757,3.8065832433608158,0.31693474421868256,Moderate
55.475467320072866,134.26449580811033,218.3426776843492,428.12540547573485,674.0955967804132,70.40915677969936,127.71070957037212,580.4848503723301,16.350215973888176,1415.6873673104674,1.718322870579661,2.1402382411134746,0.09663104665383096,Moderate
49.41186499014102,99.22760874137657,157.84861043716904,485.8493488224617,897.1173582791976,139.94175529862162,175.8535965666515,459.44014665925226,41.30715890260811,79.90650013499466,26.48429327589175,0.8756071641842593,0.06959002270055895,Moderate
78.1168160581145,178.58762915839384,298.7496362364961,357.2142597048495,560.2205277989591,107.9642119528998,336.18464825857404,444.68352128873244,98.10691898067455,779.7892545053886,38.899320540785894,6.7540859610239705,0.9347932051484522,Moderate
65.45182432882865,127.91224470302464,265.86942808656676,517.0453833065267,1009.3881602641462,11.611751133793957,178.85002049811987,240.24241955769526,41.84923658172491,2015.9295680966752,1.151022358043618,5.835413946037313,0.28947220821196046,Low
7.472772705826274,175.38895692862025,333.3326678418091,597.5752244440162,982.8199036946644,33.63147183132648,143.12797722181796,402.2414239592568,51.44829596532781,1144.380955789632,8.821338332818316,2.9484027418819463,0.47550423289691035,Moderate
61.50031785243981,227.57644298108278,291.8560689807564,322.9975065350248,805.9726090913116,101.04936298401513,244.3642555500859,518.207117064658,68.77785258607378,379.10359907820725,20.7083276671689,7.800536406395426,0.9530476302539126,Moderate
96.76843406794075,187.19536166291795,424.35888188866556,725.7961667027383,982.9594061576677,134.20527915362754,320.60875544768857,487.8159811249948,68.36479760521965,1099.19068681334,29.9653567579014,7.770691432673052,0.4941411298416889,Moderate
55.10878531163497,114.1279042349215,156.56752878670545,441.15429527550083,677.9998614208511,4.937788014593064,198.19576269102237,513.4037769005815,95.49054820167618,499.09214902825954,7.705313715144889,4.93546960361698,0.12467885734999577,Moderate
6.2347893065122095,138.91862381870723,380.3319175103103,392.0229698124123,769.7498744750412,121.86766975808911,351.84121496283024,386.1835580725246,87.18077263592127,986.0126873705872,2.5512673036780926,1.010498927343344,0.5743392448843263,High
94.35338392608398,100.96171375303598,104.67574437991193,136.55528958792996,576.7009210946451,84.2720820507463,190.982779274652,263.5526259077223,81.4555618394637,1222.1445145058692,23.357192297710014,9.188770531008508,0.13378872078136195,Low
24.163653856316927,109.62207494417414,229.90349789838555,247.09791076053386,729.1708086933129,81.9136987944589,155.26642629930765,428.4033368049372,95.64645032004796,877.1474907150159,36.84193708757889,6.7031722092326635,0.14033348445485955,Moderate
31.034500186564653,91.5727111552247,174.91467068436538,292.07490681414214,454.350859830392,143.67197741300367,303.5880441104641,334.4958910326911,30.768884693485443,2342.737531332483,1.585570919074708,2.5081556505619114,0.8589032201123368,Low
19.76476241187551,185.46122173033535,297.74207521289804,475.9932219508722,875.3455088721917,112.14669188951596,216.07866670939853,656.5330492049488,65.53487751596134,1408.513092403173,15.721625266156165,6.1240227429905545,0.32495046619636,Moderate
39.625807784579706,41.786352693662565,184.45249743885984,370.7742022229799,476.09700104074824,127.51783020841678,276.1674436956613,347.2406289239197,89.84770900499407,2108.0172214975073,29.858163425700084,4.07996388348492,0.6947366901068145,Low
90.8101806826362,190.31685831193903,299.2141478151163,392.89751373442124,665.6846871071439,53.099335431700005,158.09578504568756,495.0557220879558,66.17243424502917,1903.0177249036726,5.883390274611015,6.371728915372781,0.5334781185622287,Low
62.32630314047248,195.64574773246517,299.3574603078639,618.4163706039599,708.3404448085595,83.15460612426148,121.40355279380509,317.0052736510177,97.96784271461826,1654.6099416231025,10.617604960174056,4.765015412523657,0.26121035664419345,Moderate
24.585752898085506,111.88899065241293,295.0698445057395,423.9618209609091,597.6605018360785,92.31085161416561,209.66753952890522,409.56141330002947,19.03174425157411,1244.7374270149426,24.097168970381972,4.880447894885347,0.5419292837205473,Low
105.3396093782449,120.7121548075348,292.1812235791509,308.1237781670243,773.8029617702539,48.23759105436976,220.96704653962797,603.4118108451999,49.53974525138803,10.423590535060818,42.89542633638981,7.372026814478224,0.11554385910476513,Moderate
105.5498225941835,280.5928727992059,488.9106933081679,593.9901823476531,667.0355322341961,85.53721874210993,285.3581706590224,535.0892377454794,97.96266171177726,1535.601663377449,12.930417820969023,6.156571173336558,0.3798517321102239,High
104.46941100552083,197.71128865321845,260.20103396309236,446.0893318535468,762.2897794211451,35.498306921957074,158.82987612109378,521.657607943027,44.16112257129332,893.1138452412317,21.938733954931966,0.8455292778800453,0.546694413769467,Moderate
28.655545365784715,139.20906934320675,291.59119678172266,434.4688346876039,730.9459711513055,21.506350660235935,62.815823212836165,315.4114375892208,76.56007375893739,298.81660616929037,17.996888837898823,0.7004670259407213,0.2669746211813694,High
54.148721301718574,96.73848218906988,243.03717853728335,338.88206022202405,399.2512365765173,56.095538891599894,159.76746630395778,456.2201370065894,12.736261097078426,1114.342527712134,40.3828502413536,3.084841913092416,0.6771787236722925,Low
118.198758736905,205.22841405612968,297.66286677430185,343.62600419181297,506.61552607621906,110.89344431196555,307.4669265223901,687.8242404572222,72.53534031672817,1840.2055390968453,3.2350438814002036,4.330947665560525,0.09922132561149144,High
92.64149715719884,169.88840570969677,291.402791185367,578.1103662190474,859.6011184766803,137.42807221108313,240.64288986535135,544.297261325989,94.11640592748206,2404.3860977732666,25.476641610334394,2.788464463833896,0.5105694029770955,Moderate
3.260090547067178,16.741342107424252,95.18687793385644,443.83771267732357,537.4270171715687,68.65710772473489,242.78980612579048,550.5973608201848,44.443565667100245,938.3917033495946,38.07538646354748,6.532025587795683,0.7292459922249142,Low
7.824550951259046,26.933414589803146,62.39451399404945,177.73426072740818,578.0460889338159,96.42355324131475,223.2269736608372,617.8367693746344,11.916985413423651,1359.094630268917,44.46529096781663,1.9913239206699378,0.4584487560089342,Low
55.67176521747993,206.41681874885936,259.86712141454257,393.43448687635396,879.5127416437289,15.455569646265072,75.76135092361424,550.3047588333009,12.511882395593545,2128.8547364921446,31.44264738848133,7.056203909141888,0.8808570945529911,Low
109.10642470338722,152.27401610057348,178.65242770087374,394.9655613378087,502.34526131904477,135.6695637828493,334.7071907886179,523.0652677562863,90.28209751399801,838.328552775287,17.097096404993604,7.742849881794855,0.6505831421786323,Low
64.6442157543257,99.7367046240792,270.50409842161025,521.9586145790497,615.4145969743377,85.29063203549016,106.34399555316192,394.9025741661375,75.02644963866356,359.93182620218437,18.532095864027475,1.2869771105767231,0.9605682702558008,Moderate
59.73750096411483,150.6215621891399,315.80341046642775,453.0137476476847,680.481283546407,117.05073714377356,248.27330783256122,291.40988669933404,19.601774580392185,708.2951689255592,15.825699888424376,6.52552212146173,0.31991572213622976,Low
12.65684399479567,151.031327640048,388.68292053501625,705.4082514786517,1079.2908900486677,119.16618013820907,171.3889386990603,350.79087898349377,14.91312493460769,2248.311460371928,27.162589491312904,9.616287960206135,0.9418498643120098,Low
78.81361256691528,89.96398591113311,272.3835893229434,468.38498555306484,609.1852906706905,38.472078955215885,55.2384860905598,261.2630990352528,82.43428272539315,402.68580561228515,33.273259682321296,1.9685969817703,0.6264814603914118,Moderate
98.65237927202706,202.47780480691313,215.48926449594597,373.1257912380218,383.065745586662,79.37616797727743,205.10965224808965,622.7283106601152,82.88745695248231,826.4065472119212,36.87604036150189,9.097563169605737,0.7579199542527287,Low
45.65040090090748,67.10828061221068,288.1695740944492,514.505037700416,785.115351716863,144.0719627341466,268.9625017178775,525.6587027807159,20.846965581284408,1164.2775746983498,18.746689935742733,6.080177095276465,0.9070530611912746,Low
93.07342211103929,99.63641125965061,315.3052019960821,648.7865488832927,1127.0868327669464,13.445181723124167,190.1704071420544,555.7035937912833,37.13683634997731,2118.5474926098454,32.25188260165677,5.929901429950533,0.5736373285922299,Low
115.73719846809739,125.23110985729652,236.06119005047117,514.1544930980681,709.7929208015408,102.4574847044345,288.64515796741074,298.1488579802464,80.20234581165006,2344.5946427141716,41.23001664133994,0.5666306890926283,0.869071752352182,Moderate
24.45197509532269,174.60151457284215,321.0672772048225,335.07187289211606,545.1391499836662,144.3396117052758,326.2874838785,558.5338186926577,57.28708638586057,1067.3967225349709,41.43711575028174,7.495587769944661,0.5646120926086525,Low
62.799555743368956,84.03460279642005,328.05418591454975,444.36265467353564,928.8135132305547,45.08656620810332,147.4762494372921,598.1350820190842,96.09263746527694,2330.2253506420216,31.681305122158914,4.808816873848179,0.6192389812363759,Moderate
34.456554970149064,42.58380056436162,175.6598915264032,340.3505312593311,687.6543370726953,129.2171882106522,287.13963501729285,399.2965896701854,53.295638081140446,407.8404416700976,28.660598676564124,7.225685198759583,0.47284364425251624,Low
95.14253028406073,173.96450996978496,400.2949670638074,510.37611733699424,869.9620787580568,140.04863181124074,284.2849424722308,300.0460351257873,70.92621438089614,396.3464682814442,23.918673398625305,8.10135197929373,0.18835662424809774,Moderate
69.3112039057389,221.23002885530337,241.98971830784998,487.05536459850975,768.4063672840435,112.06293140922376,217.45337043845365,434.15773729519185,55.88050291674258,2373.3807949888205,8.243895068195785,5.261773915054171,0.5758280716814234,Low
76.14989010603645,123.3833978741108,171.14636505128152,460.3405675031849,947.6451729348057,34.69924684604374,184.00242039254204,536.2183307163398,94.86689461165412,1276.6519331531863,5.563334367243831,2.6732609171192254,0.978575818752872,Moderate
95.74969915390729,171.65797030857223,281.8467061689017,537.8174894837467,882.2507316965248,50.100107823989084,286.91207700055475,514.1438304212895,45.879318286084796,468.8400492081151,21.856995305522112,1.4586462893584928,0.7978266959456701,Moderate
47.516456719494585,54.7025125809698,200.89171466529598,547.1583650551922,994.6747408577769,5.37139416265961,53.59483008300395,283.58398683863686,30.681680966074005,1222.5359745860267,7.17498702933567,1.647006122927522,0.7601235605157646,Low
109.81080820884519,190.64494075312285,394.7019037188229,490.09358048138307,839.7830133479936,124.71798513680328,351.16100908318487,686.0635297023446,39.39704742528939,1959.1118326707335,25.96499665512012,8.675999806760696,0.6611433625931481,Low
63.9634640695368,167.93381858422086,414.9993473700176,721.2456706285651,1088.8035830487631,127.44167797666199,140.80555647246157,267.9999606139861,86.74976837487063,2068.1663124801917,29.056622863554818,1.2796020515223674,0.38051323981288226,High
18.95457874024176,121.71784841562781,218.93072253415693,487.24865534522706,632.4541164163503,94.9065464949289,172.00384972034408,547.9487455413328,54.814470716092,2160.6032953398594,23.652701888401833,3.8777060268133554,0.21113443475445953,Low
83.5078941802563,143.34469877164202,155.19860780666323,281.96117295201435,433.70052195892384,52.8791776895777,124.91548984245976,201.47225529532648,41.882707315201515,1426.0794032031092,1.639202063067614,3.376032730575856,0.26332402156055534,Low
95.19136205259053,151.98733457195493,352.2802103957861,609.2238006757252,1000.7161254637399,11.52165414598808,168.1129311162145,365.98823375920836,58.983401962853456,2168.030305847861,2.5977581461049475,8.661283884052754,0.05600598506551762,Low
38.0114012481032,57.20365265669082,208.29883242739285,244.7254171737793,393.0785617587291,112.95864148723642,145.764879431559,473.76893366701796,21.99067365491581,1277.5253709641204,5.100353310666846,4.803050331908201,0.689806399853437,Low
102.86151083985035,168.88520855617867,218.52092327322907,494.7876420924224,776.1726774931882,108.97892904148843,329.5658320014269,743.7503356165257,10.482337416303647,1519.614456465738,6.9140612244752555,9.964641852613969,0.821283680628612,Low
108.73719057189197,126.64623096902561,250.35334512438067,436.6690560298666,561.3452114832176,136.89037826083515,344.0282303770955,739.7937659596232,35.25262153241417,1898.005906667755,44.544717619619995,7.383694725716289,0.30546578363815674,Low
33.22853848533707,171.21580853350633,356.7933699169374,459.094930365176,867.5866207697107,109.57980315080432,272.59625807212376,633.4390577259726,64.4505147805188,1066.4610553127188,15.50227575884051,8.516689575272641,0.1372578796620583,Low
118.02257672582665,291.9519503205001,484.55489708766106,714.0769527121241,769.3276283259692,124.30424133660028,238.9076992846497,418.45589105284523,74.05126926952485,188.58581041124305,13.138801813857878,1.0317890469654152,0.36894071443082194,High
16.88538336585101,191.49878556585824,316.40338856554877,540.970388115592,955.6937079964241,111.89319268559993,345.13220322111954,406.28436136798143,84.394986971677,878.6650603599555,2.351998604890308,2.5683674398857144,0.327448667946129,High
24.241880208298795,179.9546780958697,256.2583106280845,329.5784885799444,630.9433888337453,94.60307824684746,302.28971692698644,410.70682577348174,93.39972034550227,1561.740820905921,28.589417580851844,1.397689645939691,0.47833254273884523,High
22.106980708563135,130.24956758969458,373.68521309931793,384.3243082833521,477.77907569689074,64.04495912865139,188.8737461489626,621.290653437205,47.09011122682912,484.8692622504948,29.348585330907632,4.6630386253855685,0.3008969516049604,Moderate
107.27876520094445,233.43459070484283,399.275243443966,551.0431488595518,822.0608416126108,135.31759629634166,310.78593490991943,739.4516199762492,76.64651196017091,375.2214819316019,7.89519103103991,7.196960507211002,0.3727460700777776,High
78.51510627899542,129.85215076146994,231.91153059804464,431.2406848685921,572.4901032922623,97.64528578612047,239.3777738310416,715.1582001005495,16.720563717825627,736.2359587556368,41.36586934160759,1.7321825036198517,0.9121770403817805,Low
18.252513986672746,131.79118961774446,201.90699566890757,508.71884309861707,670.4525104638653,59.753298294886356,206.73885789195248,244.73318383972327,15.177699889487208,85.11809838316428,36.022209596780726,1.3451770184689011,0.36809358524512586,Moderate
52.83881020420188,134.85572910337982,317.6314748542703,642.5073533309284,818.2713741293685,12.520394277293583,95.2644116366614,363.66895427538947,21.231819278754095,1859.8401307268648,10.364369256337863,6.165357050365381,0.7962421443934021,Low
73.83576300837625,160.59888416822412,221.14474556666605,406.2265719215343,437.88619540769474,43.605728385657315,159.12687954188152,483.4684019939983,50.37121880476862,650.4954274599053,21.863237891244182,2.341611899946068,0.6445420152132364,Moderate
10.015690198725995,146.4154710662544,189.34296830967645,453.17418762866714,946.1550298293758,81.55901022452471,101.08936792196076,456.4180564553891,29.015329464887493,314.97479960831583,20.627588528948245,4.819284463949722,0.3706610483498051,Low
105.88996420888064,156.63526821638595,289.09374045690356,442.8498857717025,458.6171998373145,41.34530550242918,130.6824784185773,452.61409592379243,35.82324477440342,1749.327892828771,15.683419995404435,0.5586213908907913,0.826898856291333,Moderate
96.43242425298422,153.6795543579978,226.17640251903327,487.3051573195458,818.5535939116851,33.185302187685316,207.1424310282233,592.1481259793643,68.30921561610724,2108.105391295503,36.79356207715259,6.822097480071275,0.6153222661164517,Moderate
60.624812829196586,227.06033523235118,384.28662146325496,455.9671551919634,641.5809790706787,79.10902711317708,317.4130347397236,497.1488228843944,42.266996092256136,54.589611675137235,4.916901852951795,5.436097997338433,0.05818779121895535,Moderate
116.05519383110045,126.17556690427546,155.66023562283382,285.53289280406983,608.5380382774192,25.47305188436019,266.2390800751152,355.95546614285627,60.16344019462199,587.831427999356,18.689140792250672,6.491857844638396,0.1152917914937798,Moderate
50.131317513011965,137.54549122741324,301.2807673692436,523.2605669540088,701.3846934978008,120.06150949876552,258.9922267799884,361.2839128552077,47.1163381062933,2363.3546505496106,19.261400874714766,2.790293481594473,0.7650075814797029,Low
118.09323828437974,282.39738235779487,353.2215143572204,359.576802319698,696.4521254491274,72.6552227013987,224.3107856537942,230.30013038887637,25.20723299678376,966.2090691522742,21.092652207638086,2.822099604847234,0.4742014001059346,Moderate
80.15039985643524,190.0157412637035,190.07647487233166,442.9379334909655,807.5556882251459,86.07941609439753,132.5097124696394,307.6706485227505,16.66179912303047,2346.7871981379185,38.76074959943829,8.023537304253043,0.4352324021563635,Low
76.16055279047298,174.51382614865673,206.24784056720083,498.6852660110592,843.9615862108816,22.10749013960228,195.93451716298495,241.8065426029736,31.260834577889906,689.1602832348401,9.817509159067557,7.19969501419902,0.18853582498601756,Low
19.914587435494198,64.86853969677813,298.27238415555166,437.9719655384347,494.9529562175108,48.68645034440511,66.35114851300168,227.09549490809712,15.19304225419399,549.0787507519703,4.6315428080522745,5.818300079426215,0.19945266426320674,Low
105.83133099655728,167.62091902815797,384.45957880699746,541.239424819005,869.6860421463473,61.513452489172934,132.68487393903405,446.7899125221579,65.67507639008262,539.2004872613497,27.80138082694986,6.3000275840317,0.8078648275911056,Low
51.29876255047382,204.66747739531854,263.06973540437775,561.0185096801636,701.0122844072122,121.23192457747544,288.322761398836,735.5617891922459,81.61458413194903,217.64550776022097,7.822551374012122,0.9857395860359991,0.8375662772633825,High
19.468008693897524,120.12727241221998,314.7202485485928,586.1993709127045,600.6000561973713,115.52392846292288,193.10146134879523,612.9041868440534,40.576669141366075,2241.598559830268,3.3719438634578887,8.568904479289973,0.5820024136067928,Low
1.5129023970910849,94.16649727331146,246.30939556680505,347.1617167284863,554.5770526729632,33.4466212181522,45.90833974676578,172.24544572555422,44.83999498171224,2449.688381469088,19.199214925697408,7.710574978466043,0.33037141931540304,Low
67.17068203660591,85.09503047381112,327.82120833627846,441.2128456328171,657.9843970347176,92.42686224105115,300.3944645787921,367.4360356778156,83.4571956483376,2386.4994741427367,9.884089388616342,5.925390761543303,0.9360657758344387,Low
63.28795465472116,66.17302281664332,159.57443770015811,397.18181903686695,630.7688857130902,36.51845366579964,114.1009554494404,210.63709234780606,30.035162113620427,2130.8102088690484,16.254747849059264,9.190021554454027,0.6427642714454653,Low
86.32243468429903,259.78576864796787,430.1509217772607,627.2702541341171,979.6823368294752,148.2370733535368,164.0133795682064,649.5067055200099,20.72442386753868,2117.985329589183,11.686998604610586,1.727947181609028,0.8068100134791988,High
106.83096636213625,174.68847647376776,190.57240707974742,247.35275696352136,401.7746615347509,142.8185817196306,161.5156228453469,436.2528626880923,55.10063055979778,1654.408240586624,4.168640822553709,6.882240991039959,0.05311877427380465,Low
9.528790157163542,118.10714133507432,217.16897803917578,325.64444626938405,483.2847028213454,84.48970807809307,147.42940777528148,238.68051927556888,68.15711525799134,2066.403211316781,25.21562413158907,9.631668687639001,0.47780362083159245,Low
87.77957884084348,102.12829201455479,343.0827073115999,658.0768542191288,688.3529823397591,104.83538578412144,149.339372589503,569.7124499329105,63.96889825418313,524.8141990359042,1.2158288117768556,3.1345891974707123,0.877401632003958,Moderate
22.489433291709865,145.45000472185825,280.1952233343884,521.0562761871806,864.4668841833286,120.21455733129676,313.78958677633443,511.38520893261193,74.24857407467627,972.8420128158857,43.48689065974798,0.20215852497171977,0.3713216190710852,High
102.98124637885968,270.84325394593264,342.81312977964376,687.9041409695756,971.8171866693675,108.14976300673558,188.57077467349418,638.1818506608579,15.10760639557215,1603.886551770396,15.359873478073482,7.361931296342873,0.740223618028667,Low
98.28762166339874,201.90736720293427,231.97510798508597,500.42949347835525,675.1420498252493,104.97430366236313,306.14824992232127,436.4868133395645,48.538145148253555,2187.5544747411827,31.28208797204117,0.11945422833846427,0.6747910838722132,Moderate
64.89525059826532,87.59600862583922,263.4780936712218,593.1691449214784,945.7636343801557,143.7831011924292,187.24460064821739,383.8554800503355,31.47134715511238,1652.8713086101152,36.46632926463524,8.731709809362561,0.19460744803658442,Low
85.22913583479738,189.93901078002318,351.1530216374549,426.8190224921213,695.4978971055599,89.46841594609249,212.68821083211344,465.16209222715577,78.32091335914217,2098.3597860438435,12.559715799279981,0.61019745843052,0.7861586358916849,Moderate
37.722013582049804,175.66451194088725,269.1491903418309,539.1688965277549,773.7913694630247,95.44540077285835,267.45468416114056,713.7623512056564,88.54574356543147,1187.504042043997,33.69324190995307,6.545009062225177,0.15690045079715892,Moderate
56.540147871937755,129.69512445526112,367.43046242171965,374.50659447344873,630.168866304012,127.39031256572717,290.3880260321909,724.7667418347188,35.32021667257734,1794.6728255740854,37.45893849411193,3.802982237010346,0.7415183917433437,Low
98.5964277252566,256.9672223547208,262.5179256016834,497.28393320072024,815.4579958342485,100.48363017876102,250.7659826613282,537.9435178132671,18.569627116246743,2450.0521119058412,10.859275521522608,2.0732395044814913,0.9914199199401397,Moderate
55.11182366078567,171.87475526511128,247.80571817306773,412.0545155151522,742.0558178024519,109.93989330262838,341.1452937854208,452.0330486758661,32.80851657922571,387.9539500387455,44.662260460323274,8.987671078545599,0.9600823602211747,Low
42.93579183905302,204.80059713110947,435.0679687060048,556.4339938780288,700.9129034483874,35.125302929496364,92.25658985618246,293.93507572512,19.36076401530277,2317.6671273281454,0.930990727894021,7.475146226672278,0.8102296559041544,Low
59.305493670035986,171.53644969455667,251.77030927441677,553.611832576998,623.9835142725747,55.69003861726063,179.11983973278697,666.9363724155397,39.017994950210834,1308.2980498655475,9.765021610599348,3.437383633125438,0.557791553018217,Low
99.3899102924662,123.02174525333456,186.08495371712715,485.07864614726293,563.3957367425223,22.09520185678395,243.09333937488614,546.9799513135872,58.437872048964316,1609.8289866714947,35.10093403246468,2.8773232739293886,0.691083347029703,Low
40.224965684504724,95.96947368343876,229.5245761662506,237.33017288077585,557.0256158322767,75.86481635022082,95.33825774901008,485.8871353111084,97.63128589583859,2195.283172241729,8.735896127508878,7.3733223269033354,0.7417029708268881,Low
20.851391176289255,57.1744818617315,263.12491934186596,476.4517121991668,912.8883550827297,68.35911010203695,82.33117716530576,307.2635248460156,45.943322891622266,1027.087160518031,31.42169384877929,8.373879087932988,0.05798144806432677,Low
85.4416824396937,249.03045202872892,274.81714224831916,403.5584207606539,608.3065599334298,149.57442214191852,207.89999403149136,473.90363176489456,29.8035931469159,1049.6379743506764,38.49886822423066,7.172712119743303,0.14724790990530862,Moderate
99.11738552496982,235.9893976367167,471.74457504815075,617.2259255733079,701.9860057380391,91.68129792233137,249.936602806836,464.4136589231081,25.012156633375156,1320.3186816860155,43.164642268541705,6.417892789105626,0.6172061754749193,Low
12.076497422824,133.8282038266251,332.59642412191613,623.8106828484877,1002.111931995415,117.9667234791635,182.93663009161523,534.3971291225992,25.57357895248084,52.6597008196422,21.341138193012128,2.3178510156270553,0.05620781313576365,Moderate
28.78489353071337,82.95883106440527,128.27139495229326,236.71531498698067,652.960052196705,50.10220061364814,97.66217156584787,523.3976785092866,27.33379149353133,1244.1821214536603,43.69991053419528,8.535399633600898,0.9134603682348225,Low
17.036638771319268,50.1646977403577,228.16668803989836,558.2337717630654,998.5249933235486,124.73179970141948,239.4323785409925,493.1141501532743,78.60403202837023,731.2627261606046,18.523003350675538,7.509136735410829,0.5151795775638239,Low
41.75296938986,177.91416522786412,274.1538458872534,337.0256851175027,640.4413995743694,92.26274497315251,245.66226216550538,486.09599148361826,15.492494028917793,2320.2456850674944,9.815761785347359,5.196879183175823,0.2948787218248656,Low
54.042117468649515,139.39054772688385,239.96421724596354,471.91706542482575,902.2813451188681,104.54884973976577,166.68827649395087,336.83151004314936,99.76624362487307,223.89957038881315,23.126483388812638,5.140298234554468,0.42413011111771926,High
89.85916043559678,130.50127982271002,326.3238029324266,561.5605763872443,569.2680556114482,44.16461669241816,119.33741337335368,207.8857605203956,57.0417752049635,1151.0045527394054,29.242045994017168,5.713271626683095,0.8582375901080027,Low
78.1377101858009,189.12966625555043,429.8258682507335,518.0941747505049,571.7120756352666,82.29575875433657,235.68558495721504,705.3094463947695,58.98447048707431,2368.9330850915153,20.60834922224747,8.291350122077695,0.93083323007591,Low
74.51142809741174,81.7715214823331,113.43548969413158,227.09820283265225,273.38623635870164,95.1055460120413,331.5401515094045,489.580010849157,42.18074908296443,2253.0829495446014,25.51375997850562,7.435482510933697,0.16042323145345405,Low
42.28499359315853,100.99563933624417,206.15319855594902,498.3326709589282,854.6350130862947,88.36420137248716,257.0496332320092,657.395365019152,72.12298234709084,1754.8643637245027,18.738413447723488,8.569637689761539,0.7890626022577979,Low
100.97370637017119,185.31396539657544,305.5493674176513,572.1812066518846,606.9720984236741,137.27905671368498,333.00509260982494,690.678603253562,52.43107067927179,1475.4558247302064,23.61428793095624,5.097463578004287,0.5993157623057038,Moderate
56.554460087779745,83.1869602274728,177.2649144662222,292.44847257638804,540.6306588095415,134.74089967388304,226.44342336275022,621.9022235018148,39.615515646809484,705.4236881464361,42.86680523759527,6.265258137231658,0.6062276197812624,Low
117.49259256181854,294.73039852816964,385.5276794572259,572.4124708844528,808.7659202025973,145.64760868153058,213.7111985276471,682.0952652136983,33.862456333723856,920.5579963173747,22.49240186413494,8.552989478614997,0.790479515801035,Moderate
76.09705659548843,113.734582221619,126.80174911201813,148.38985280060155,303.741614579722,100.1142009010484,213.68113670170402,525.3665168121527,93.30860862399335,229.88648756154745,11.393083476416711,2.3615845987583173,0.2617024524466596,Moderate
15.15176898774033,38.61533239552813,209.99998753618394,283.06104637570417,718.2636313467541,145.7871195188527,347.57032669677113,796.5454983877935,36.18905635471782,1966.340202906803,34.14359796806568,4.468005768549428,0.5544927195762104,Low
81.14130744905208,117.77758474869343,226.83118902870478,396.86838462984446,482.08498556984244,124.87170000478633,238.9466104524253,322.7952719085721,49.275393348685775,813.0550709200103,15.19130060016972,6.2254897579449,0.3533849846782687,Low
39.01248185180388,177.44348582055423,226.14193648153594,256.23274382926,432.4641360288799,40.624821050993894,252.30617324845915,565.662461226853,41.53072619048214,1671.1158380803674,36.72932268696258,9.155705260713109,0.13978672772768908,Low
82.3592636023317,158.9502822712634,362.9586578467805,658.1249820589586,1045.210732070423,64.11535043269456,311.30834560647634,697.4461520637826,17.756094468523237,897.1989691105405,2.557889504274832,0.20756830990894348,0.14982547327877366,High
8.356937779488689,110.13180693494553,310.7719939728525,562.0741675105293,577.2853247071714,35.758866328351466,53.76553276093555,189.58609813302257,26.734095503404042,1163.5044512836753,14.948008969891111,2.1651029238236137,0.17964789709389323,Moderate
20.985772461115126,24.76742071866006,146.36532774088352,476.6371124678567,813.112312591041,0.6295741245847808,11.982113145510704,382.3590137914932,27.055177779374382,1389.7311685791055,4.246195871728775,2.382782552224839,0.6341548564595961,Low
102.68847106869435,108.88610661189098,183.4987718988311,426.2121889862406,834.4110521670259,28.20731297203629,65.60473870037674,454.84315325849514,72.42845629506894,2005.6217589345558,3.8393020910624154,3.2997961686048525,0.15053868845844448,Moderate
27.261546842821787,107.5101458116847,267.03332726079776,596.1738075525627,1062.3077269716464,0.60908794303135,96.70150687661791,512.2954848848403,46.59268689692283,531.8351619639976,29.627530162759676,2.853776873185755,0.5915986504606648,Moderate
100.4449350291528,247.44287880544505,319.48091274979583,513.5603072416336,951.7086274873761,107.9757692025735,140.7363214889316,297.177777786898,80.37708067635927,999.9196401404918,17.340066060912335,5.921880916344274,0.6088822050783967,Moderate
33.51313061452925,192.856128781891,251.858111362819,461.9346252345083,621.626683651351,63.83014465817993,281.49626406286893,622.2995591470235,73.80558319007412,329.55352187008486,39.21655238933006,8.861921629334716,0.9087016846157966,Low
77.14582920704491,92.75301137426015,275.38167488084184,617.3215440000331,910.5036146615093,46.88620906167874,52.672771818444694,204.79941352332574,27.28447897564339,194.02245977854196,23.23823120430881,6.3879295186702745,0.6450577665092385,Low
83.29806882117973,180.20342719936383,190.2847371296015,415.0299385320926,453.6766851073255,114.25813366427819,193.2063127482338,562.7265064974615,60.66252281080906,1513.6625186411356,13.290444952752724,2.453189261595873,0.9863084488374263,Moderate
61.51857037740635,225.89991390767503,249.59203166632352,260.3673307675848,389.30233254158907,124.87301619294675,171.0466735664981,402.53350613935424,76.86179614439226,476.78215567546215,32.43999995829876,8.64434085819734,0.07944295094379308,Low
36.637281203607756,106.47237699522731,108.16942050112475,361.5003923218079,408.6115816955616,146.29493079748198,379.17976333686505,677.951950600475,66.97386311281507,154.19935810561654,28.080755621356484,6.338855602017757,0.7189388298128631,Low
25.517325164531535,174.8391748216379,213.07497144049444,529.9890136885899,687.5826587655719,96.30203770128618,263.6722889237932,471.5922796390776,64.00148572791828,2243.2593383599815,35.98175793731415,2.2286731436296203,0.07515607415039115,Moderate
3.9827225474911465,28.047940339389662,45.29544251700453,323.74852994501884,761.3421366743833,69.22934378100776,297.23690789385137,378.2283713587635,76.56497986606912,1338.1144773645626,28.961472435384824,3.6485820448067066,0.7429086989809685,Low
36.473568148886855,204.84457628909064,453.7951682340703,658.1368136529682,831.7202334901144,45.78964524111539,288.8718228187137,377.88658762139556,15.11026653306762,340.8973774704467,7.5156037694514115,7.9101498270608355,0.41655769874383364,Low
78.37953486375396,213.63573201938846,285.83822450791087,520.7944540906416,801.7435055913547,33.347731382133944,157.62229230147625,196.40674593254352,75.82797526252895,138.29818798163652,30.163951695017968,7.402365255796786,0.6307423771229601,Low
112.59657821381792,282.03676891546024,319.3537720827721,665.9208983208572,882.6113223783276,31.93889257239018,90.51866958439675,399.5550094452276,34.53897368380855,304.05083326707205,17.619713892711463,5.786994576581143,0.3440611684839208,Moderate
104.54453787156625,226.3356399110174,286.5847044099969,318.3164353882653,547.774697537633,61.37840620796982,109.81060275711714,534.1298017336468,61.468502905841866,1180.9864145999322,20.841436361590564,1.4904366522685901,0.20114978719501658,Moderate
91.92777318423632,157.34048094413316,391.3718738291668,624.9075638508007,1109.6935897690798,148.76795329318946,204.4976687146496,214.91608184569006,31.807449522685673,1672.8208116464,41.47040590818051,8.042728508279316,0.7373368921848183,Low
94.61368119039584,263.48629224484586,393.5263480009448,492.7155411006526,640.7927752325816,0.12805461561049003,177.27638152111123,210.39613256528799,85.49358149861538,1604.9937870901836,16.198382083398617,3.1100481590998434,0.9093893612565824,Moderate
79.79818841711943,129.40020815277157,220.6047322297358,444.6363710348953,758.2986057964811,29.580884584650118,39.6923166154003,268.4258127668555,53.25034188706804,365.3356002299238,27.538161434587742,7.727399493041665,0.22440332151503323,Low
31.23442290792036,91.02547687903223,309.37334135633705,522.0415929157157,732.0729277054393,28.258947360536073,41.09921561871479,409.9595837028094,67.86470908224851,1585.5549348350835,16.35667800355078,6.4932853393344745,0.9246678511434205,Low
108.86340368469958,235.00891892501284,333.75648656227094,387.46637780012765,418.03946832397077,107.56792282984385,259.60365842563135,338.457480781607,81.46738391290553,1015.1397324229106,4.262736841100629,2.6784943023530055,0.18317300374431655,High
80.48787742870009,218.2448113432696,301.9969538326935,374.35827984177723,619.0236956538952,52.87270913970927,213.38699582406093,349.2126555986579,90.5783729564228,1164.5357418271653,20.408640392173524,2.1630738199199335,0.7488787884220547,Moderate
67.2528757176528,234.54550281050047,286.3661334479344,503.93648576305907,910.6081502856132,68.5891206887731,234.90485176938807,350.90795241029167,75.88558873624069,2004.5688635820663,26.867767700684336,1.3525537364143017,0.9614729002700557,Moderate
13.31873630561773,50.183169935735435,144.6323759130883,189.51285746940925,238.88934181025343,22.293619570485745,115.26374571763355,314.7893550532106,23.389171857136517,834.5859348356977,18.337648141691943,2.4573650540517513,0.19000233766842578,Low
53.64666525677105,197.28631159623137,276.45740060046285,369.2707068960758,404.0666305942303,60.74955583154215,262.2357780100805,374.73511651886605,86.90791326272078,371.76262267256766,17.579978310518296,1.620398773368943,0.4633355444175856,High
55.24299254423116,188.18128215568458,357.5072719802198,649.8432136885206,726.658973885154,15.479971785875406,148.88611871752983,325.18545798990635,65.67201242789555,2184.2655682480195,36.91703312524786,6.189659915488125,0.37058460824047945,Low
103.7476331427204,115.23065326836802,187.6263294360498,302.1083565366233,684.3084122312764,79.95649318328746,106.32290068564232,470.59420001661437,64.85047825422463,534.2657867865133,1.3358327530261593,6.007892033823672,0.4190538626748932,Low
65.59778642253461,135.29795184037187,279.59788844601223,450.4189431403943,812.4166352127633,14.690754807428391,213.9655815742647,519.4702058013593,92.92065038244294,738.6045270338335,13.301342853305398,5.882411998321332,0.7654827521751878,Moderate
45.64806587644916,96.5458481472669,113.01888940526007,442.41800670630414,724.9268911593595,118.57625717597344,356.843203743588,397.4340564394344,32.39484000992948,1767.9421969620428,36.52907694197452,6.436803601787141,0.6781294859277813,Low
117.21603942127912,172.0243158050046,219.8466049791332,299.3487860720644,533.4619881183805,84.99025763107342,99.99933588166309,418.872169004522,31.562885664463,1710.45804105873,41.42385668750237,8.157106112947435,0.9702526162396783,Low
13.28647119915788,190.21690951900405,292.06822742184124,428.4373334971449,872.600240848456,108.59518106602754,206.4330157411725,444.97160152077925,56.18741992254657,2001.9980531031526,18.55348136283727,9.139849479920544,0.22620552818860118,Low
50.70581139743335,166.40574582382038,400.64305930099425,612.9032807412352,996.2521926579765,62.77745799790258,184.6564692065895,651.9392565601588,77.57767598813786,463.747270412613,39.995740943823435,2.342236602122533,0.5660978258595861,High
5.042961020568635,134.22466942339855,228.5376658523224,492.90629117871265,898.8774168296152,57.2236939863341,93.84138400591334,238.49354255793997,50.251663740565824,883.9383338189372,8.951855495626472,5.89835617718081,0.47666983814807534,Low
88.78849449203165,264.5796692087333,430.5981995086919,746.1768848581387,1152.808035533466,14.73133335732954,231.6585703030488,594.7417801526287,67.0502250903162,319.0786811958714,9.964218053707768,0.8294454014103511,0.9229133034794622,High
110.16918626389807,178.06550710627303,241.83731271162256,562.2528583623529,883.6114357351319,78.5783410564234,149.6157522789344,515.0461638012193,50.7272251800447,1354.8926721856676,38.07861194631616,1.2454172616381716,0.060088270853111955,High
33.604479546058734,177.93570986756382,209.69410386087173,481.5181298912898,710.5254420492627,77.1753247285638,272.9274597131038,383.6778502176975,64.93484624382718,734.9636283840596,40.64659836032782,6.560676163965835,0.9897118807287395,Low
103.0010012158945,181.21657461070367,195.8507246307162,275.7665174383749,708.1053937312001,70.2153066674408,237.96392717451982,689.5757396599879,84.003607235234,1723.8944243163642,10.026259558320037,4.891476588819986,0.5057475986539023,Moderate
35.06618765542773,191.5822485821241,267.93562321781195,276.61888873271,739.6225975343353,111.07775470236739,260.58921031912325,506.1808105339248,26.242902648183097,5.859198121429975,2.6695885485875,7.595404264002616,0.6442626648719176,Low
109.29241939726982,141.8107768333044,181.2260335325314,315.54690915699973,327.44993078617125,124.87566000485317,172.91137217899177,512.353055623643,72.58406806053856,153.90908115665022,4.064586167487948,4.285490935856185,0.3920499280154297,High
90.47542843161408,261.0589403031844,304.56155230721544,354.1036501529536,379.88108678607927,112.61845124227622,167.79433138000263,240.7221108217549,80.8683165404365,1084.2379497957618,11.762137591936346,1.319604147987734,0.8599003362107239,Moderate
96.58881322097264,135.967720734931,326.15754783166847,574.7932244350728,1054.1648728892915,21.579861421026575,33.41696260766891,162.3189211036535,50.24002667336042,2395.6694691590433,34.26520847160577,8.726933855616712,0.5838885478624636,Low
2.16078667205454,60.88047792862221,64.83999566484077,296.23570105384164,434.816007975939,93.30892639231621,153.4870338378828,446.5405928064942,39.091021936106884,2227.674211461161,22.949632250832728,0.8747402878959566,0.6796703894372766,Low
115.53724284888311,251.65184498810362,391.10437642196223,406.49445098947143,843.1791708141808,12.048465853430008,98.40936821855853,257.92300240523326,11.218989153196187,2485.052525014648,20.501497900924633,1.930198193227051,0.6664594726576426,Moderate
87.20051904843879,158.076444530212,252.9417896785782,545.7496123744111,740.1471718551124,104.19334311607147,312.4796690816778,562.3261283671645,81.73945201006842,1044.991411035792,26.286296902470042,2.8059198163204173,0.3957830329028459,Moderate
36.570131446336,146.0481792642964,272.6856792414332,359.745822443347,419.2958512480248,57.275864484169006,148.87403116287032,335.876630849515,39.51447931323892,121.1883732530101,40.06004010579838,9.953042040300996,0.12219144601628504,Low
99.52735978306163,179.55058997555875,320.2581492792095,471.53762570107426,511.7592258057414,19.874843439942993,208.5302891313446,528.8071874533687,42.15785224672452,768.3605743393072,4.069367080454591,4.19775521075104,0.8173209147893475,Moderate
33.78254380979159,167.40913248595234,245.75105610027188,479.5278635097817,557.78181305001,129.30762854641918,239.16819887029106,482.7408802606955,40.240554678893105,1691.048276174009,31.26258574364616,5.041999878257243,0.3252301232251016,Low
104.73046074793535,145.8300861742853,219.60730122035662,369.9038766186453,494.8504740523277,92.1012508558406,288.3183288543127,290.6232968408968,54.88653977311043,342.2337053697011,41.705588054493234,7.708482672189991,0.8564837170538193,Low
13.509646849432443,24.0320845520703,207.38254688579673,361.83327786577695,606.09245483119,53.20874519212913,297.27664530138907,622.117064274081,73.22496158971694,753.4305860062026,9.600751879128,6.382335074121196,0.628210858351285,Low
84.4423172952955,138.42960884044743,356.24885587073675,379.2186542382459,729.9676045211377,4.6090769475749305,64.56946646196997,275.6302449870608,79.46768179004597,145.1345805394224,37.69975421828255,8.422135884816267,0.38601876019260406,Low
64.88381719738923,150.25937687370669,198.40478498833866,338.91002722934,832.1093154719899,80.59653885054158,296.1819418415106,467.031112086622,45.33136483628425,1190.0427607836343,31.4111119841776,4.890012912949542,0.6145347915249416,Low
11.584136423452897,41.82774581813504,66.23243595192228,333.9291985789165,554.682570223502,138.4838817729349,293.9399033493786,341.0132794909904,69.67918315406521,526.2570908492444,0.651084123291511,9.723167990557558,0.6632180577433657,Low
29.027259391060678,92.89077152921064,317.3397231272171,637.6514411425263,896.7439123140812,89.45697490535485,293.78054030251855,403.9653855857643,74.86158252441837,232.66382711301088,10.422525616295768,7.978282997783763,0.7213492373707387,Low
1.4884843532777747,73.4854276461201,160.95929355796977,305.68329153014986,566.5911422217777,145.74759069292398,308.6440662598753,420.530212050302,36.72255985096434,1030.9834446587852,27.263014240314636,4.0435856137169885,0.8312212277817177,Low
56.252155855740696,66.58268771962993,204.41203538533347,352.66707479301107,622.3842525369791,20.46766774056878,126.45504455910631,594.1397942614708,18.695932258338395,881.3073839135166,22.608015277104524,3.843654638305217,0.20176719510708546,Low
36.15183129120005,141.14713596435686,231.03292209435773,476.952409307636,735.8227378598672,85.24576568922552,142.2645005496731,358.5209879229465,90.51991485800163,1346.1067536790033,23.757131363708968,9.298437360839968,0.9469371655301858,Low
71.80289811573105,230.9847151505628,262.43529923707564,592.4054996239224,596.7928771548814,119.71875720096442,137.22756353375567,158.2604871413407,70.94043746034336,1873.8514450075295,10.43686910730702,6.859935576356436,0.4402985837061353,Moderate
35.66853692503406,62.9822612565835,210.3151724935155,303.7865015772916,304.64891263221193,78.83110966885744,212.71070078403667,282.11904190569715,68.32993679886623,285.85899738413053,30.3751561818882,6.233264663530104,0.8674277834575584,Low
35.99029338083816,143.5957357931107,274.88094873551813,428.931421023796,477.76458008685745,13.659953398120889,261.2414770298373,300.7578148962933,15.301226369078018,1978.8583475739713,11.98882669215496,7.5904148424664175,0.2594556155993959,Low
89.1831838477924,208.83624073174474,259.58463052954403,538.1752657728495,588.9535674874388,87.43290023208266,271.94335148563425,566.3780465892398,83.60857517535338,70.59349978857439,17.524573491530425,5.630296589711528,0.07757752359447904,High
5.777140317402414,81.25738279287431,194.22464395594378,407.61739323685725,760.0658477142554,91.76068587637076,173.5970712261249,266.9078170095383,60.94487404774478,1110.5392467271402,16.60121621460343,1.6337093922029804,0.5946768414417082,Low
108.34739942303847,234.54496514860705,433.7818411525185,472.48706153990264,574.9450777979025,109.30638727130288,316.1075872929867,565.3864074338746,86.30959755858095,1470.6385657802755,30.241125995395436,3.226193847680389,0.35843296511881695,High
102.27166492694178,176.20334275532394,323.8098685322968,543.5163259790897,990.8733783568962,114.18172727482109,306.42772731892273,491.4587587539105,97.71050653630853,2392.711689483795,4.061374275744782,5.6015513939042485,0.9852389047005519,Moderate
80.13656198716878,170.97127382310705,195.20060558985577,260.5618051989202,724.86496998743,115.61590323159108,186.02485156995527,587.963040142055,96.13902887922178,1436.937952039776,9.249385546808334,0.23076981822531117,0.14923078197961376,High
71.18658841288611,72.51013643268297,209.51551073996674,388.0910876674082,876.0377566153576,99.5166590458449,103.09353149440358,263.3383501270847,87.04804117511867,401.07923721211455,9.022368180828053,4.401639514384116,0.09493772270334565,Moderate
107.07629977675826,231.58592032100225,407.270495143399,592.4566388245524,1061.9972912680626,32.37167796279872,61.91233759628612,291.04507879469026,10.9852636448232,1296.2668043330534,4.8791103352069545,7.570238648795569,0.09276692762547659,Low
22.239621543445732,141.28130375349613,339.45715519868395,646.1283319774286,782.0724929366909,60.635363375921905,279.9619109539363,640.6046852528492,89.71544874132609,992.4809482425834,9.341774047640657,1.6841283449369098,0.25603001046260476,High
9.476299462899433,16.388457381641455,173.66785204020815,335.5408479445615,590.4292702963178,116.4194958921598,325.56025471837773,542.2358581836974,16.755608244488094,1200.992141162608,27.317712056550945,0.6923615540612118,0.6002315605470715,Low
28.741220389144573,95.02623972026853,133.19078085546448,230.99562863802745,318.72311373649796,143.01404751012197,216.81629772971257,613.424065736307,86.60745731590904,496.7570515744227,32.94756768933847,8.368489950240601,0.5302852049624571,Low
95.34939344402284,271.57512478652296,449.11844143406313,529.9566633096742,933.0614908958908,11.8420447254933,83.1409012965984,413.9830794149309,35.215666175046124,1254.5634705666232,29.71365511361052,6.191874991210451,0.3825720145918834,Moderate
4.160432007177999,79.89301326952902,249.2284747899081,555.2166316294258,999.4324842014739,80.33050166957922,278.546748445197,483.811305418555,64.90615046800309,379.3492119057377,21.383466209139705,1.8069607762701665,0.1343534520460638,High
69.93682021001875,160.28699313375026,166.39371386890855,226.2475129152885,651.8919325640459,46.878340698645964,281.31270817250146,533.3036710156828,13.42614080348917,1861.3874863237204,2.359555699322864,8.072734556802777,0.2720502400546029,Low
119.4525019429572,283.23993041170655,386.1768473092674,535.2308436183677,751.9143179667851,33.809084147524466,228.59339834692443,712.1951262680211,79.40635265064053,1486.7961192628668,43.155315480904875,6.598388241297762,0.22493971154548104,Moderate
102.68353126050474,231.79066891634088,315.02823065693417,380.5388208813656,759.8757632247562,75.87160252795725,227.26627178564763,558.0720200398438,20.053551000967435,200.92659052149932,7.563440737687138,3.3744867330019597,0.758383495298246,Moderate
62.573482685230736,167.34610628759097,334.69912235100185,605.3555363910332,654.1451211791679,90.91340108348051,151.58123866643166,604.078851652594,46.96193545081947,2224.5880974828046,30.07896166825519,3.7931529060193045,0.7909490638512484,Moderate
7.636909114397081,151.24175175579012,205.2757048335203,371.30612882463697,391.42851413426234,1.4658347129221871,132.90281323673733,222.2820649722695,83.57014020927713,1542.8671135160178,41.080077696695,1.6010872237111309,0.7881633124087287,Low
99.76482172628518,255.35074968836034,403.06873043192496,525.9690221268091,902.5872292811896,117.03098583017864,175.4089504784948,417.02702860107075,72.58140968575017,793.6871025439394,31.399969319144486,8.360793162376966,0.9705885171934412,Low
71.87742098126526,154.11727389397328,382.41876434751634,508.80363856677974,721.4812757311216,122.98231968891714,324.98517471311055,779.3160096356359,10.543842717226022,118.87778682063922,9.81223380850276,5.114616183855233,0.8900260490173304,Moderate
13.791959647148019,99.31146533487839,298.7620583870303,597.0370307400731,1094.8116631098576,144.82662368518996,241.56689356462428,402.87292428533306,46.27291010882939,1582.4056059502245,14.210833444381038,5.592339812604422,0.5229145098195797,Moderate
11.262874178802743,80.7520425961332,311.1164766502658,504.9373606533191,553.5644685810853,27.096559983704243,235.5208642322108,719.3529633054212,13.773476526805723,936.7334520641004,1.359264015499283,8.84074455621759,0.44418921986370685,Low
109.15521833239109,283.162323535714,527.7888152688865,779.0425631648288,1206.8564039324456,89.1828843541422,184.5851888498235,233.12393408665224,70.61498747366223,2269.5071716718267,27.57412083789511,0.20751463370828443,0.9199800918239887,High
80.30403155256941,205.7939573248325,208.46148907637317,522.4249697641128,762.4165025286087,63.99380602145918,270.03115732143203,721.3667424589505,97.20536425779893,92.0201926218655,27.584684139670497,0.715884472106756,0.6306639894457394,High
99.51441591801067,114.49456783546368,270.17988692983306,585.7894735440577,999.3645712959963,50.2241777333026,133.55363152461308,356.1596925575424,68.97351360706833,102.56057617889712,32.647526161937066,1.6577108695051592,0.32967873367431544,High
105.47746803387209,260.8102002302154,364.020049669942,478.99821868819413,887.5618597732666,84.8450177156257,194.87819387004316,231.7502764406235,30.19351880058002,2373.501720832804,0.4948330174029608,0.3488762402270484,0.586240826329409,Moderate
68.61268224579867,155.11347159632692,370.07709418010734,703.4350362813423,1161.4310369623809,117.35746398353254,271.2295688191969,710.9903651122406,41.97097288598861,2412.360494470368,36.802857997101,6.598653758412775,0.99254195156132,Low
62.09356221060495,74.46926536665269,137.42294086893563,146.12949957404754,295.05450521709895,3.457917516781517,21.029821024261185,146.9999272288179,97.8985500092621,74.2168557977333,33.24199308301387,6.357100708473791,0.8569965571447442,Low
51.65128923851882,150.6003951679148,395.85776744668385,527.7502138023418,1002.6498905333433,145.410016884928,382.46178233879414,393.58684508640675,30.164717082911505,1791.5029211786123,6.339897428583997,2.147478934143406,0.3172157302565645,High
38.03359053493431,113.12316075056069,266.5501531364975,580.079753264592,655.9132334434022,121.48223785585662,264.88368438680743,332.7872371714036,60.53761657489984,557.629656560457,15.643197417104037,1.5365941266226126,0.955306704621356,Moderate
52.151515303045414,210.1464081783179,408.53075873552564,504.65366667146964,545.6380554682149,112.67305554683676,239.62805921953733,569.1854301694182,46.04084278135703,1754.974951883751,28.733620180689755,1.4995627787967367,0.9823890059051601,Moderate
92.86555868761877,129.5845873373085,150.9844755430006,246.562983155462,462.3707418416366,114.05810732707552,323.9066001070535,812.8123446761509,79.14837681353994,2172.4883276616692,22.310859372314756,9.534752062520491,0.26960861144464443,Low
72.23081172181578,220.9944414304087,266.85891262012495,372.776712398786,786.9381967197073,58.35910644279789,274.7997889170048,330.53085870876316,88.06503447818984,256.5745397613771,5.1792418755568095,6.950370059816177,0.9008125125762741,Moderate
107.10279479458153,207.48675920796302,397.0876774665138,611.3973621629366,848.1079274796593,112.74308262672206,243.30818375897604,474.282207821357,40.67535469152671,600.7222098212949,3.930541881146546,5.875016843227538,0.8890425818138905,Moderate
53.205601725502525,63.03545630392695,68.53208681375786,221.94855827878166,636.5918970440387,58.01553129044365,289.831112738853,380.1493882126192,69.43567273294443,65.0737824746046,35.16553345986412,3.2587443744606874,0.08776589457233858,Moderate
72.85074944625049,247.78290368483772,452.0024001582834,706.3595928819533,1071.202995779106,134.80602443621896,150.99046595533912,523.5087330061351,59.41429277659546,114.35546438387979,7.018520310801442,4.358779819192456,0.6862047334086028,High
75.75690637103864,168.02765030961461,171.51490498259247,484.7336298802255,589.4478229496923,26.58335749597045,54.88980555877484,113.91925543968192,35.060004104989005,78.89655625334659,7.744170326869961,0.9395885179321163,0.34001667737961083,Moderate
71.00365947675907,123.36149323844393,287.64120300376226,523.6109842337635,998.0517966834954,43.85211363227272,193.04917113588277,312.97004537632756,34.474672253170155,2002.7024792839043,37.39154064105409,9.981611286147265,0.690881995167282,Low
84.31605277026196,168.80928432832843,260.0827643862799,331.6461164554313,362.036700770133,82.70063140486141,171.21709685325732,269.420080677793,58.47684827790736,749.2402326847878,27.54628355534477,7.563100362537765,0.9178807594807313,Low
28.492016204976753,182.90641723812476,335.7801304179245,662.2187962441003,1111.3586500159977,47.88165538309087,163.93794693039058,440.19783711387953,23.860258617906982,1235.5625417321128,27.212202366928757,6.233458910440866,0.5238402855900425,Low
61.483653305494876,116.3662156948063,290.37406744208477,382.94657311370224,535.1682976088892,63.63558679429101,145.65539126858263,582.2474372688988,82.97289068342243,1970.6714376745556,21.5705597113503,5.898283592517427,0.4436921892492201,Low
12.50697633700172,47.18872770460777,132.8075325011838,185.27053586603915,435.3445774482388,73.8634034097892,175.04473127102312,430.5898318492324,16.210435528036182,1239.8844384532615,25.604775648103093,5.067928001730066,0.9254547076280464,Low
46.14135931737751,69.37418376493616,96.36479579264505,127.85334339398136,339.0292797443486,128.4530023220263,334.1145891086012,363.2363154943368,18.511703758748467,1075.8441762483671,27.079636066731496,2.611402905363223,0.975409171851606,Low
58.52004823455173,112.13473994478976,129.54620688185616,326.7305161150141,412.6477945734722,78.47883804130392,226.84788800488008,508.5423533032957,40.80036780345408,33.87515019119973,43.552180567961116,2.30258451442435,0.10912451140411258,Moderate
78.2669111454567,218.67556681266453,365.9095724533015,405.7264343215296,584.7998675223762,54.36897729218407,303.70511461305864,702.4656142720632,20.628258237742003,1422.2585588292065,10.033798836041067,5.517847949032782,0.9267056656907969,Low
114.06372631034442,198.95647204549152,329.1203104790194,377.69186991844015,474.15908806483776,37.160424605267366,233.8802240605081,299.9583227126695,52.813001912994324,316.2339799520306,9.65530888652066,0.7484981048516193,0.1286301068457944,High
72.07812798580271,113.0248166506399,298.57506893092307,403.58573713934686,505.52897486960876,61.30139681882958,129.71796034428624,166.0735675165821,45.97083013976833,1912.7973607736105,2.574831946739206,0.7909844487419301,0.37042190271441017,Moderate
89.23126994118718,119.14456987094204,246.5784473719263,345.15700076148863,438.6854187746788,77.36041566215549,143.44669509382953,237.35058387261407,74.96288162971453,648.0556209184739,29.618945946419505,5.630095351445483,0.7744454163088104,Low
60.75192713942433,120.64323291129257,226.25468041901235,437.73850903526215,682.2471992085593,111.91722858048546,195.89179610973724,568.934957520551,95.77037396887484,1687.0975899675943,24.706898137001783,9.20212987969188,0.7881851328427105,Low
76.09248376515976,245.27887088458735,344.8006654436451,630.6615132590837,1029.6271970147413,18.1573164258508,228.9721865877865,524.8123963537873,77.82027262652133,1617.3277019225752,5.00576417309879,9.147004918742052,0.739530796145208,Low
8.51186593605281,70.2566742022572,76.86839985167407,343.3407795226864,627.8257964033069,33.24137823587263,40.06329089851403,310.3606178793885,26.15037965925439,1543.6056293104002,16.404252080318425,0.1577415915748836,0.08715686365801495,Low
30.526989701021638,208.389323372856,292.2786237970203,384.1481829477872,830.7514772232081,56.94810238030098,114.49342209811542,239.23336941399958,94.19691569179628,671.0452588052956,8.039844239904173,1.1185724456921253,0.1763177456228886,High
43.422371184616644,130.76385322238076,374.76889260350436,460.6275668985973,778.8998111869594,54.05976076792719,280.2893658539939,446.4076634774236,45.292008929776046,671.3889940530426,14.91667831803877,5.851623052899015,0.9394056733087611,Low
56.69920260078163,88.94870789300879,307.33760194978095,645.3646374872196,990.0346953035219,58.76221314078176,218.73632216159476,701.6788286332659,52.67704248342216,2158.304868386118,42.80688762275746,8.492333431971334,0.12738831897609626,Low
5.477849460286048,165.88306598311775,248.22758274167217,251.11026729885822,584.9138821623599,119.02818969604868,175.73996357131279,296.0525769360056,47.9418613633572,36.954294912915344,30.7493477496238,9.546768412235446,0.1246186211244608,Low
16.80289170639812,99.66685887066697,246.61571013726,554.5178967083355,779.2474933002061,48.62316044432597,103.40940250247105,554.2321141300152,35.24923209589471,457.898970467625,0.34060953578138764,8.612793149155504,0.8438636408699767,Low
33.21771693495669,160.9585587657711,372.7827451496446,442.6877268424863,787.3571379425277,75.2847270603997,290.93925250025734,581.2050047291257,90.55398590177356,1527.3764395167527,11.362863320285564,6.792250696199735,0.6592024655617419,Moderate
116.58392290812608,293.6520078857734,403.97059207329056,735.5201051547093,770.3739783891899,93.58605492868448,317.0254319979461,378.67366518357,39.90149793069545,2043.5304047359086,0.46626961850005644,2.0452245220128957,0.38407325305292056,High
39.76164085236609,48.79320390996141,53.28266984749915,173.09021953713105,603.0159554949627,34.826782527540765,98.85955526806958,332.5157443456036,62.07368227115917,899.0720441387823,32.169082444590636,0.7725836660906753,0.20742496271804506,Moderate
57.8449269734499,75.24994773521199,93.877563189872,248.0006840525103,636.9067557744689,107.80430807213084,212.93189759126392,687.2062562717019,31.60302259368972,1635.3414292339462,21.123981092496525,0.5227820377221649,0.8899618988981741,Low
23.531725528607154,153.21393899190326,280.8121193290799,528.3043342096132,650.9193133254527,82.06669796074215,290.7156326178214,499.99843168650074,81.76378372931623,1395.1052669524897,44.730841131647516,6.140164007022842,0.9891108697470865,Moderate
73.2936085290922,124.02210912227716,366.38195304124673,572.0661210568878,956.0823481839291,67.0171744547067,259.7690341071781,691.4623165018593,79.6778793576268,166.0275606826783,33.01124674601962,0.41007660995280937,0.0974731420206877,High
33.681985861916914,66.85623731293475,240.1586228676517,351.43738826503966,357.7586889650489,121.46760401074708,324.9466306522682,453.16097797812205,36.66809246023396,1556.266741342042,23.306082421854686,7.405437566832228,0.5764077129856917,Low
24.839109412611215,31.924247780162524,49.65329563980491,243.49411619354316,352.1174024339834,36.5242888777773,166.1238365747695,451.584912474956,71.33986658291082,2035.6891633198713,36.211744269366086,7.139083836642142,0.2982384056605243,Low
61.98871541351749,65.92112357103382,113.26134251899951,369.0087520460097,401.5773713814577,132.47639559214846,360.36365766844176,782.2896867694286,73.34861797854548,2481.158559147026,31.71616430553342,0.8421277065279552,0.8407674918722189,Moderate
0.6606958992504985,140.06810446081286,332.89889026502533,347.7161213308976,737.829579639845,84.15731030500557,165.6451962936144,625.9894168784622,60.62602744942895,78.95198126604853,10.969927993619422,9.070892532116106,0.3787694371860654,Low
0.9196839179070393,25.11770084442604,235.47764083348721,239.39739767298366,617.3344732621772,91.37623190694873,130.54426549382825,373.4559490694786,64.0538544044503,1651.8451405967508,23.861622367238244,5.243196421821757,0.7288978247270228,Low
26.288257092222935,110.4779679670301,264.9016145141778,425.2250431896898,832.0430550906051,131.25884462534142,308.4419277665576,628.2859788392722,61.70091744617162,1039.3011351041655,25.01994261753319,9.04916374501043,0.5625472504499632,Low
4.406563500098537,113.46799023240548,274.57378263985964,320.7165988710896,322.957445533854,122.6374031774004,257.4760071791245,258.96607257029,17.367796359536108,29.42078232198218,20.305426437351155,9.021020059073805,0.5644472125152218,Low
12.963090495682966,90.06641459807528,97.15077719392144,329.6712792065715,580.2876425457755,90.23431032328504,303.8807525256553,430.4924062823501,70.32388102424065,1537.8305545527357,8.06366802849129,2.0104889356768267,0.8650994596214003,Low
40.66327792065019,45.54247534117215,252.67504023654928,327.59339991615127,680.0114986748194,112.97815557722612,133.26796785840486,272.62401973187775,52.279750885482215,310.4561098963106,10.051607324604916,3.8367473979660334,0.496884204628336,Low
96.31028154957754,237.34055201540116,434.40935405810853,585.9072414365934,663.6078058061012,64.99792353493453,275.92102439445125,322.66753022166665,49.461155248727216,949.5242912218959,12.647133043018272,1.3895320183629716,0.8533195574372566,High
68.6458372043161,70.53821762181373,135.2970036476505,204.48183155364467,529.377195309957,82.10666302496195,155.4303263271675,295.27783300565585,87.39992969036207,657.1108957585637,0.46148172201736837,7.76103120085639,0.39525548663569665,Moderate
61.52012711476997,198.6603081027171,375.82948809409385,567.7987431062875,609.8537927611303,9.31052050627667,173.02443729832243,333.58545382739203,12.090404211500594,906.1026886663929,41.26247514762792,5.066042909601732,0.2160437953410898,Low
35.21865878497459,196.01346766683668,249.7271192730862,290.3458300576853,381.0087581098419,13.478687700007026,23.510884969570974,507.8939047536676,32.61834261628796,1234.2754758448693,30.87431962125655,9.29163537518007,0.4827035087737843,Low
111.81044633193797,189.72163212222898,199.80417238510722,207.89157086072532,445.78997835802585,124.4138106279498,276.80913470384996,611.1103249842688,20.92631498584717,901.2277835613386,31.032779210301186,2.1217413880189593,0.5234379923081711,Moderate
47.641804948463,144.03945010606668,194.323585753661,212.219659091005,539.0022354315561,8.950748352374498,188.26867064920847,401.2712103573806,13.180694014875318,1384.0660171209004,25.754877621410458,6.899258232116298,0.5044640377559019,Low
10.451132015492579,96.30814268667025,140.96536187524512,474.9558164056036,547.8903798825517,25.409868844891093,117.59742247129617,611.6246528190509,34.81092979083528,600.4309771309702,31.018986367247663,9.892906436338453,0.8179138912853181,Low
74.04798193413615,144.10553328635513,228.54253247006693,278.34270898389445,370.9543743993634,119.37489884256622,173.22757515810127,249.84373527540686,98.962864551521,1590.227609733812,44.183814744313636,6.670543555118863,0.5864449943870923,Low
13.660607217192169,173.39702358385702,278.00939787772154,525.9767864756138,628.1999700084453,0.17189259423844305,134.5795617451247,372.60515871036694,34.32062558868164,2135.138695291509,17.332215193552198,0.7343006316655908,0.8940218681708628,Low
41.42677713620305,202.33480905680133,329.4695319312283,353.24370340921746,472.5941057587067,42.360649326879646,250.65835043579128,574.189453960316,69.73352378161943,564.047282053455,32.06365140944537,5.904822279467145,0.538476220170145,Low
60.88943264613707,121.33637828161328,240.5248471586953,278.3809704410091,391.6578947041547,87.60579867399326,168.49263824815597,196.28295549019447,20.646900103664933,1272.1536535597781,16.17880519698877,1.839435359328305,0.26347932873790403,Low
104.90670296222109,215.61925868486674,283.2879101761891,461.39459816945623,658.9691524182746,89.31748972039449,152.4348141007144,510.9342431422738,64.1662867042507,1623.4810124519722,38.442995943607166,0.3535026353221882,0.173021048249615,Moderate
59.22558964081424,226.06895082706978,233.3616179705884,396.0664435246087,722.9612689429702,116.57293623442104,186.30676339384297,236.24043985483792,98.60333348244819,1413.742197377473,38.61128731005157,3.3828589381868803,0.8749446798973899,Moderate
84.27105192379972,257.44158173324297,408.71698729253063,741.7700955964849,960.7859871637197,75.88893817382557,313.1719764029917,383.31313070283016,36.26537711144188,917.2953682496037,40.60198914405682,2.6977356263879537,0.10336415895710113,High
119.13802067988844,210.750647955857,309.6868554176956,640.3792639749537,1028.3662183498977,76.41028042964555,166.22950937078548,246.0742656018275,86.32680547380245,1607.288271474342,0.2458495908845254,7.898270443216753,0.16172913132377414,Moderate
15.778694387757795,97.28715933893662,171.95519868582403,444.81822357568683,804.4524765499942,108.79658633110506,109.69764630317685,574.1425596309358,99.78142423298819,75.47428449414019,13.418615024824268,3.768121383727099,0.11047559297175902,Moderate
32.96778306234234,83.13275992947698,299.868020637105,510.60366118167747,573.8671182062153,74.79366948994253,270.21397147984743,611.8317440489313,62.96986798486696,927.9160488311004,6.026595804071823,7.3429398648327044,0.4525474873227292,Low
47.34912907171757,219.94606624599135,406.6318931955313,565.8680042830852,590.2888159434572,91.27366298454253,266.0923618183901,593.8061123699422,37.84609903852318,1333.867475529303,20.429378905057057,0.2115779698958477,0.5559848355739138,High
50.619381424659764,76.3259562297759,290.76734332288646,415.42983033783383,854.4006123376369,134.66611023825766,166.80817638899987,444.55492462149596,70.61781339092406,56.429831295482366,22.2952339205684,0.19738072766224096,0.0688809944714707,High
49.32252903186549,153.69185272045598,277.43755139857126,608.9181928400156,648.8337261214524,60.2176511418558,306.4437134255839,452.8467127731353,86.0363385641757,1271.583830062328,11.515681927334498,0.3416689025981931,0.539806858547024,High
108.91332030678659,159.7723684601416,192.50518149183597,403.5232654904759,477.6928558503325,57.76876063788333,209.78433196416114,520.2291842638369,25.421521866578047,1637.3648796102427,32.555092142028165,2.2326164957366754,0.4240714977260947,Moderate
85.68391733602277,135.90540959862616,309.96076862894427,512.6361533190424,523.7027910981014,0.5323487797156967,125.72722151486606,330.80208145918596,50.7264187457308,1899.2232057940475,12.139637273503622,3.771178461034188,0.7849629233331031,Low
72.94862569088446,145.84297141859838,197.3614164028922,278.5268090220124,592.6949916713393,92.01393922818478,187.56875613390753,260.27683118021497,38.72689391114569,287.86833311652885,38.425111887751136,6.098065741012702,0.838458790658912,Low
37.12472614353385,216.90745459035168,327.2148718632809,343.5591081230705,634.7443897022447,4.465786111069797,229.13397500197928,573.9326201658458,35.502309726614186,2476.4593628547786,7.994671566380408,9.859843163978379,0.7007190645668951,Low
98.85484610655536,108.74878133772333,124.99897857494545,455.814981490786,949.2668147084139,75.62227345924744,136.61314381388826,201.40422777884962,87.47391346661554,1517.3884148310635,16.52558826443776,3.5763751917926085,0.49982075855079267,Moderate
114.60726137819867,218.74478865483434,425.07188926057995,534.8792298562088,978.3454280147948,120.63506835483399,192.07729340980944,287.4115839203961,47.948860613965465,911.1685125677633,28.00069912909373,0.6038061222338039,0.2553411652898887,High
98.54379390602719,113.40678235237708,144.89194261425223,299.7981007778128,505.21968951826767,82.48816057794947,113.0908622495912,521.9405181733941,40.51687076235215,626.4866718695009,27.2400781708464,1.9892566085751942,0.8547591239374321,Low
0.1878126229767485,28.00156202127016,253.77593878359758,293.899919038595,479.6928394948625,40.4454247825014,230.22519867856641,560.2837467411434,64.31594872834123,1434.3776699001194,3.511310040231458,8.983625746457879,0.37458568304219597,Low
76.36816442200885,155.4894939411306,371.5471445065199,664.4706599747722,812.8966771147648,117.92526321740569,266.81258331886903,582.3081604256902,29.746142167364315,2204.870559680594,38.08163754859267,7.008822941969703,0.3884772928352017,Low
6.136245773052087,98.01906941541152,214.16476052522304,223.83590202479877,300.03936204373946,40.45755061238083,192.7240929260054,401.8254850973674,30.690414151127104,1303.810663372705,26.912922004339883,7.91249819918367,0.9202109698276926,Low
30.91286644004662,77.49549994566094,263.5875510216586,555.4843177563423,624.5261460573469,109.9547671418848,164.57237489675072,362.71263401643625,56.82598577843542,1655.3727787343757,39.14367969182258,1.2854736464442866,0.9768173928180174,Low
7.142964041732602,64.10524759912751,218.96651605366583,268.0662705294542,334.2081245342569,91.53876827853469,254.33086556030565,599.4621701530062,46.83454557815657,897.4526166536976,39.04360102025408,1.3931205376397038,0.903224408565279,Low
72.45545435392653,88.10951799999448,288.8784285844307,599.175868005334,656.2332465987233,25.49944451220018,216.86405632391617,586.8668256284391,36.5484145530092,973.4399587819867,24.566341066876397,1.1668477750717152,0.998322987383027,Moderate
82.39078961911281,136.9703507110779,244.92162590755592,500.342048975211,620.5980701779795,135.77008122662787,225.2422139080502,480.34881509020545,14.855601904669198,719.0068889008705,40.985165579014705,8.578833184879773,0.8754634017064035,Low
13.738516567908615,187.71903565640656,384.17115671749406,441.80574859505083,595.140063751609,30.096552443579355,230.43333843400742,715.0679606082706,56.86968147746694,1765.5650494487581,38.17835094660552,2.1391777065013637,0.7191396417390777,Low
46.06066596539754,216.10799466644423,331.7221989327312,529.758496433545,1010.5479819530029,148.43806112110047,235.6357082541057,713.4854877135417,83.49482850409676,901.1729457743298,43.115532505279695,6.44935986652823,0.3291284295928992,Moderate
54.74838107466504,115.02647329932233,350.2679202600208,459.6976302843476,748.9342557852905,1.0965732982411158,190.63118867556304,396.84593368194237,86.62394847574521,480.8374280828919,38.27242793517328,5.185855343523427,0.9553091964548824,Moderate
44.28636261130999,147.04007114148706,268.63309634777397,331.01468096682817,824.8125682234686,39.52250657143546,47.955033435865204,458.26616057744195,31.18959817534722,926.6544250597636,36.954173295051724,5.466679623144843,0.882795490033066,Low
14.523000058223165,178.25017045819317,293.90498844162556,594.6187582355135,780.8522321483501,29.979044591129828,167.77019495954298,439.40411575875066,63.96770835527395,2135.298883542727,21.12122163046102,1.994581815993119,0.2787094527948705,Moderate
50.27373482249705,51.38682289785845,247.65478828873663,388.88775656626694,617.7010728609874,2.099011525569394,244.48065168554103,500.35859546412826,87.02931785166463,1846.938848724424,9.541397717006749,6.370698629867195,0.5147043495797355,Low
90.14136573701018,236.0644083977767,441.4588313379862,580.9491313658701,743.2384609485098,109.85518502209733,355.166335192695,382.6483658820209,46.785333544863825,839.9289069365919,40.981892988396865,0.47885031786039517,0.11655287759427263,High
8.520919743990657,179.22743924599607,317.8497178262887,377.31005400860573,468.7538794568821,104.01387031493944,174.4520149003746,461.43937013452967,93.89231355767757,2267.4883672675724,32.5147133900734,9.935049148763406,0.9556434201038563,Low
9.621601689828413,26.060233869868686,71.00968724363753,205.08267387366007,276.66502776244965,118.85264465323957,229.20241742332843,679.4913827049107,91.26806762165977,191.70742461808007,12.678653888933413,0.316251119602654,0.5941299113353832,Moderate
42.572555020318106,71.6331385062439,188.57269624563878,493.63859246073633,966.1781913646523,38.504781969684785,54.24925896634305,444.3161835638891,28.732050767692844,129.13570957703985,15.344807524003912,0.5490575801228286,0.2829405186317571,Moderate
113.007085394271,285.941419893115,527.9595456205345,655.054594291907,1148.4599351912848,66.65027506244549,284.9856019635954,678.1441743132264,33.30683496101834,323.03853518917697,30.873533033574926,3.2802418279222287,0.32777934794268193,High
80.22871760674968,176.98594346201202,365.2324917218083,698.2937385967341,720.7484868510999,98.86702824323211,241.01006652828565,320.97458581645526,26.2397798781372,295.55461586721475,21.50177887591519,8.324672289906907,0.9816235539983666,Low
81.44039480070778,83.99578900561805,286.7864399754011,617.9945546983367,693.16749206422,65.96527558322154,162.2404453183508,341.4651688851326,27.644891630923205,224.14661595578957,3.666715283086572,2.6090326571785916,0.6348335772139878,Moderate
43.43039890054379,89.80415867797905,98.01053338278908,148.7250641403602,360.4871102908715,104.59886554768737,132.79150516997564,249.39396349509354,91.70758784561482,1655.049816934991,6.365157558554565,4.745753387223715,0.4496489679010835,Low
71.23929494502461,152.22915631341934,269.19402197195933,331.252960704885,424.4196988770887,95.09601126606633,331.7878326402886,489.7454738681066,93.80241182733607,1504.1017372402825,33.554190758054006,0.22887444520311967,0.5248531886962612,High
1.2157420833292054,125.93934606778738,287.59462948217623,589.5305540983375,771.4707509117791,17.19717045332647,149.7519324085749,439.52160415543756,14.670751706661786,1620.7757489013782,14.785628781682389,0.83484919901226,0.14362256875847618,Low
76.33152556914507,208.300393633769,415.80856454078764,553.2748861644393,617.823061094256,117.1564681615452,187.88845043227116,370.2803571173951,63.42430201049843,1722.4733051342648,22.844224278091765,6.099262182980035,0.1212716220692322,Moderate
109.5944337091484,288.7703060357305,301.0887194314234,302.61961323047666,530.8754915913718,108.10145386387774,195.65523639675513,476.0041451288882,60.78084065718144,1893.4149824392962,34.49796652140866,1.9838667710218143,0.6130723561353657,Moderate
73.5088162013783,125.26083209045493,338.37055350092317,434.225690397803,570.0729984824327,98.3751581426108,166.0494533731477,385.30007751043627,45.14928820520139,521.9064340785939,33.80290171677236,6.957832902044276,0.5364038346183007,Low
104.8438312159614,201.72344955228695,338.8236837377649,547.9938313562109,723.9463592355413,23.26404094065035,173.71649315489552,317.02427237975934,66.85278335407963,1557.6472655208256,7.515676209927324,7.864642191420912,0.39119553173826904,Low
86.87676665593126,182.87500527066015,232.20349791467513,511.94658600066396,559.1029117320378,40.199467319304546,272.690361264432,320.3920783670113,95.2631042959765,1452.2214050442512,4.4277238979565885,8.510825284749219,0.5878082548857964,Low
14.46700996844283,87.48315666894558,166.7969607813706,213.48297676401143,427.54700211908226,58.97655473814007,273.1500055697812,719.0692342421725,25.322939444993153,2359.431764379667,26.60185318342905,1.3813034130932602,0.11904215196531365,Low
108.294396874301,138.74353776593665,209.22592570382685,247.91540324968423,739.5442087304691,41.989443248466515,157.0846621049609,162.77134510728524,20.836981874481005,584.7574719779232,33.37347932690578,4.582310062867653,0.946791612859969,Low
7.973261322692986,183.91544269578466,316.6302012679036,639.3626300182196,803.7791534588148,34.17154360141972,240.7963841766717,241.62262824765727,13.005151374607811,151.51372126395685,6.706796489793467,9.473460426543264,0.32902610339501076,Low
64.07609670573166,217.67319030571716,230.59461028350012,493.49653902140403,931.7111764426215,120.80365052426636,226.58002084334882,639.9788907251218,42.74499770561291,1635.4701989377852,16.737987929727364,7.732231247320861,0.11818985113839894,Low
17.05645485521492,106.75639994817762,146.3904395731585,352.813299845486,774.4128706573285,95.73483695403036,158.81162214368987,657.2170923065848,40.38656293700794,1851.731236390596,39.16250981854383,1.2137557993691757,0.21102905894539886,Moderate
1.4047932877084879,109.98896937083386,313.16223021477947,582.3776067133542,1058.4068158619596,84.82081973253754,330.6745985491445,694.2260124059726,48.77377193427795,711.5740344898389,42.49004137021445,5.049877437933023,0.140700218758391,Moderate
50.644111215316684,91.5511008560559,124.70209854275866,274.8011250000821,669.8558811336293,33.892906627988076,109.86479862069353,117.50171765213591,55.29790277928541,1429.2668351944742,20.433139242735795,9.227686789296445,0.21967427914169718,Low
35.40488491849875,133.2865575890132,191.63562495354495,457.09513651173927,786.8935500411467,137.7114843402962,218.6425420870233,331.98765542127995,78.20415946274092,153.5424835077057,3.5782170313874855,4.428386114955699,0.44591635208528124,Moderate
58.320059255712366,183.41468321757802,296.75733461861734,426.88838156470484,855.1806036784337,28.67745586459744,276.100672811228,762.0120229422087,45.29020514117665,2400.311878714881,11.596340529106982,8.38230520796764,0.7511483492387447,Low
69.2639864081461,161.9940515177321,291.2742735460647,376.7073739184755,414.52971424715037,119.24263992370156,152.72451321511528,557.0266393020327,39.75517984251102,279.2628083814257,10.483646414198985,4.983645025826144,0.30873093008228775,Moderate
5.248688677073683,183.50001938236312,374.40263928590275,629.5573367384418,860.9726653378457,145.00090000579397,335.1343970082178,618.5343189105733,84.41909382336642,173.5884876992293,10.753367424347564,1.1127761885952492,0.46413029084456164,High
14.760395414849476,124.80189353944019,236.63500020598713,383.52030246103106,878.1484217685604,109.0639093836354,343.01709900431706,461.44745372449654,86.48170035882907,115.05484793907453,22.22467674206625,1.521156514292098,0.9323194234938245,High
67.03708757405104,133.8123558406415,331.2785110995262,674.7604976136944,1059.5605732610604,148.92881627769447,276.87756484654915,284.06266780992365,30.948936786401784,1071.043406725865,26.2451543261207,0.514423740441388,0.33103065235967666,High
41.180082380718986,180.16744735156982,334.7540241129342,457.0738379207695,938.1115269393811,97.65766754669201,98.28810797239701,108.71884429110152,38.320464044017754,247.41355992568913,5.51293149059709,1.9933816687268668,0.8049837656014743,Moderate
87.50081850593376,118.18407059062933,146.45900544658494,469.063602632458,858.8807806991975,32.61905154058425,126.38378756886081,432.3742193339741,84.26047338190794,1862.8973611841602,40.021020293775045,8.94146029371082,0.19992602885824812,Low
78.27499783103276,147.48784429816072,186.57070389637036,513.1075958948481,950.5485796159203,30.572924057476698,58.46517215368347,69.38111032989502,17.146741986798837,2247.6910307628823,27.898822047650167,6.519470557135404,0.21940565894438524,Low
101.47252355878882,163.92513462675427,273.18356598919695,357.8320974618581,711.0969136134536,48.68464263832145,152.7315578717454,649.5466288344317,39.326210235166414,654.2462361505184,26.876327862060243,7.401626502084964,0.4833452298024523,Low
83.09913920030704,160.82441631970693,260.04676459196685,539.4241781477715,919.6751803563914,1.0695030331509092,198.57619344372208,290.26811019059113,50.35150963367751,1573.7889325322403,44.42755492729279,6.235531511013611,0.272397137943067,Low
51.591729286817774,192.3120979539885,378.19816536331217,529.77424216391,791.3632470836603,102.25477051242518,211.93265773337532,567.286338668014,26.836445368051393,110.63442529448534,28.26647898719064,3.896065956776559,0.9078766701045472,Moderate
80.75599468733189,167.90714047674524,313.0914254260832,634.225079956705,1096.3439303637715,40.300167694174135,148.28144803065476,225.81130873686146,26.192277694962836,969.4783568735245,41.80316171855332,2.207768271320216,0.0982146765673039,Moderate
33.045740910650224,175.96834195852352,273.00161220908586,430.54510763141946,843.0645629431003,122.27748484391292,261.47485407362456,531.5215646224818,48.237585221217586,735.8905730021822,12.881563756190628,9.259865110897817,0.6174089378366476,Low
36.75761985338552,140.5256224185614,183.2156932811578,443.72199434923596,865.664477182052,53.87589758389504,199.2985437708151,239.60418800392387,77.90695522613701,575.4046456186953,10.80582706559239,5.172556326502313,0.6240179263420439,Low
94.6782191904952,156.25071742885515,212.95999301022894,376.3985862175582,712.9031366990844,71.9934740194969,286.06755121923976,669.4567634858613,85.62096815928646,1613.5851066236041,23.24334090710039,4.836943818018996,0.1127246311434753,Moderate
53.57034196818986,199.3665158312149,343.24177044847966,422.9720349479793,575.2620084916039,144.8533374840554,221.94219729129327,514.4027446537082,98.13115832825561,329.91872616454805,22.887402643649974,9.96123568150578,0.7459360041273467,Low
95.8056408622023,138.69778156175877,244.55748278670688,314.3300279173471,332.1449256124167,36.325818457091565,241.74363454909556,284.82698124980305,16.658564508254713,2152.472755625986,10.191764226775359,3.8701033844653416,0.49545266728658616,Low
98.69068484019341,139.0796212041566,267.8114984193246,416.71241640904555,884.5399811138178,108.18811461446093,249.67155178747277,673.9646463874756,29.50139810313934,1663.7655863899931,31.484504560497648,8.54854688317778,0.7369197048200681,Low
102.90748051935405,193.71800684922448,236.3873656747829,500.81049562975807,793.8706700325065,113.26766839581258,188.40005582509932,461.9093632134503,78.0966858145778,1778.2842708267049,1.3335218656511976,8.630323400152719,0.8355787366383164,Low
109.99622830094488,156.94909257412087,322.67565566026235,534.4506754735307,683.5221610476009,33.149723628545274,106.93123463006455,567.7273896367235,58.65388354500956,2338.684050100882,31.07837126472537,2.3650685930600654,0.35675438439115914,Moderate
51.71822646159555,53.35389275281449,266.48857796680625,507.5088294319964,582.0763833557653,75.14952549182935,165.43390476826048,623.7455916073168,39.49117965661764,2356.220314398774,20.573004875548506,0.9936549388841128,0.5102615887887133,Moderate
38.26401819853666,154.95757311232092,219.44244980904608,318.2566725652259,733.0182553156033,52.53028879694525,208.20359945193914,668.4574941952303,28.50306951225192,1381.3725479289933,31.005337988028558,9.75742015137285,0.2977227407796108,Low
69.86384959129366,161.8607374563253,284.7392939142819,453.24166499944386,871.5017622232333,115.78593651001337,173.48886935000064,212.38146945023462,35.24297964782032,1240.9726441285213,21.468628378868353,4.287673798148891,0.24143779034621826,Moderate
44.54069081251531,124.73389742128433,368.6157296765098,384.15407241577424,791.4080564810399,93.37249785435561,323.4558882724225,383.9347691496842,48.63600552708567,841.7771125261407,43.980020229811274,0.07209220400144531,0.05056502014052454,High
72.12890001602796,246.18323264732473,329.49366778500666,615.6300133703489,938.171359353742,71.39745822908206,215.12560427355714,708.9785091316561,25.943609755542948,1790.3511674551585,15.0608227996403,5.0152274465981375,0.9654499364758454,Moderate
84.67030351725896,187.48615663058342,336.24774286152376,682.7099996454799,865.7176934414179,116.90448975715773,346.90843400615944,590.7088447055124,96.78033602890756,1347.8311730146334,44.21578216510747,6.212038619287131,0.4688820458631658,Moderate
82.60860221905642,238.02628622114563,260.57521127120674,402.9828831898416,555.0180255799701,35.27333550126255,46.87442514605122,165.98145156062503,19.682960013988694,2332.523323951611,2.9238274115538916,7.77207806210794,0.062416284405930327,Low
44.946346442414566,70.0473889593434,221.55113957920418,225.38841817524434,229.66580323432945,113.04328208765386,198.6961247030222,583.5283689523512,98.70196910402971,600.3717420379503,30.769234864090045,9.432274076325204,0.058491648689645764,Low
20.02322420385034,122.48038756714732,144.8883308933018,204.31575473613339,621.1195340802535,129.80614681392365,135.5080619858294,267.6506725920704,85.77039574006054,779.0804521949744,20.439864305321045,9.155947758007356,0.3239349401236353,Low
51.663520615464904,207.89985342702744,447.70871225798294,676.0931194706295,719.8094682174508,131.79323952113586,199.85619329562832,563.4640373049494,48.08364557623652,793.645666312822,36.99619314883651,9.404351409545942,0.0632407947746125,Moderate
17.111297289829047,122.07033360021069,300.98599661828854,515.2137579896392,830.5912570100231,117.55103895294057,333.0526570200876,751.6955459449682,76.58347009493892,2015.9661441189842,35.53272313726491,0.369645225181754,0.40578888677562086,High
106.811644222057,236.05419628491728,433.09414331884386,708.8467951737842,960.8842685938284,61.20212504974031,70.35455401029053,462.48624265793086,70.43637193267475,252.10562794617007,36.009458229417184,7.132152631613153,0.10979157636700046,Moderate
41.50529528854289,108.47313749474023,284.4992276876494,373.3586315240233,636.7033109871988,147.27120340767405,256.3079783866103,393.331882485578,29.195822615403785,1141.8445568675043,4.263236968613387,2.297286729916581,0.08728901159279426,Moderate
18.535169666798854,35.17608273347084,182.60834175258728,449.8795121940842,913.2359348479708,56.93904657336598,86.33081419167293,287.14010123129145,40.51630775070518,1071.8139387477531,37.006456493758265,1.916149237696257,0.6859123243708225,Low
3.0537311886901053,85.47578431156296,197.9539795829393,438.74838711622374,454.5558927518448,95.79380986536385,200.00397468045577,406.6294762970939,56.18103065249121,187.4833544293277,9.631807084969243,8.01316975756254,0.9114992249707404,Low
77.49868635437811,148.50497670537246,363.09832164563807,476.0833958454832,862.7795081598694,24.161126710420298,233.87402277651464,479.5104818287506,67.40597618989543,1029.9385113681462,1.1556118736565646,4.200440407270154,0.4389172541371653,Moderate
76.4282780945692,232.49911092277972,471.70802780854547,662.6288796284822,688.6550788121358,147.06733479545892,302.8350931460887,386.5215189161567,58.86054832209594,1285.8780682935335,9.798242385798513,9.170170754034242,0.844931908762136,Moderate
40.872499989755,84.7916544132,209.55069763922035,261.0965306136347,280.1733335813233,105.59788827969949,289.7869746125553,516.0219998197265,52.568871490582644,167.43620779975853,21.567829711492475,0.47222915341728083,0.07780218807895978,High
8.60542666171812,182.6175876180376,415.5013499068531,573.898926109307,788.807775179998,113.00663178695525,200.2826606493505,455.6741559070904,49.88370461094102,1277.1060104694452,33.395011196014444,8.031699253397273,0.7888055531716733,Low
49.15546738742784,221.62032895223714,367.4535564493665,675.8726252938409,707.4102124653242,9.866505511671692,245.96592926420706,511.8204275547332,54.843804936551614,2398.2985721850855,9.838461637478416,1.4115023922618268,0.10965999270674637,Moderate
37.34609940760723,81.9197951604662,216.5158418845745,363.93282482346126,758.5048004699172,114.51267213310076,291.8281955779758,701.7784105702049,49.09163678613733,2447.391236288023,5.085339664062211,1.8069431555715953,0.8465174520374841,Low
81.25447676820113,143.90382875411882,257.52451199295797,551.3728592593557,816.1544060835242,116.2085143830902,221.65821920422292,480.3254684439705,58.719706979114434,1331.5410475815788,29.068526476077402,4.799649569468764,0.8882480276284608,Moderate
72.69350993432285,233.89354329162217,286.21548367415215,492.80416151504517,507.3235528449324,100.76590895433448,207.3821090110982,322.7740702679358,89.9186769142,1290.1668468443827,44.27541163620079,3.9861199116843546,0.7966751502631986,Moderate
43.7512473837048,217.74324714500415,218.67316234951895,285.8300119353438,306.08035517630356,43.786442068551544,273.457486554376,605.0218556764696,66.95463817491505,717.3428752088967,27.039163593852813,4.887414445980276,0.8297115731907246,Low
26.14710651059881,105.96614502108673,166.34270173510205,369.7298873793658,676.0641522491055,73.45350632413223,217.55467968298018,616.2117517262927,75.03587874896861,2492.8031019216933,31.09758138555398,9.403263894209,0.583410338015703,Low
118.56431593867103,176.34378415403262,303.7745770549239,480.86874225989607,883.9246510890985,16.56515569630747,193.1599581720679,352.84579139119876,63.77348203576989,689.201781707939,25.2525349685889,6.591019908857552,0.3016406954535193,Low
54.480194543533784,149.17711692881136,244.1671049937495,383.6915723124839,602.5913379498706,70.73805996887289,174.9968660971656,497.6498306059682,67.8715914172602,1134.988744597691,35.205679990282675,2.938578349327906,0.6610694525279184,Moderate
82.59290829362844,206.39136543946069,318.5126724401191,360.38332627074374,637.6736620385559,36.573577890060726,92.49676908123925,165.9657670542456,62.05148456033621,12.320474217677933,43.91119890942502,1.7704416875625575,0.4675645666225433,Moderate
16.86635610940329,66.09176887689966,311.2538237679121,457.1018561144425,857.0165831393933,52.364547974112305,233.25437097271694,404.21752326174897,12.417986997624087,876.3345658182965,24.48581532318832,4.229460437552789,0.0550697328730937,Moderate
58.270763959127734,190.83593539056085,278.40402805789273,303.8708597417622,609.1239467626717,24.39006126055479,176.34600429590176,630.9579690707188,99.96385439800179,183.2435500190156,18.755573028422663,4.543828221313989,0.5029844211130933,Moderate
3.3044063843358584,12.602730664971244,125.64846550499821,160.21763349456114,272.5977523239709,34.508155162034555,159.8438752682294,615.4979568495148,13.024831619160702,1860.842802110905,38.715437752205695,6.032879378500185,0.6686285283230182,Low
60.654614149253995,69.52762284684896,102.90651068505385,248.47729721150444,555.0033101462437,11.485296273017436,167.4905312716334,455.1528206431652,45.56332074102883,1404.731060309681,43.63777546919955,2.696726900220691,0.06318947670675473,Low
115.68208885412429,185.21387578032244,197.20330888956934,304.08682757853165,618.2265571111384,137.9852049655382,190.0566014815966,541.2323319141499,19.460411046904007,1432.568833832703,5.813173839130558,7.686717008613326,0.6402923193027498,Low
46.10480555829603,109.72998012922574,303.5823587773494,627.5228728291277,994.576363269691,79.5616031963105,278.0462798292996,705.0539874322703,18.723560539683923,719.845658319759,26.017693446324508,1.0296794425198468,0.6699053109060135,Moderate
4.6795215089893905,61.4935002750768,204.16429404307146,335.6613259261661,646.0984197045667,59.51129568941095,296.55199694448737,775.8285896008007,81.41742565070352,2038.166244181169,35.66069966456988,5.626510967826511,0.20020219932695194,Low
3.7146949103212235,92.09825219072503,282.2744537016988,547.5247964269338,1032.1458616559528,80.25438191531758,303.0301679572433,547.973388102128,48.333320142226924,13.160958701469184,24.000273232037586,6.2541399497789065,0.459520475898684,Moderate
46.55841119362434,104.29045600970716,141.75615573134507,327.34278995953,425.9869443180643,94.2439842722329,174.60292059898717,455.3907889120043,82.10248374688884,837.3349420146592,18.413863568682693,2.1079742315981957,0.9661159708446759,Moderate
19.202992375583285,53.809417699839834,196.76661049551257,443.19659452033,918.7419343038681,138.28181900540235,239.78326232592133,447.60404564983645,34.550782361274834,1650.446238694875,29.48534195109393,8.26881293747123,0.8899797664097934,Low
2.8022515593823094,58.50677039533048,121.91738898067436,212.9579830360641,482.1277282110722,26.803942842947,228.90451779233732,264.8954863205517,33.08165126256113,2270.2667308552177,12.155764253100672,6.173549645816391,0.4402803517153401,Low
90.74563367402122,266.22840277986353,323.2438570048685,652.9105974982838,988.8886677457398,44.33287479528264,193.1121575014336,404.5138937258428,32.61082436330159,590.3668125284565,15.711018432226624,6.474936035747329,0.38235395462294774,Moderate
55.022761065826884,129.02317612489963,131.90467963814595,317.4356535581943,367.1664522842892,146.3684004516172,283.34701137077946,678.660681062318,65.45310637671273,1355.044629059908,44.65244964966051,5.002547882346213,0.16787664692801318,Low
34.70937263671854,114.75767247121898,147.34285336348694,438.3062783133243,628.5942490023779,55.67894799727866,287.33943988063993,689.7821888764042,83.349945086104,1347.2885942306361,28.640940046852293,9.100462460904568,0.0834296303131518,Low
108.00998196197769,211.78808015318288,289.1051080281067,416.8711007447464,801.5606739763327,3.384247613599145,137.39048785786184,583.5790451545117,50.70349090677165,2186.065050764031,39.28172842399836,6.954579435801863,0.33258963856997475,Low
13.936675224063073,190.93801353862384,220.1577036863586,255.23167585404218,608.6871834035373,22.14652389557382,150.8811937924013,176.61454638038583,44.13240015769741,131.03963945180666,36.34958308667146,3.8492638707128366,0.9432691797281264,Low
114.7102594746383,158.19848923307563,404.66309933581,640.462176038107,660.5318701208121,3.9508052622828025,14.455453078872715,278.0327478691897,97.62215987814844,1064.0665248714147,29.352264947731083,2.4241285834516573,0.9606827787669839,Moderate
37.67600608528234,160.3067859811204,237.46494811210806,240.18082503020662,513.4779567788289,148.48847136310926,165.84271101064365,219.5549549791818,20.50786324104749,460.2518586058692,37.83280871064479,0.757063664493698,0.8218933735474625,Low
106.60844067704174,235.48568551455207,268.0666721901341,434.419213988062,478.5583104722667,41.83062734868346,43.685704318846,144.05679590171766,53.79694138404032,58.72383774500213,12.922132294510694,1.6953403299445773,0.3832835728438665,Moderate
72.35314517753538,181.67154020028727,231.4421184072767,298.9227843405374,796.8509989296185,138.5314135404339,366.8424699863423,816.9507211766455,46.763897786329096,371.84219659860463,28.670240196553426,9.927195373232415,0.1864451112380056,Low
99.2048831689785,115.14898430357444,262.07479138894354,481.6562179413203,930.3045122079676,149.38294136395737,251.47960636838252,499.87523558323045,18.831393692820136,2441.2943287562566,26.57715702857914,4.097330615116819,0.6157568018253953,Low
118.08157958525571,239.9185892342195,255.92947020041663,598.7264257986649,609.2667560129333,89.97618317146713,207.11652720482027,586.3889876531271,34.138032587939726,541.0470312530684,28.008882035700516,8.991937911410197,0.6641797568458724,Low
34.60865253824949,46.145700524761075,261.7542330600503,424.29525027227635,853.6200397235918,4.979447259834263,216.32618415794977,248.51823712229017,12.559709132120084,2337.901779472821,7.588436721604885,1.7471651010083808,0.45334489078332385,Low
115.33625824891115,222.6419351678926,463.01685497717943,749.1412447611627,1208.8560450403666,12.238744558039045,164.55032215198355,372.96357411440954,88.92588600846614,517.1095848641994,12.475936799913079,4.282340669841454,0.7070644557807083,High
46.73782738829044,179.86243928820411,241.54929445504933,419.2737598879417,596.0478711696692,72.23835826618166,224.61375736382695,561.7338976959959,64.7064576091361,2328.5815923242885,12.899624345664261,9.607158746982813,0.7593477913691485,Low
46.26142856843068,84.23600888002176,196.7598260277366,370.303836914145,730.0546644380279,60.9258019367229,135.05940927542602,201.7626499145327,83.35166480832257,1638.2792333247844,27.087577315774347,0.9567659016220342,0.7939085803960411,Low
40.846452510540686,192.33841386824002,197.8720266256143,523.5202492381866,744.572122342076,90.92659586726515,299.40368934839495,462.3126289012365,56.93990071626908,287.48035086730727,43.76460961979038,5.960143623934402,0.5271832057896318,Moderate
64.96891288171022,70.43259787765099,230.61015405945636,542.0982081207949,869.714450408967,65.82717145670459,107.28466546657805,139.55856797851968,63.95588464797049,1456.8783120408116,42.933039803196664,9.195760411928205,0.8020587386817467,Low
18.49740518141845,170.38372063991355,273.8652351530608,548.8953979688519,719.0541001179475,140.11152739072264,153.39892543395962,479.06889586871483,73.07690300282485,799.6925236629952,10.223529884536346,9.499349560894794,0.07420260495598395,Moderate
66.44537824296134,149.30460735865904,216.81922388404797,320.5087375449224,481.78835586155657,80.21095731202666,128.11179669165975,613.557426220719,91.72104647177935,960.9671241652852,13.718035938004764,8.467774397262168,0.6963841484019262,Low
65.00457748920049,104.17040667689649,155.87968433104862,346.6326298344278,558.8495742632174,104.05890921936633,170.99321391300748,584.5159594844223,18.257669904326118,1103.2265397982578,1.6227851525625203,8.566547601983487,0.27385225919795586,Low
91.4282175125844,115.50828361149864,279.0140530261888,357.37808468317854,430.16196400942914,134.47279089637448,205.05055535992616,692.362113763709,39.785355526215426,1059.6540212131847,17.946701543672738,6.539220393468781,0.30699427710327054,Moderate
100.03799543251027,271.6332855973373,375.6875433554159,531.0583876717048,946.6278698893962,22.030781374981107,189.659181029673,612.4615785788712,73.81235716300004,1661.951681755157,37.56033547561636,2.2432099255451754,0.1367366212763957,High
52.85296203749088,65.9327678020991,110.8475900595771,280.3221630755038,454.67111075632215,34.460198117779285,88.91634494994017,516.5142480484295,96.25155067012535,1922.078331133954,41.2088282543763,7.320251517624951,0.2327726504135203,Low
36.27998992217925,72.11680551064586,244.39407588235187,535.4680899416177,735.5428668945402,16.09779907110226,185.2623751948484,473.8509728805197,98.27266856410048,826.2983345567977,10.642341580557463,9.784925421364296,0.9924078213519028,Low
31.120187678051337,93.72821021599961,234.99628097517302,548.6062088389206,995.6335151899929,20.945759884486844,43.72880319293678,302.8549588995417,67.42927082235362,2311.288084405796,11.960751306997764,5.283038470994467,0.4446206240353015,Low
23.35486040458463,134.9971332175863,349.66514694996033,494.7821687887276,743.0940758203133,76.88759504013497,113.68821031461222,316.815343528526,27.423862997938055,2346.473453477097,9.938241742893915,2.6439387228151663,0.9313771287542512,Low
6.917709863882986,104.9819052135807,134.35087993270392,140.54743570833693,412.6743903837684,48.176888845119606,175.38225096786834,584.4296984908083,20.728802027256105,106.52264069210278,15.754660540856042,5.756037124261727,0.20475455178315816,Low
41.0937574601656,63.70958609438212,260.12623658049614,561.7470805067703,1039.9961428953195,63.47592592901323,293.94987657317387,384.9836827121862,95.14392798523829,42.19742826313115,36.21417293657451,6.921573044594132,0.24385589999359358,Moderate
32.42972305569399,84.58076012857262,252.95995683288737,313.9574943083636,757.3206858808583,147.37347476910927,362.26537197188776,390.37782988398436,49.053492051625675,1065.5404937268972,29.108586144800707,2.12238907877291,0.5799226861243177,Moderate
115.97008630396888,158.9454050994532,187.69813930647766,405.3568266681154,490.09018111233513,23.505652169392217,265.694012780093,739.6409241224305,27.533442993641632,1478.659901214208,35.3673413038665,7.205934008713753,0.3820559138351283,Low
66.92505915000527,105.36277295826672,279.0679554261969,287.80777057814277,524.4152855371954,81.12181061971134,243.74157693925406,245.63066954099259,94.0503264199841,698.3723448928937,26.23639978508878,5.894956945899699,0.6617194481460563,Low
41.673244683660904,115.67922525005858,226.0660474700162,365.8933138112137,851.5414275254865,14.830673258047645,183.78438986207067,672.1990507999966,19.40718444078807,652.237308959007,11.597988512661606,6.142881596023119,0.4509442469344088,Low
69.65611211924352,196.38177358574177,432.6279699747025,777.714075715075,963.8972248293762,47.77444698958179,204.03019672245478,568.4568816593377,75.66139871713676,1697.4429051244306,10.259738109564486,3.094579900911349,0.8210173755921889,High
16.70360416148346,55.84513196058593,91.24796961506075,126.49073000139184,312.27728425949186,79.12888855118979,234.83361926573912,399.08307911465295,66.27367247890007,1506.2521902156466,0.4050317638687406,1.5949047606064513,0.4599811176125295,Low
53.28524990426435,119.287448250801,279.9957959547355,428.2883991546103,525.8035150491875,141.99476189480066,178.7748481616968,527.684769704852,17.896119794280267,422.0314531078086,35.14419615933326,6.253326458291286,0.5937317233163507,Low
75.14811857052766,145.51325540193687,241.00826676767338,348.5107493341566,405.6723063937192,58.68423319252245,194.6189722335046,603.5565508260682,40.487391607549796,2211.8299033465714,38.120455177412296,5.883018242068089,0.35501954002254227,Low
58.667739815094166,234.42991511346798,473.6335827611874,790.41442594708,1160.5668213250708,9.736004432200474,106.25298779513192,228.93401578834988,23.493762058600957,1701.5402950518694,34.57271698327873,3.4132212677523586,0.7188389380667214,Moderate
48.21345607851891,220.0534003167513,302.54712413932043,606.8161619068948,991.8313962576531,58.22421719404754,168.85852113837092,554.3063627781619,64.40487332798452,909.6277416766758,3.348092597782083,2.9941419920815773,0.6719974985174284,Moderate
119.26180666796378,263.2865715633375,503.8330489362875,587.0276150434677,1071.5340967949676,21.86117638109666,152.761319645906,554.9461321500261,52.940172850968594,1710.6436015279191,34.29997322264397,3.505082393539726,0.4271509811353548,Moderate
105.63777145787124,149.13637720532458,374.50783998051185,402.9235654481628,789.6326709008442,34.498441993716796,66.5974849442797,191.2748000069524,10.384761219444187,286.06945148570077,2.059535391762119,4.92433921806326,0.3122304976510667,Low
74.80871497913282,87.05543151563336,154.65124034329745,374.14967826468853,495.8259252814879,92.71359347474856,182.58552693777852,203.5487041267703,97.81395096555173,1173.2990308122698,4.751687956787602,9.749456364356055,0.6333991560792841,Low
68.32528334187393,125.36802813158639,326.2534723381933,443.98252149749175,464.0408106417495,10.113579930552252,25.975970149703148,128.03711242875198,41.46261849005864,426.61610185110044,19.821391781970025,7.647467989160752,0.9459940667504573,Low
74.47925757895008,122.50227647703963,371.4033269279161,606.6328636400382,1099.3515558248682,69.7085634375056,314.62559604310536,414.9488004878026,33.238395355334504,108.37095909044939,21.426615401617802,8.52481040469661,0.17601087282527145,Moderate
24.15745293869199,115.22409696504289,178.38984750786346,189.63176213159852,359.85710990340135,91.41923790161466,121.0512451066462,153.6714721943878,30.01986602146924,849.1240443693079,36.72533864784133,5.081213210590134,0.8091607874282825,Low
47.41652919171823,187.40755300392098,296.6018453347509,343.2915776468722,499.2773488630826,63.278758855124536,127.90994349136317,490.9136358189611,24.293430655621105,381.0850312845542,30.578710141840975,5.2849299371988305,0.5658421841676862,Low
4.735143946907918,159.23327294510236,289.2784570867923,529.5087385572175,982.4863434319087,2.8689525935595537,225.69218426940887,415.67964649861295,99.92233685948588,1585.6273025997928,6.899408038404732,2.0830303812984248,0.5492817104151662,Moderate
57.0655244984192,209.14105987231073,282.87384382327684,357.2035731791511,649.7535224516441,147.8279035354298,268.50541509521526,710.6984988221444,36.55985210934443,1686.7993955741872,10.17660524529606,7.2244060711957285,0.9635999401971802,Low
65.16295007491958,129.90455109507178,133.7207610065792,433.87644752341976,541.312034447987,55.0673651010803,88.97666548123787,215.06221831383084,46.496214750185345,375.98730403537536,12.855383471640904,4.244760857616829,0.625581057690129,Low
27.32996833238515,151.03215015530807,206.06446120468974,226.57127190323715,671.1193932613569,116.78657803999005,212.84421254982726,439.460295099791,88.422032456028,66.40944898054855,5.5652686854686255,7.437346245236226,0.8389919363610921,Low
115.68346165986165,171.99361721422125,242.47783829966085,317.89653227461196,814.5769598019837,48.84697382811798,77.81397237596444,397.32268683934586,67.76987531885904,1983.0623512797251,12.944019886165382,4.120101044060623,0.5387533864319117,Moderate
109.13455331246904,120.09755109480193,230.99747642434872,580.4935633941227,623.8328439695381,71.25251354901282,121.30651282013827,560.0389876560273,43.18249705707453,10.132266717762905,32.78691699928799,1.1297460127783858,0.28736069889233484,High
86.6571882547087,212.93893606323832,255.71455566658878,407.29119157196624,838.4170057232099,58.26954639164948,71.27700812911073,333.5875589387981,90.84955923314678,863.0631575135528,10.863066154827733,1.7718841934695406,0.7097657578852041,High
64.0063954518435,65.77535491440531,284.08894408732345,530.1269263279487,725.3847751701456,51.380884426441156,160.93775806371613,347.7000719699075,77.47517819922402,1238.985328623946,37.59118411771739,8.125122276843099,0.9270180592218037,Low
104.3962991577222,178.04916490025013,354.27694808308416,418.20901518303896,680.2452384363912,3.277706581166812,204.93673701248176,638.4442762484862,30.511045678752968,2047.51226040339,21.128264780634353,2.6232340711113786,0.8491685908295717,Low
15.678281258815549,74.96654973318918,96.26666912310468,309.7207263680429,767.1287142505332,54.00314067817553,200.49543535314942,355.61864769695467,67.93650951399283,2097.2038136516207,14.532109255997497,2.6803265045423394,0.23844542592808038,Low
94.8611753129862,219.66913224637966,382.1922450313625,636.3293689606589,1123.0189668482176,133.4234985599295,285.00982493108245,324.7216747473707,93.01586484631613,1813.7239043230863,18.558814704699287,9.297212495523198,0.3510446631090427,Moderate
14.978497676021796,152.90268277289,316.3168018742951,426.38362442757375,557.4655796319735,103.55900078905255,153.70500830986262,376.2260620649826,54.68147906053713,621.7580682370451,31.927353326707113,6.593474447525152,0.5410366402749938,Low
95.30527950592865,150.04231398075973,389.09760739166666,679.2115965832238,785.6369820631807,21.813428864315977,107.7868896774076,500.33354292640354,76.02511625485005,1801.866401126331,23.255671646069562,1.1873601611493454,0.593023130474262,High
33.09210819016283,179.18497079023646,179.94018862927678,391.1363410945759,431.39462039033185,88.67325069341088,299.98377665361886,315.3741925303804,97.39933695902432,620.1152987029694,0.3275398788776124,1.4786734378127455,0.23412340873560183,High
105.25086972218267,158.15588661307075,220.13899906452255,356.3320524297831,637.2309787608522,133.83462899233072,155.79867507395934,448.7397975687554,72.13727268056917,540.4474383705956,41.50457309632838,2.76005595556678,0.26851172301440634,Moderate
113.28505125904773,193.62379605662875,425.5716659004576,620.7465035705632,627.5487012958973,105.00510614472832,319.48776956186174,616.7197938254798,19.219482078947255,1370.0842458051784,2.969820135083327,5.960257093874996,0.7708895155836646,Low
17.855516328613877,148.718851191158,381.7523300407288,583.6186266433023,789.5677754482706,22.30265885350451,143.22516541970091,607.4960471333917,32.01035958381604,1698.7418373659862,42.237960696647356,7.540613425561443,0.7438015458791953,Low
55.52107260784722,180.24671386830917,360.3933187109685,418.33067115382164,455.0226794798259,130.1748745101745,339.46173234145385,482.69414091396476,63.558679360838404,137.36415594964308,1.2668770629024602,2.7812396123593097,0.8472483738974466,High
117.7184853795222,295.4448103957182,486.8856406576032,627.8419701110413,830.4548615757083,45.231601993329804,124.73320684192988,264.151513447278,34.80002338347155,154.75638980589807,34.69407007308518,8.712888272278898,0.9362833169162196,Low
58.00889231677759,98.53787667564532,121.4086161580571,241.60932196487968,261.5754165976843,68.11142164685127,152.82215954260647,373.0639852124456,96.17875348502258,1961.5058636078907,24.06036186824797,1.136342779897278,0.3428480629575571,Moderate
103.62570270174541,222.84292713887024,351.3118858334286,491.6278387361227,909.2364690405072,78.92141395337195,266.82263103415767,445.2800817699152,46.48168306199564,2149.445641158872,22.75767812718477,2.1156117220296364,0.8666152087420504,Moderate
70.64778265575838,180.39052614539833,238.28627396764819,504.67497993748844,609.5444769067714,127.57599065672929,323.82503400478436,691.9979653494477,51.150736515912854,1513.0800862730255,3.275032614480204,9.706125965371632,0.6827112017123771,Low
45.039588950352226,209.75731075855762,255.06182166196194,423.9502642752974,588.1046194542535,139.74112427214916,197.15229376968585,518.0283323354606,73.14418841231056,1074.9258842186805,10.743525465206233,1.390711393353894,0.9598819026972095,Moderate
34.294026663104425,62.439212159181935,265.0150369400151,594.1256905737575,1029.1496888769534,139.4479316685834,382.6657628740598,762.126281827193,57.18247582076867,2114.0646165999688,34.98962926793364,8.886707511851919,0.30847044822224506,Low
24.38677093033047,159.7104403759784,193.46997454611528,296.25671922156795,669.3897498876704,1.193127191781096,22.31565325298833,432.3365488523329,44.39313701998915,1823.3984967744489,40.10669234651223,7.054154000270748,0.3061879265575493,Low
91.41578296532367,193.70413389370196,310.86704314279825,456.36329554252336,565.8824763635525,138.28327283781857,155.4090136133513,616.8995799804252,16.89740876391209,1451.0875250860151,23.81034064738408,0.7772165518849817,0.7190787762580904,High
46.38486081876334,95.82471738058632,330.4692772770946,605.904160944759,641.853870273507,8.15804490023585,157.03409872176155,372.5024646140854,63.68010305570775,802.7940192621646,15.900452836316791,4.862882947554441,0.9319902353363625,Low
61.35305546409014,146.7513400105815,193.20935390191713,384.3179615641797,742.1548499918495,39.8660485226153,220.55124046552066,712.8999352012954,88.08220277146312,498.99767883375654,2.6974443628894873,5.213844563790823,0.8333280335471129,Moderate
59.07905760014183,119.15884507270543,363.65720100726406,555.1170522558208,750.4683275998755,77.24817820917494,317.4697105154184,425.30011721724475,71.71861975840505,1049.5892329824317,30.69803367298532,9.324789332587583,0.7406875799036884,Low
69.27348350797575,173.5498960098987,422.1218924501635,440.7909495019777,823.8309490610883,71.9888533506591,173.22529855037448,530.4078795240388,44.334550904225694,720.6223270207278,12.530097480882718,4.239990701117828,0.41794373815451885,Moderate
103.86925747494627,263.88936742158614,402.7936560921869,542.3035380436464,764.9509242312516,90.7064690831088,97.02932133051708,364.0339799841117,21.495345816081645,851.45017639748,2.4756171746466062,4.495297973869545,0.7318789679668752,Moderate
117.68872123001152,220.16361842420787,262.69930346849736,357.4561098161037,530.4573163022419,71.91693431055087,222.6410191721526,631.0913165145944,83.47043682138195,1291.499483003521,29.963327809437995,1.1692133601244639,0.8110407976092737,High
48.910105028858034,162.62014032764316,241.64636231286707,591.4136553037574,817.0163594099556,140.15635194606313,212.58035709575609,450.9656173989691,94.75735260080843,426.8894225942664,21.85739070901913,6.409767006204741,0.7656213958010741,Moderate
99.30227065275636,192.67688313340406,298.80009130253785,406.7243660238464,781.0038588591848,36.08232723218805,144.3191075310386,536.2884252122542,44.94456917166383,2016.4108167841946,0.538296736577577,2.148424910096511,0.6929702583718169,Moderate
91.74333535856611,100.95312651875177,178.2841826083075,487.85796978615974,938.9681130563467,41.10370410577288,163.22107466825668,628.3054319920957,75.57779702656553,368.09600697834475,4.9915817597856185,0.8214559193258829,0.09477468910616783,High
68.82347417466879,110.73801441236574,180.89690938149468,417.57871664566176,442.4623149399495,138.11069035395843,154.23884303846688,520.3859761085105,46.96870959016801,1205.0791303552762,31.464086816067486,9.9693440507044,0.6767291864590682,Low
114.72565723343197,203.2859685312069,446.3433958352963,565.664139052528,827.7199096660056,11.510927061788435,133.00637320281413,521.0535163119763,55.20402449669795,1866.1984885106892,2.865209987960484,2.7328147982299114,0.5043799227087649,High
24.056941863408333,79.89929293745519,118.2404997913916,308.4775322223349,324.8952467642737,91.43412328572148,198.01403998680019,231.60175561972824,85.28287425547687,1215.1266656855428,38.96833791793456,1.4534789930315992,0.9634908079722012,Low
13.11170523715457,45.829152834169534,229.1611300133851,523.3486879956029,757.5534605077822,102.26039280984162,280.3964591314899,382.87529024763023,17.50819079900382,905.7500486536537,14.00968248389697,7.009929227241904,0.6268303892082175,Low
102.47543603465066,193.21934757996956,193.3219199397633,502.50082425058247,945.1422387990326,75.83125851446091,237.2477363175471,724.3996065693439,57.73018139080346,1189.8538080277638,3.989991169639108,8.225737451422924,0.6278158934235343,Moderate
52.697977996049794,110.80374081666285,259.8494081672571,315.9872644194079,496.78239762956275,104.13478182347058,150.43871136111085,497.032213254808,29.31582472041002,2122.4333936909807,34.189082017562946,0.6875710566071497,0.9943524280012623,Low
101.63626250484725,148.0956382760619,377.081389264575,495.9319886874344,962.157199227756,25.91319690179505,77.44792645439429,358.1724351098966,40.58253509461861,2476.127087218474,23.59922555038607,1.098663409324381,0.13890840029186016,Moderate
107.17082462344979,190.68819976271834,262.6717232860231,379.9998363607732,695.304072186078,127.89483491573098,190.6463796093243,374.13456630754933,67.99859421780468,1579.7025067771417,13.798801457068391,0.9472295446413561,0.3125004708453352,High
7.494911234288573,31.48607768907974,77.86757150350954,92.58325013009018,559.6609220265934,21.003853420482837,65.74146349477716,87.93596409823613,12.450557110316353,1984.6428864085083,18.274425375117058,0.5172450680589863,0.6732754670205744,Low
106.01577155832729,273.0100035119006,435.92995223150734,645.3131681796712,1023.8964808859309,60.12186664736245,224.42516656447924,408.9931205465467,63.44425890758465,41.14927196742522,0.9635578022171648,6.611591962411123,0.3494744432326559,High
53.79828664433066,209.98466426979368,388.135016094392,687.3220346416578,739.0396179660389,11.28864019623087,259.89618499629853,509.35262164108644,35.50980155083747,2201.5092017638085,29.821434189274303,5.903716237906672,0.3788426405326658,Moderate
61.251898680507864,188.62360411380422,360.63123385179955,494.1822695907308,609.7579533720693,81.78166182261002,244.80874695159417,350.5385016450375,70.2535924727265,2385.3541510201558,16.459816003355005,6.644926232771333,0.8980126928072532,Low
75.19110133118522,94.30959029710735,174.13881030245085,433.1513910469128,630.236618338666,100.46187111384587,252.1322576616687,338.70065329858494,22.742321672174878,1440.0475076851385,32.131690637765836,5.081388274578101,0.6003862097878068,Low
111.16591280761041,250.82381861215515,313.87441915198787,533.5695639122468,618.6230049182849,141.1832452642936,243.6652286020617,497.8735042808201,76.22304434345608,1885.7431308402483,28.267701567864624,8.184201469785537,0.14772230366394684,Moderate
2.2939313315716836,147.7262503911951,386.70595038170615,518.1830078042565,765.6388101925868,110.90042938440013,189.04549409934032,481.9976119131123,68.10757477866804,1284.2981336853868,29.306438365938206,5.489349609860825,0.3453194564459907,Low
57.22121619813805,195.41884738671882,426.2437244542012,475.6146542765052,711.2987321272504,81.16543746812266,308.9338766947425,428.8928361220049,97.4117649592316,719.0783324366963,35.68017199519946,9.191532001256268,0.12225545767444715,Moderate
82.52664509166728,103.04050477313069,217.36965724633575,465.63300571792433,943.7626047316149,139.89255257555007,382.14302111108833,675.8377583391948,92.01118269323332,2131.358690097617,28.4021135269313,4.882202898414733,0.578323436774788,Moderate
86.72483492378741,202.62826719598507,414.1767337345784,713.2745428640126,930.1384843120014,71.76552570613148,195.95956960306341,646.1295515402109,35.49725768797321,1494.1075964298748,18.84266681588516,7.917053679055407,0.21460478655719017,Moderate
83.10389178445295,233.28235501934472,346.36322442791874,586.4122967684409,979.2256989124398,84.1808479648304,156.73097184146977,393.31760085214665,12.458491545289327,1450.5607940595605,17.546740278058603,4.103235519152159,0.8642593925238509,Low
16.132215528974623,120.05582774851482,226.1530822666424,232.4105516788287,703.3658241045687,89.41477915051436,281.9453310679563,710.640415861547,68.98317050005821,1649.53484858381,5.381194804418511,4.380477753025606,0.5984483251336749,Low
35.92747060460175,152.28079814565777,191.47153504548143,267.1530480823284,705.6474635693212,61.49695888298503,94.61115659970463,558.2468788663639,64.25986501042053,2140.727898742977,35.07495359203088,8.497470850117272,0.10640685983453994,Low
43.04586305004162,125.55128934677673,232.15280346976994,256.4707981790061,360.80461043480204,125.77240358487362,317.169462995794,363.36647746433687,12.468589188980147,1831.105783798556,34.24987987895798,1.1212153618087501,0.33583188044310297,Low
96.5324649215406,191.69978250067007,326.0540171506218,525.6891520023012,773.7040991290733,27.776390826758867,232.51348440459356,280.41927423299205,21.040977628233343,531.7548645682843,11.083426518848555,5.6709316620829195,0.6355207838743205,Moderate
33.45118468974636,39.6390191930569,45.26510105022852,310.03228864437284,483.9021797923357,83.22632855574119,114.45231471253302,352.47440615633377,62.6231534082387,1169.7247432962622,38.82068607141651,7.277047854398916,0.3687234022841368,Low
25.28459566406438,140.2979396192556,251.3261909131072,290.028906387138,489.95825395574576,108.3349884280791,352.55035562722003,646.6015777860714,92.06445376391427,2450.8443383055846,26.50514660057827,7.516685123399683,0.5375178351642579,Low
114.89376228457154,129.5542606049802,324.8933152037803,618.3115524114651,798.7149655343406,135.59642578148657,381.9744983786062,594.9162306111208,91.58502488620663,1388.6289808381227,21.54090790775553,5.935360595341255,0.9138941799485989,Moderate
1.063594213616268,79.36622119485648,249.37773528842393,443.80587772684305,856.9854828143451,132.58775946514174,366.7676292969795,529.993014505731,23.633654915086737,2345.9221569096426,0.7873335731473141,4.508241617387162,0.3825341719809644,Low
119.73850268183739,172.4164202619708,331.20566747795453,572.6948217275583,798.764349288782,76.3110434145213,200.31974576608738,520.8168038291653,44.61165517647246,2034.3568683510746,17.223353363894233,2.6447853164742394,0.36907921934629856,Moderate
81.21855586288747,179.39558690099582,406.78444401029645,746.7750910233226,1008.6222571456667,96.47421767450125,157.99275324370836,159.0335094186685,13.888257791695661,1666.7284873128533,28.830184570604835,9.098791041773516,0.8287689992470638,Low
99.41631593389405,123.43125632807133,127.93925878437884,157.2276046710729,648.4512831946103,59.13566041939515,204.63798063987338,688.6746210717446,52.234466172663616,876.6661806360893,4.038652695977255,3.729390077837187,0.3528186967709314,Moderate
35.35432756154318,159.85013991674046,299.11203646479896,614.5404445070252,644.5300806027834,70.22666443203005,175.21012404988898,291.24966814390007,77.77751137058851,764.2767720759703,20.680528899939674,7.99997128090679,0.12406042693337266,Moderate
1.7178333200471974,144.81990996717187,341.65712206959864,385.7930656651919,629.7718855605663,135.93986888595742,187.4270300652567,645.9764143567602,81.09754402290503,1610.3355579174818,44.704617811271824,0.3650728489782307,0.22189770652562013,High
88.54434222738361,117.94814318115178,253.2819888564686,390.8175711793074,777.8484246523655,139.6055989788711,245.52470138333297,300.03207365058597,54.90905199369156,1084.2402959117949,32.24423867440804,2.3600836861317602,0.951360238256486,Moderate
100.09735164008109,118.87370736341987,199.84759550851464,497.8511392244047,573.432118318518,134.31210871005294,300.2845676294506,419.3281586517369,18.628270723739654,1997.8902889277342,24.609189937572197,3.4885686891970193,0.9366281529488353,Low
88.8571358344223,115.04992273614694,149.1125640091414,466.3015468673953,772.0673441747822,20.755629272045734,38.483956968543495,155.9208075122937,44.32275776634098,1902.3395651527887,23.98647982225845,6.732161929936531,0.26357148623924037,Low
17.142034476100633,175.02499561783094,396.91576357187876,574.1458493126796,693.878239079913,127.51260319959543,210.86710356109955,708.9435556614226,93.8891763976928,783.7655644125931,1.969428701618749,3.227341531260815,0.5758267794437515,High
90.41135067083628,185.4854177869804,303.1760158838812,511.11263928027995,944.8146958925638,142.25455965322203,146.70328215642832,149.00355501937054,30.665130086774322,1758.3083137390963,43.07914968335712,0.4615698181521059,0.18049969540185268,High
92.27073385291692,176.37771313426737,395.9065123806927,643.7580794901877,807.3079121902274,54.1874541860407,241.5613305514596,561.3804352032075,38.777900492145385,1238.9027242924742,41.76799471282693,1.7799817847374597,0.690943747085959,Moderate
79.02486188040659,98.23298931883036,244.69601992712245,536.1615538855724,700.6929623360272,77.79694341325039,237.9697603174256,672.8130508478521,77.21444579167638,811.6137915309226,30.70821198039509,2.628695256074794,0.22604050620932015,High
91.93391193547035,208.85399315172347,377.4020223054737,419.93093164365683,719.0278709026036,116.86428837194939,132.53232204744086,468.66914905980923,76.02227099973443,1035.3516489477768,4.455524235669748,1.8016724253613994,0.09730090177552377,High
101.51057276132786,257.75049930244404,458.81578789705657,742.3400457772862,834.1214998372405,84.3117206348473,325.49611053533926,506.8630196438113,92.09820592224392,2238.9029086945934,9.352525353724719,2.077059373404277,0.8336519668483594,High
73.632493708495,222.70595018671656,387.49483633675015,555.941489015816,698.3858084673466,149.0225282559374,154.67791753771257,633.83259888918,44.93068216483379,901.9966418457385,8.275929114401336,7.701121559699875,0.3591303635874444,Moderate
10.632565676361487,123.32241329290571,222.83612346264013,380.55432225049924,588.8702473102051,68.35700477352425,215.8471663925464,662.6075436870669,56.313885148686204,722.0611869320478,23.38103182955485,4.149734757307078,0.15309628338209216,Moderate
58.5153371600653,72.06550615736656,200.4738521395293,348.83876533847865,525.6576969085338,107.09140668110665,301.1832721308706,518.1607322556295,52.06532150984299,882.7590156717938,9.35117435258935,4.081533484445855,0.8422087533191139,Low
9.317920160592607,29.54938505227494,230.3107662212449,408.5348210573598,670.973430060151,118.88867102948163,315.86274929066235,602.5269955962441,93.49769539202077,540.4729983406858,31.31102526948892,9.667733049761887,0.774277603668841,Moderate
48.905163723891704,57.78078140366014,151.19335549690618,481.96104918501743,781.7811212195006,74.11506236376592,82.68634626206686,566.4459401646872,79.23975299421713,1363.86429355384,24.535344868622506,4.494683287544792,0.6995705279103698,Low
48.852778695075315,95.19903766371979,192.22940185584406,384.1007223330971,667.4344492081793,128.54757085670636,355.1513540168162,846.4315349800513,84.82976018504634,372.8539086247179,0.7946179669194969,9.28019841869733,0.9156862743523028,Low
7.92118129682899,32.34024538569698,56.26277440019727,389.87491279229596,716.9590687882621,81.92318868107947,311.53610666286,536.4477445218361,21.97884419464698,2044.5222471601064,33.48257566660432,3.0256778272559686,0.5147647825271034,Low
41.85846407633752,88.66711132177562,317.31322012721256,380.41476584268673,534.2895241465968,61.74761952024471,202.09521280883789,625.7702268803822,81.2662023581344,567.8227168778371,8.497293149427684,4.036231286046522,0.17165367270745782,Moderate
13.31977185495778,82.63022188437088,105.38930062073132,358.8368932121529,422.05000678966695,16.17355107779205,136.6943507995786,287.68446427654675,48.96808894517473,1497.147293711416,37.11983038563046,3.993019392871248,0.10827908940036354,Low
96.98822520110666,266.7251263339111,428.77742069605006,713.0612592091115,1093.46502992465,59.01203645256363,70.22890221821358,256.1353386835459,12.100481454758238,316.93861980513446,15.977044670534054,5.483484381530711,0.3525189670616757,Moderate
113.72256311573649,223.59025387644107,326.8888735771405,564.5839645443422,989.9741558596832,110.09046820999262,250.5790038374598,332.9899453325729,15.407951746895616,2446.240604794744,15.23788559917364,5.863260543996824,0.1324892886305454,Moderate
8.677977030952633,158.97325845388585,260.3781060177464,472.8009040970355,601.3040202082516,138.1929617520161,240.53773219457378,345.1300285829389,71.011714576136,1139.1657699396496,0.5317801100194741,2.518844038970575,0.5587339683297311,Moderate
114.61382487500417,242.47709500322395,412.3650541463949,610.0495275265587,813.5955056055685,37.751910579046545,230.95351243121058,559.39016356089,43.48111970313729,2056.317495193242,44.44780423153577,7.94616329165033,0.06377406693199998,Low
62.70919192040942,82.95975541520313,99.73318857267282,401.0588574752164,650.3434659569941,53.285327599575396,154.25621932109738,409.64702832463786,88.13040159011324,1922.7763499467094,27.54019526273387,4.990433249034085,0.4715751364339071,Low
35.94788135446487,168.41355450177565,316.84000023963426,604.4163092472093,871.0797306236775,23.09414911566393,193.98935744684135,309.5552877596428,76.08458204882798,1785.6641526284686,19.02285747836958,0.12008335751213439,0.21953727536090617,Moderate
9.223449033139621,58.74124771378202,251.74919420687073,294.55024662008054,624.2953321639064,103.60843413434532,128.960470693728,330.4152788745543,11.951201050026558,2069.2753536555015,4.347963200760257,5.933839301500967,0.39985464167380025,Low
60.07491216845014,175.1143246274973,382.1675140991458,679.1731940599532,699.9748107376139,144.0282645014888,177.26633219298054,363.8580621248214,71.81994806524017,255.65670360596604,31.461662886795757,7.9906914432149065,0.6912823710321546,Low
95.34186533888985,156.7150205946278,199.3476179430716,344.27163474722647,705.010176114235,96.14283297722633,131.07038063951592,624.750482907183,27.311722545912062,1697.8505076925455,12.722871149637248,2.5421440412638048,0.38341558249816643,Low
84.85037727200378,264.43138465964245,488.78614717918583,577.5800376777196,608.5655411674247,92.56147950093394,103.94285445086982,530.7257730565595,48.03243118335209,668.238952008084,44.4726368268988,0.4268165431511637,0.37427289284020443,High
6.027121375676852,53.466387685096855,217.50291064695742,521.9219094518314,756.0661932882654,83.02348957506508,218.35570439251603,412.33887108442815,66.22616819106665,1965.7498018461415,42.77463116171954,8.081427623724691,0.9912131961975269,Low
8.74822024414842,58.99170498351696,279.4554051886877,430.66408506049726,844.4996528450943,13.268361102830479,211.76029261373947,668.718582061756,88.54460571661235,2392.3875558204827,33.08835054612549,9.76395332391769,0.7328739865899719,Low
48.344793915916455,215.86579991714814,337.1859791946977,620.1136207565835,845.7212773957816,109.42557396440755,262.02837488782404,433.34607070190964,51.04880995527453,2254.216376957526,43.69823686273361,0.8118079659157784,0.5381686262575488,Moderate
35.43485928575319,39.870852120291275,175.37918839459178,267.57045257913734,342.1153269632612,90.30743153240262,234.0461529206167,567.9969092880465,82.7641408772021,291.8057950717969,4.753523810419328,9.383466232890925,0.6004068684477005,Low
27.88611876672574,153.2901365839012,383.049705841069,384.42496833884525,876.9418908418252,99.22151532844306,269.3774974291272,752.7024957701834,80.46690965205696,927.0332895786885,12.596191224144533,3.624780399161817,0.6391734999428704,Moderate
33.72053986904563,164.2792902015037,389.25667604017167,562.6673935562022,1007.3101245933339,134.82166395411323,219.73299472211693,414.8724267163931,47.30846615661325,913.9852792080114,11.39594799560306,9.41732410545147,0.07334662899379983,Moderate
96.41792919562616,246.96607312949803,359.0062914717485,394.086181296758,779.742997909265,117.59411805915269,208.08263597120992,548.0251185236768,55.08821470896126,310.12918456702886,3.2405696306686123,6.505951273824345,0.1262513609989852,High
111.50736643582246,286.906442350748,355.50960025966845,619.5411846933869,825.2969861429921,117.13728782317891,195.70481237840954,343.6667179097261,73.04365090448317,249.82450310033448,43.75019690871551,8.907930908861712,0.6667298837888193,Moderate
48.61232334330797,224.2206687915054,322.51327743257144,419.13957505686506,511.06243850151395,139.07756533190215,317.10479854529603,450.2609563442834,12.803359118224575,965.3008867481083,2.698833899110223,7.869038599261563,0.396245415905898,Low
108.73332025589964,120.48313661786314,217.42421875030055,372.7001950615181,843.4057857707687,148.49024271944995,188.90032663714354,475.97865985291946,90.17302724193215,2480.218518488796,38.55100067974483,0.328577541065237,0.10267183822032881,Moderate
38.57948414974584,186.5105622452683,258.2272809909668,288.68902877301076,554.8645920315803,87.19240979415895,90.44872987239005,580.0810288889991,79.28345434939241,1424.5119144103567,34.56726410595777,0.7011528981342862,0.3326375837490448,Moderate
57.17243836125499,173.50822641958362,240.65312750282527,340.9838644593637,767.1615946531062,16.33224240467486,165.38135408529797,391.9482784453829,32.447429326209736,1556.3451633676193,16.914018936215676,5.281158820929512,0.17376924940032068,Low
27.123479737919965,143.64506392507639,358.91079804500623,632.4323831855064,803.4798860652193,68.86948616631545,304.4648273498668,773.2833125081572,98.3061957870078,1180.1921804966125,0.8463313183409543,1.3397092474568808,0.9204981501150052,High
76.85712506110127,99.96011185174633,117.42559202291176,170.48136118872355,338.1255197284588,118.14017196924665,270.4921512183228,727.6739113407036,26.14513173306569,1657.514727998537,0.2743157241841282,4.637290679613657,0.24277912292545928,Low
117.47773382097706,234.51142378119465,403.9142193060932,630.4200657005283,1123.190306037548,4.158798714277379,199.88921194950115,326.7705181219985,92.26780063339616,2391.8718914582,9.179722831226545,9.548571470716452,0.18650663752434982,Moderate
72.41917152520544,249.26603603343005,292.47104889754314,613.5700973791186,874.4866216265434,8.53311575342236,176.7307931199299,377.6404966620936,39.20261124908001,1473.8013942679077,22.224446101520687,2.982835011167118,0.6448603762341858,Moderate
42.93769009362586,207.06503261072632,293.19150595924214,531.1343718744442,601.4820838048174,10.073667357423199,134.43283073817727,456.0840699852688,78.68320391477222,167.2709570043772,20.60594901833181,4.914681502466621,0.5458163337629911,Moderate
77.73809351886341,156.7816124637365,172.16737099744572,456.02496224972515,565.8623012470789,109.65536374924662,289.25346419520815,548.276406400904,51.07389339231506,1234.7619700746557,26.33816594542174,3.87338331917729,0.5971358313340024,Low
14.750481415846508,21.94111660734349,89.43452582120901,127.57459607757954,368.54673577393993,75.17499428447582,281.20102524828127,329.18029017986845,76.2820648705002,2481.9144267636184,34.7381689347343,6.316778294270072,0.4641507406382994,Low
106.63908963184784,171.8519178318847,363.9571856111952,451.71332471191425,472.94877995611995,55.33469152808904,111.51760257101354,608.3666176345927,24.020474314542962,971.5697878826869,16.98095766870926,1.9787570599830102,0.49381084538552306,Moderate
60.370074093580364,209.12033018168032,430.374161318495,743.4627596027019,974.7297522918522,15.842556789260398,99.87517691004679,476.2021775156868,34.25558125478345,1486.7336868501081,7.216366297919283,2.6363959368361183,0.789857678054773,Moderate
53.92196904475705,180.19180730848694,235.5735952840787,485.86056005040996,695.3309810904738,109.83603753088337,165.76747065670435,384.61448976906024,18.987204202482307,271.05872475489844,36.002201257279076,8.5947401210719,0.258926075584384,Low
70.30377461442231,152.98563262133445,268.8725924360649,492.71643166812385,882.3845643278673,48.152971582634954,161.1962104802452,470.28048531339084,87.86295832940228,357.24534434773443,14.971080659904487,8.122795427410367,0.4267028376896724,Moderate
74.97406353472829,84.89233986331789,202.47335184761948,434.7917094902145,612.2626917348354,39.798610509700076,261.06474823886697,304.851156871982,36.666368899254934,2187.3302256191364,12.909685400700782,7.902437404262872,0.9599341156815517,Low
8.613096747181563,85.45414775537603,303.8479741953096,448.8181682019348,940.0925489717345,97.84788023303264,184.14965544186572,431.8004822866707,72.50286064749972,754.3598474877706,34.39404172931559,7.720650112713065,0.23048641612674292,Low
81.91406654680829,166.3385556960273,357.0383189149786,372.6331399811572,463.0180996316088,83.85163388952627,177.46835617216462,642.8845640809085,83.81990779673754,767.1009270197095,42.0362747137415,4.621403059942711,0.3290849152897737,Moderate
29.031801637863552,196.171797558808,324.4411021508205,598.9956418755756,894.4889843596432,54.361596271995246,269.4534049399782,717.7538839674673,91.12764127414113,971.0964250258088,41.17325769048406,7.302463186695471,0.231988578071691,Moderate
85.67431590079077,201.06981454557948,368.7566146635228,606.3062473388966,651.1558958430239,96.22312062083822,225.066703307007,393.75712604857983,19.566740378054604,2416.364288896784,6.184909163573036,3.902687937827572,0.06947072154022885,Moderate
98.70417532610361,154.8017003239404,366.64046380128207,532.1220262407357,899.0540182377267,40.683228057617725,174.54547796947634,440.22940988014574,90.37134401613513,215.55428761200668,22.64211690611848,1.0520603228853278,0.30633842878958684,High
96.47502090630243,191.03230850743228,193.41704701381852,508.33291239270864,1005.7097564236944,119.22453924064902,334.4248400737023,683.1166021175256,27.752749995764752,2047.8164358655806,4.179162767767803,3.9640776844064787,0.09414407366412722,Moderate
66.3001160889467,78.1900714969355,178.91257925944765,296.5684620042323,706.1377808800485,34.39784254614809,157.0295268025164,327.034160256469,76.32118104318654,857.1869017826363,43.24391815078799,1.6286972900679122,0.1969508700863017,Moderate
62.420387077290144,237.48266949424277,464.29346131351247,567.3060717944451,845.1578421545958,23.825654307302347,194.21503796465117,226.65464701162043,75.59641174281501,2124.4227248337597,9.685254864457772,3.9389742222934703,0.3945479665642339,High
17.145115360729406,81.95589770826008,267.03415541924795,572.512869197053,814.883547896899,117.36591142483124,138.77707789334642,391.49790625224875,10.765282756685881,2479.4303455138333,8.884330864459862,3.009380892860721,0.06968515621551033,Low
93.04153804837627,179.0576619327407,314.76800551625934,593.7136846819042,1011.2286653153276,106.18380460468997,150.8417328864113,451.6596007980795,29.856151747922883,874.9251884783109,39.999855285291574,6.011648637325853,0.7653087376341807,Low
32.569125653605724,96.52024101625179,228.93137277503516,409.1743065019558,877.161348857318,27.395846355269764,128.48989653433117,131.41069659508628,54.27176631983806,327.74413369982636,43.553274980488425,3.6473271342093128,0.8058095630810695,Low
59.60345073815358,182.45556215906961,269.3980865601791,315.15524537042654,809.758508269473,17.436862903490695,141.14662985845942,188.93431662772474,47.80312359969539,365.216867467406,31.39345166828655,7.070617150622824,0.4408431122974447,Low
34.11289115130201,153.31467965062876,283.4448130610074,358.7198280737757,556.9894418560177,125.75986327300382,367.1932885820612,470.8386103791373,92.67161318961486,1898.0585229182188,5.4452265164651195,5.145859476424111,0.9854326804055559,Moderate
16.059403559963176,144.8174194552076,308.6632193210709,538.3430159641532,1033.8017533614093,116.48977232950321,359.1526805914507,533.1788240869178,42.376678255227084,366.57927308365066,21.86350247433032,9.198948171228228,0.6950442190673142,Low
75.54692362700838,123.81270495715412,228.4034645643524,363.1678978084965,441.1310238954122,49.088606054949636,261.88787792464007,532.4134893399303,94.32853433523661,654.7518134939183,36.74722923277217,0.9557030817363504,0.7565356605817115,Moderate
6.51984417874846,63.34017078828033,241.87845738632382,534.6440744694137,661.4189624353683,98.729611232005,177.62932005339863,324.55077943323124,51.3486386553278,514.973867436889,25.761473266871032,6.892706426981255,0.23268540248282676,Low
89.83742809514399,112.38264969246143,327.6907065075579,660.1749597738293,704.6830221407774,18.62402798217162,259.6311006902815,397.7230078935334,96.79176069761492,892.4180172573014,5.966768462775059,6.740348931821893,0.8455657416806277,Moderate
38.110415431334,156.10221036363427,194.77342240984956,476.7463462560709,612.6156044983118,76.05714885715172,248.39236502620486,683.0670369327459,76.3619329022375,190.54460499847025,7.734948727645252,9.508734146756371,0.9477940781204308,Low
0.016163160538238408,7.179646080955697,120.0664017853118,252.2072998337568,636.1760756427624,2.8095438090629807,101.04457576341309,173.56989616412622,84.64011324689403,2142.5724936061088,38.886375412566224,3.746941077084342,0.27449465824510216,Low
61.33549670846757,168.9183171026902,270.9233399239605,546.9635901549589,973.4257692441837,58.74028213823332,234.1590113844249,481.88907797060506,19.43891995141009,2151.065047943479,23.716312365936755,3.0891077986360145,0.7021410796670612,Low
5.622229023312375,162.16748829660648,334.0336893090385,457.0382750237777,846.4845975750636,11.226423220710762,15.357105667342406,491.76946413541043,62.7527289918131,1035.267581714311,31.762654819502057,1.7653147699258824,0.7595939962301648,Moderate
33.14034693850794,193.490133630642,255.95699994512432,314.4420306630962,629.9749197469444,71.27207702353238,107.81074759208576,420.31737215010867,22.843032384641575,1532.1584847135707,16.787813680487915,2.6896207277851714,0.33991071321907157,Low
84.83717849468594,165.66397536127903,325.7267040993481,337.4143258023982,594.397582063721,63.252247027934146,270.6736749170261,629.2764148642455,36.78589018458767,1606.6691694062401,23.961851231347868,5.043813188913629,0.5012585524436816,Moderate
7.522754594623904,90.19741847297718,309.56972890584916,444.57057837220617,798.9227229790295,66.6577539957084,228.05116321400118,443.66965890930476,66.12088655505413,1874.3989977880924,43.969641317446126,8.385243971501772,0.14266213890168788,Low
100.72061908272028,114.5750720241634,219.1079719725691,535.3537282666177,730.7705029002286,6.79969530719911,97.84837063017012,107.8144541900299,75.36031342245018,1304.1217684224075,14.836636663566214,2.8786517046323805,0.21444006376153252,Moderate
0.45839071902997297,121.19609529877641,348.9500202935814,432.5953260080682,853.2495017579191,54.24245119227486,179.40911124795457,502.47429543155727,13.526540381012575,1278.2884333770064,30.36548373787235,1.6195340607410362,0.108491997464835,Low
29.618864304228268,177.44555997134046,425.73649470471,498.0161024301344,836.6111494185271,113.47257736498747,339.75811477642924,655.7202554904914,57.784935796512826,1580.102924433886,7.762750073785339,2.757678287187978,0.5821572160180291,High
88.90848673824857,132.9463965670969,159.46940905408493,498.90668388844904,847.8090331356533,55.33715600304301,213.23168337281464,268.4455016044812,60.87825876608977,1759.1057471963445,5.478294836714999,1.0542234015334215,0.6439997524134059,Moderate
37.952417967516816,113.78657666152245,172.0498736577371,180.80131315544435,448.76930971997996,107.2757928914371,206.81311387501967,437.8929706873354,17.094519739918105,869.9924906879831,35.26380500665634,9.270619392264562,0.9203136042620463,Low
12.227086567921624,163.21816718567027,400.81310505619354,675.8368576940076,1118.4513497995938,55.42180854505999,85.50347289444375,543.167945227269,55.06192307806872,829.2743308056936,37.984869449422455,8.73261031262136,0.5650755700924214,Low
43.228070256051346,201.1097544352632,440.6916760556099,553.1711605649145,679.1785274044407,63.485916223527965,136.9226166299182,239.46503261590576,74.24580520448438,677.9474182192935,30.074026290723697,3.1194925840022654,0.2975808022676949,Moderate
32.447194366143066,76.21959081370373,100.64640966039336,113.76719456477413,304.3410212452995,84.58381692438992,329.16887512353577,559.718252440591,14.790455638797788,1374.3721555053075,7.118812689501379,2.5075287685220764,0.10649986926156287,Moderate
101.12542825926658,200.22814247671215,203.97776757099632,525.2086566443506,914.0299414831952,142.60229052106237,251.94305623400675,482.49464883426697,78.42409986915658,903.5884454416521,10.826458453914237,9.05870327494591,0.8907054001132949,Moderate
37.601750110217175,72.25051722466605,112.52552303877161,161.40033861212586,407.77478667679475,16.329066996998275,134.28893295821348,539.6696670320327,61.878385441372316,1353.0816029305415,41.00290686428002,0.06763091564351198,0.5049151746016507,Low
94.67189661312086,113.01007415824104,362.0132700038031,555.1360193077965,999.7430260198919,4.937065299176052,129.5865733984299,541.8745085631522,84.99044874446118,1017.9319907381692,12.991682195989034,6.025746403513899,0.7504558899702052,Moderate
107.02465737728816,271.02634762784055,316.02625178051227,411.945224380854,585.1448842622801,91.19357757150678,312.21958330855955,691.8542931402555,29.625631556866296,2092.6517854688886,36.84872322887029,9.164237421409421,0.06391688116580953,Low
52.058090349183544,199.7494411109632,325.386342791469,348.2038235561109,532.8689079659332,142.36456333926395,293.34663443559145,476.0737140297283,84.99463157918066,187.45994816492453,12.867178000968073,5.110147014618209,0.5137319765311967,Moderate
109.19317726252704,245.99945958709833,458.1038911947261,475.57676117690875,919.9446558702214,148.45846988320724,321.8777289961878,357.89619150544786,18.510487774072118,1432.6654310436631,42.27581561955456,0.0795212480163572,0.3594364920081736,High
45.27816647558314,54.056103861948415,59.156506534,99.60135112671858,331.7865112177391,72.62463710880027,169.97802274607625,344.7195113580833,46.34467268002042,1441.1812577150583,41.15038107766514,2.227770722382299,0.0788147089831355,Low
115.68940997881298,267.5605926666593,418.6828382312742,443.66129309255723,701.7235851938005,70.21224316276476,77.48414781000835,417.37974844567816,27.953631237218364,962.374689794056,1.9468428132954578,9.228293859224744,0.7868891667188355,Low
10.714742943068751,89.56267660603783,158.81903882344392,425.01437925541694,591.3962369232567,96.74456561177942,329.4877941724905,680.8610814170287,88.84187490617867,1055.4471319350423,34.668629409033386,0.21937312058930097,0.5372565702489326,Moderate
82.44231198038914,144.07343417364388,359.6571632835768,529.605334082777,667.940305172318,83.34521358074547,320.62713380984707,803.1272385482066,73.44278346715964,2001.3277454029069,7.625779210548318,3.978058672328854,0.36652123084157434,Moderate
59.25768485483144,157.6234298393992,228.48871715541898,348.50094912756185,676.4753045467578,95.11320864211771,332.4014719791305,559.2220877009847,12.282559944465536,705.2809070995354,9.687223165787167,7.907960027013132,0.8155085597120293,Low
46.517856654677644,62.96144034491769,234.65037041539492,381.07948896159746,440.9998197321994,131.09991383068413,367.02168549236325,683.2394769625084,10.857102005256051,2179.1524596082763,20.693034554916412,8.389005387165783,0.47457727925765814,Low
75.9254254498321,212.12180433326387,380.6767124451131,705.8080698955312,1145.4443904869859,111.94592542314139,315.75641069053165,585.3518460517976,36.212432903350276,2241.37654381606,25.934316738725254,4.802198929655266,0.05332305854988624,Moderate
84.46285099611974,189.30116483601302,244.674552050923,563.4376865092745,953.0392548918285,74.53160875301934,245.68062128210107,320.98990133871973,22.895480285250883,1628.2951644834789,14.66098735367214,2.3632133297418823,0.9472252504364093,Low
0.5235923580370905,34.10980979520725,42.80960976229478,293.2963778051967,388.67050965809807,69.27966885002544,280.40714841684684,511.00838448291483,66.72740298041762,1933.2799957017055,25.892251449939415,6.017061940977281,0.2928986034392662,Low
20.034370649663845,53.916166608092055,156.22856005444137,465.86739215203204,812.8773650643147,95.9402622769674,246.07682202722646,518.4943993717236,69.74172404943039,1534.3040832444485,7.679626710351147,2.6745914139951497,0.8390467459601744,Low
85.56552607611825,118.7302833591996,191.02857135066702,302.9053810063357,604.2218416491531,68.35594266304462,101.94834613605052,577.3231491571797,94.77558132952308,1315.521488797746,1.0051944471466685,2.589879367059367,0.8255946148772094,Moderate
79.96624962938478,90.22667938873289,292.47111679216005,425.8593808950591,518.1269062633811,68.66690268984598,166.47144395020126,349.7409711546793,95.68359320912568,2416.860996854323,25.70509747627934,8.08561764580028,0.20425523479269475,Low
115.92570061544126,221.7294215023445,421.82046861618085,636.6197322651607,773.2214852902769,2.4458852679757226,245.26961326121008,735.319164815199,69.30070348702111,710.2241357475231,23.283686698304347,1.5849450612013,0.5003025471540378,High
91.32453483009397,242.5872067960254,356.84319484418177,575.1122763982243,779.6055282651414,26.10962061109626,113.89407401001034,385.04411102205256,10.510760156743785,389.60661187456475,31.03442838341662,0.10493871009980843,0.08818902957356832,High
114.09272492776057,117.24240344549052,268.87045977629526,437.4654030806146,787.0867707033515,73.27704599936295,290.23402443220533,411.4686460837341,42.30981249126529,722.2759810405756,29.241992788552103,3.400913409208198,0.3868240892440389,Moderate
84.30486018417683,93.12569627900606,244.19057527573736,384.42082222902104,703.782526637524,123.39801885755537,146.70088655127276,242.53308005917665,56.182736192253955,1538.4908929067155,40.386887110527994,4.935190852200547,0.744429901201139,Low
35.76626503673318,138.86491484038342,345.65445194728926,690.8175610103326,956.9349848486816,41.80905100906862,125.35501160293603,196.2024702330519,54.92617808576193,467.0326780623535,20.676087907269565,7.06554989935847,0.27521599660483975,Moderate
12.643790670102778,160.15301403959222,266.4036175703916,553.7968867115951,938.0021582686122,78.39651496967235,166.13484615151725,392.60128143824375,64.3006566552004,2272.491037849654,0.3766263611823911,7.822096813162671,0.16127153420519447,Low
93.81886360139227,152.6318639037463,221.49353385137357,373.7366031121894,752.7054729152724,51.744312713884824,64.64494849112987,75.60816338559148,96.44963345242844,1030.5058796601547,28.37937067185843,6.652016150779619,0.5317673733882585,Moderate
77.29790657710991,140.2284983624999,206.48722789763676,461.0395949314857,769.9691719626137,15.720598430938354,45.494180977627096,268.0168226350598,89.66734227596385,2125.6573813381497,30.380959332144826,6.283763359153419,0.5601370651549505,Low
5.7823214871955475,113.12469103661522,247.17276085716625,341.51935349552707,735.0143951879397,143.7447724606951,192.03607524113784,686.238421319111,19.801723010543945,626.8451785993977,23.467274522818638,6.674199787078378,0.6920374847551002,Low
43.2060559081174,92.56437595046386,204.851426633517,239.91069081658247,407.0423782061871,128.20108053754527,337.6549782400735,672.7083761012068,33.93823522540539,786.3550459314552,31.018719160854705,2.7516888499319347,0.7711808594624612,Low
114.81597785811434,119.60548375209748,229.63567649833152,352.98653544179075,793.6112996030936,11.773863670035961,27.62436115498756,407.5174217551899,84.97984756776727,152.76237594537898,14.561271595626872,3.8544951634974494,0.7110190547014225,Moderate
60.048137485224146,192.38927074351145,215.17360551593825,356.21408555912626,663.6691284600965,107.9680893702427,182.64331470633948,242.14601006547076,84.18762179372862,648.1303920030069,6.696373643598563,6.183543184945666,0.8531415978801081,Moderate
51.927496322364554,164.54448065182612,344.195415824375,349.9834094206098,761.1651663268251,52.136985653625025,54.6807363009419,291.23116704598726,34.78336517095039,1228.332978313437,29.904914878038298,0.7024280705220299,0.26176114106793785,Moderate
54.923952619115276,159.4600324491339,212.89420444461157,498.07140501717515,771.2109574123172,149.22747105926888,323.13440741002506,466.245957922882,75.75292276175075,2365.6116097194895,11.033389314698791,2.9884872331751633,0.5912784089056714,Moderate
25.065926880619646,158.5690700991478,207.80747765132816,333.5251684875417,442.7442909818819,45.359777974346656,200.4355504851916,647.4843144797063,70.48336408460716,975.312919859288,20.53421591778922,4.0938685003386475,0.3920905895502589,Low
44.24486050377543,165.78641126494216,268.97599133429054,472.12234935734205,743.3274136964964,35.810766804389985,197.0563323176754,287.70256832463167,52.617156847296535,1601.160979310948,22.12302287752419,5.357734794396662,0.9640067391515601,Low
44.37759071846119,81.43634859055899,138.38093399500934,164.26804953984393,349.82388142813795,85.18358224581078,178.77927842446547,408.14594199283647,28.13094574111264,1072.136743084626,21.47397977107748,4.890496968241562,0.4682655472440826,Low
6.282602422496688,69.7291908722999,215.69375769930372,276.9426477620081,625.6921657805553,125.26892450148061,177.33587981837286,471.3597389911917,89.97788628046776,121.74566766601338,26.930211465598013,7.195412187632237,0.9617282364768789,Low
92.10811542215019,114.8079409243027,207.67377575792057,519.0665796225666,756.9634754899345,28.8778307729697,208.95788409447803,465.9784298837443,71.00660658761512,1261.3139016122732,1.3254169016636486,4.760595420393788,0.7806123713561507,Low
49.98053182846548,73.35479424368407,185.58272489188158,398.62335965086186,816.6797621147057,106.41041545789969,309.1898836430735,724.3116476282771,25.209363239053722,169.45454852628254,44.53571227185397,9.04609333905864,0.7325406689652642,Low
98.6615864179708,220.37682076214787,354.6691511631551,687.2685687228251,1026.3048248837833,9.210987471168252,43.861361995718696,159.58794765553887,73.43221103567747,2209.8313118708525,32.23397132723571,3.834167504416552,0.5169855263257356,Low
102.04176013438745,256.58977939123713,307.47366001168837,657.0361720486493,999.3083885643113,137.8402114665746,259.54756845092993,448.24312366277553,76.72903476192819,1883.8272200675303,19.14245018094432,5.277448476452755,0.471209227542822,Moderate
25.43928656383897,198.731151658844,237.66905737522643,367.8200977418095,476.397764487342,12.161237422094818,74.34015791681044,470.3823062037867,89.81922566089366,949.7354207746537,8.609851363060994,0.08194337654016663,0.5502207781424866,High
78.88241786041543,191.98489901931543,412.0903747377166,516.6714471668628,1008.796330412508,137.13470645162437,179.1614217531578,443.19712762156024,30.055532971774145,1602.3455721472678,3.6079795099510332,3.139255666639584,0.32895140978060555,High
56.6738164995578,89.81205470453006,198.2429804123853,498.66759971806914,919.5052043538135,73.62108741790543,257.2024157916552,458.2611086156338,98.9878694872066,284.5102475067636,30.248568928175484,8.672401124274224,0.9092844428465434,Low
105.61880855057821,124.63587073138574,227.6592731395205,577.1732726026295,971.6757148829768,67.21366691938798,201.73790078759723,216.45915816001298,23.80540802742291,1757.874692471814,14.263002673135123,3.3690851262331014,0.8046141225020981,Low
25.888881501174495,172.2020563777909,181.1050939460013,401.47952592736135,566.5871385073751,145.9960619250565,200.04239501972344,576.7351070275281,64.06200026736248,2057.7173604337163,10.32653062124406,2.5692040166579964,0.8113260616087917,Moderate
81.3375840372053,185.51374978200516,310.0078254288535,588.3070783078863,856.1229047315022,148.55762665473287,226.05762945761916,712.1486684409992,69.14588547461307,2055.255393102895,17.097947420055004,5.458192776300105,0.46149591567696424,Low
72.9302546703267,184.22155845279627,322.7639888555463,596.3750394408924,664.9266334780567,97.5267188941518,339.1901367260874,649.3336414703424,47.70576057392745,714.2724814881863,26.681538951346955,0.8333644794986209,0.11753450083200623,High
35.43617730861993,176.09935328446758,315.8095710231342,440.17846889997566,709.4164572313286,19.067893778557277,231.23778495569644,659.5083953000938,52.75339378933479,663.0467572156824,30.226734750780054,5.339471059921472,0.6989234520299646,Low
16.392108438140713,142.982009429982,319.73980176070313,520.7344348506837,593.6790580923273,75.92551284828038,295.91219856656244,554.3500701640255,90.18190870499237,1305.8872313171828,29.032653120953857,3.0714746925097733,0.40569290477284115,Moderate
78.19677125727318,228.39925677137057,272.7697155191235,564.3396449615982,840.8585669563988,79.37446514334937,194.37748941352638,310.2179721252087,68.07468066989156,2419.5915440149715,38.84695125713881,3.8618737542501558,0.8769087968282842,Low
88.63169497587968,98.75019795865781,161.8059815163125,402.6458382076819,727.0067782851347,77.16696422029646,233.11878020051523,240.33983231808796,54.73008624112176,2301.7048291271826,9.844084398155186,7.92408179315459,0.7913215165273704,Low
37.875281251602,172.42899586597287,375.1116121735761,382.51894706728945,577.6169306922407,85.42377577800146,179.61571082910436,506.314844624099,21.55146061901722,902.2980119811746,28.6535773438711,6.636541985210477,0.18806173489026828,Low
77.37991248267765,230.53340880065485,467.3260630115034,585.1730471256401,834.4454862912867,2.8087070691586002,22.236700991381237,268.7911251155035,10.660386270082117,1950.6746179266952,4.550146928374234,4.488755626582236,0.6216299440115886,Low
47.41570891338039,98.92001655587697,132.90320339770713,183.469697205819,621.296391043112,106.68409222057537,206.95141988477098,598.0004934285718,21.247175633665012,2303.687821408186,24.657061045463003,5.796287315195147,0.7076032296308251,Low
85.58482599391412,200.86533531269964,325.2777239390042,406.81799816631786,461.09957051772255,106.8591452929482,255.35433359473438,602.6955423123867,96.05661107288549,656.0115319654245,26.278128112035205,7.68024461543628,0.5897307008331434,Moderate
23.905832987286374,80.45500447794134,133.99906766283806,450.920384784802,846.7868312846285,17.320466276683188,89.10653396871605,583.0827180719984,78.76781046921977,2076.587645759335,9.730678452037814,7.470548264702073,0.5383400673474982,Low
106.82580031634092,279.26059228318263,294.27888437192826,307.1915354906971,392.5688109887953,85.53591636687011,297.52356004872405,552.6798517547439,97.04046947592231,673.3995891383955,17.626190849605656,1.893951019984225,0.2664699212556442,High
34.48915157586957,40.50539461426025,121.8812291457941,198.8114783324674,217.1654697347816,85.25417736536619,123.02921715901584,336.61661199552054,13.213783873735467,861.4889040885905,37.22368003127111,3.044146258892087,0.27411150220012515,Low
44.13431853073835,148.49703042067026,184.41893671672344,292.76821000010443,385.5555113726283,102.36756302856003,194.14983538779,337.51968010743747,71.21983634727754,501.0576236726316,6.678407418883355,3.514957463111951,0.7796077317104269,Moderate
6.971034249641974,36.94167271855469,214.42494107711624,430.33436626535445,812.8559612505993,12.809653820262163,44.035630151312894,282.46627604695016,13.98641737630762,1270.1640986864202,19.55277889271281,1.916045785549794,0.0677552962853793,Low
13.381465478553167,141.58110241044173,275.01245582830285,461.9480473583558,664.5110840267857,93.97549608991446,195.1835295862208,631.6192686476818,80.38508219819408,2109.0606811817966,41.97298820451533,0.17100646736272673,0.7899645595702974,Moderate
61.903428325479375,93.56367934083855,129.52229708841628,205.91661608710143,642.1768745101924,42.11279261195118,52.02811885551879,73.24798175138943,44.28551554616748,1322.490082901603,22.68490174648204,1.7809743244486813,0.5504587997121821,Low
32.111121207356575,74.48010834906094,76.79050545043954,134.2748789785436,396.6286495696765,76.05044857442579,144.18779733983715,633.1378209829315,18.618882409584536,312.98282418427834,32.631017032497915,8.092031054460797,0.9394115197655942,Low
100.25762708906332,189.24437307729977,391.28363533335295,474.16294744199456,485.28812340516004,115.99853290561151,216.18234668403244,712.8359438379314,61.12419776087638,633.1809509067891,37.20897177999979,5.481908491355087,0.9974554703367768,Low
1.7632066385944611,166.43349763803252,210.4820991790944,386.3674685246739,744.7242733256373,105.846890454452,225.38823127362488,524.2989205675758,35.21081769412493,1409.3403588669405,9.16984686804716,3.449497368522449,0.6803103368535133,Low
45.491285840632344,83.59987282726709,235.15403338245858,330.0662583813798,385.1827127419961,17.835452651699008,153.75954227048447,319.53164411818517,69.36165476846367,1460.0527016485476,9.819775598981957,6.103027234013174,0.4416443346991301,Low
40.48146561229112,66.44466941354975,150.67514768273614,482.3360232454389,877.0258399764011,88.67771806741099,157.4255005148907,268.9499846759026,69.23572835624114,1444.38022934445,34.136615524427256,7.411349547200577,0.5013316131326597,Low
2.3193157101121242,138.93514544383765,285.30663002259655,447.6594575226932,531.7107324252831,145.36747964111078,276.12781329482885,414.37301113726824,73.45067267086776,197.12371380300883,33.89880321793804,3.576556441057583,0.2440046562689323,High
14.924207880061227,105.0357237001688,183.9491304457498,204.5277362363728,377.25092913912954,23.51541560025034,150.7665709907653,175.81928424325122,99.32185708999832,1885.4712521237118,2.708249428782858,4.687444673272996,0.14427260779190698,Low
49.637120990236234,213.75844121895508,235.49333139201863,490.73657343484035,871.3722882475205,127.93606315881223,206.98057587786434,444.5360551195438,44.80279389526648,2274.0233564775717,14.512420831273396,0.6889215058676501,0.5998252236370284,Moderate
59.143750133693594,85.5343704224652,141.2718725619036,256.3677234350499,733.4834021732607,105.38221208306653,312.9322947471861,341.59443017938906,51.87839270365908,1278.7447745861002,17.93396213587971,5.991050835314168,0.8152203430682706,Low
48.51476967058429,164.78179041473138,211.79643203450027,440.5175582548869,626.2345335782531,116.10049693646395,252.51077858485525,611.7478859728178,82.41505309228067,1798.479070495798,37.30681815620191,3.5962506007442365,0.29867819184275257,Moderate
63.712521409451256,105.63076771677797,212.63560582668893,310.49363550982014,725.193745609288,42.29374907139682,125.36117875803306,311.3259065244601,62.05330207196968,2285.4686526311953,18.983801494338184,4.363560293627836,0.4486701697330823,Low
71.41580098868178,99.63267814597685,264.2036240025162,463.9639336091782,559.3600663470976,43.183339406976366,280.0179674271705,379.7003333007521,13.353148961901967,1608.3437735952996,41.66680006814597,4.254876148571901,0.5770349786881317,Low
1.1908585353402756,124.20815326364897,190.15967200023834,460.41304868285096,864.0029337840965,135.90291836647322,347.18102163426346,619.6078005522827,85.87706682338708,1687.4426824554725,44.8473499713288,6.3424724229883,0.9125029289715544,Low
55.691419134420464,162.55465071799244,165.57213454314694,490.37519416424084,819.1222237923664,53.9748048138838,299.62175770183404,786.5014113233409,14.634881374423687,1804.9040113929666,35.13267745624573,5.746030222097084,0.18169966627895323,Low
115.6199089065106,251.48885141173022,381.22319247791944,472.6176930294964,568.9894466356807,9.452308603921573,182.51077726527677,530.076301774486,25.373812284260588,654.9536163778926,29.987401030526584,4.249955175376852,0.2750390102931795,Moderate
62.28387361554584,117.98713737585867,269.4270097156017,386.6269425652451,537.8789227409509,90.08950553691751,184.64523191342923,430.5186569655093,19.18719702767685,1458.7812974184844,17.635372469420524,0.2187024638327505,0.9226039291964955,Low
81.30507209507438,161.93997024386857,402.657593744321,565.1508408443999,631.0362851429179,18.7226503562764,88.93781702602949,477.39496665328267,17.013441959300817,2106.2269107884185,3.016775072341502,6.228578015582223,0.08755881349695721,Low
37.423662950025985,110.4085646895013,257.776265462813,582.287458670409,773.7709642025657,119.48943621118623,285.3188971298065,654.0571330793009,12.311638777423918,743.926012000573,25.791244037825873,8.801795866641555,0.6733098523568657,Low
92.8789653783315,270.01506889230404,387.8082087368395,703.2936086205696,805.1179291822083,96.26196637515861,341.4661119989845,787.3338425278814,14.952494257513065,2243.440396494166,16.27672074947959,7.707038137359281,0.657549589057054,Low
92.75057782513382,145.35539003822365,288.7057965126496,320.16319454787293,642.1621713631097,131.20897578318124,287.88774580914344,390.22221960611716,49.8195270260929,1552.8529646652519,15.790413412455461,9.817075540888318,0.41409171195093575,Low
62.555525718496675,115.62262862091471,347.5977860864215,393.7732251002553,891.0257772105347,117.72558746739529,338.1293227148548,767.5681108442209,32.75670429843525,1060.8212543254754,30.9469163719246,1.433799613306098,0.4947564450567622,Moderate
117.12165879350563,180.94033638265495,388.0348727830665,561.4630848487899,567.467666390922,16.817047250729424,99.0929050126716,249.60594853352103,21.388319507693687,1559.841488693731,20.86377113684861,2.264074525239144,0.8621720539065332,Low
15.066025771518404,116.69296040377628,197.4376437447283,234.75438922662653,505.21429587027586,57.16060146516334,158.89904708372723,629.3985109962757,69.28349884538734,1007.6404646942456,33.844223014715254,5.415711278958692,0.20673296017944015,Low
2.033719786749719,47.45181375422386,106.76540466850818,227.7187103405523,514.5520091150571,116.18403748718809,342.75284738452643,483.285421857894,30.350071957083266,2095.8988266111955,17.91779502084206,2.3970229383208737,0.26998910436498075,Low
92.41898541085152,257.1711746791208,322.82957777063916,374.76446014675633,831.8688549871622,62.601220989948864,251.81789647940357,715.2421680607416,11.705423981032851,1208.3848572686547,6.788852346895319,0.39377032375281384,0.5367328908678959,High
96.8586644837859,144.68206615971332,270.7873260885166,493.40145038467665,746.4041177681454,145.85482271699675,391.2074028089732,873.1027600410132,47.657780539059495,2253.52733258707,20.760638678561094,4.052768347831264,0.4392581518500286,Moderate
14.424867494469149,175.67169917530418,361.6840619824486,694.0074630911552,965.8581729136139,110.36106748401738,304.0521199170779,376.79779864558503,37.93896927804746,1276.971161715327,42.79556314464135,2.9120651048321258,0.5956538726679245,Moderate
31.869939955032727,50.49545141141796,176.30025320715848,525.157072810192,760.9834734743863,2.3249875035481535,114.45391430810609,601.7038559394975,38.67439882118435,1652.6191321452811,36.068608310245125,2.6744204143058834,0.924797226789106,Low
2.106283603995469,120.28757003593289,137.23666899296103,268.5710653668812,403.0232176476219,131.99785373412547,264.7648586897162,307.6263429043574,50.07430253634053,2494.372330412092,9.258716478301503,9.534069529391275,0.9212469168509448,Low
35.197033293667765,198.45442661255163,379.3496017225468,589.0040247126611,617.018591337118,15.120717730283639,240.2495908460678,349.5334841523288,70.202253451085,371.67977331631016,17.60852257402242,2.4226184568412226,0.2685174227292422,High
92.77702487024058,123.1519237819219,324.64445594966037,624.3381346830888,828.6669757880069,21.078558627012878,158.99024265152485,381.0746330879271,65.48312080341947,1843.1392260898472,41.7506442849242,1.3378540833146082,0.3370373822063984,Moderate
62.15526332550947,236.4541161433754,308.8285824233053,349.9403079020397,376.23604352237896,110.17386009165764,174.02320363276894,670.8218864886239,94.3535448809988,351.48620865025424,5.566457642695493,1.2969266161831188,0.2039652472321784,High
41.77147118019457,123.29047605498667,289.3219108758243,530.669454744012,805.9156894769709,129.74528391457204,238.6502371070594,482.9317626897491,56.59449996722693,2097.9715825821686,11.427760883922119,8.072924531210866,0.93140085289073,Low
44.608715388759634,214.83743490814405,321.4854101717424,464.58069177551624,618.2275133966627,80.4524441849334,209.53144139721286,484.7361629864558,52.5312918752565,1493.151185999219,11.800019064235336,7.162738341541065,0.42797092368828543,Low
0.1624350858561785,121.99004293926464,344.26988187112534,416.42103796918275,683.2222387318966,43.35745994186688,67.53741832964927,414.7498930914735,29.207299169520727,2345.7081037131156,25.691979404789258,1.3383876458922688,0.4772198876394933,Low
35.976063307828305,90.26169988506759,301.56808942525254,442.53185598685724,509.6803381844506,52.69733178797633,238.63800035119888,722.7847794876745,77.98431599633412,2165.5617218524467,18.482999387009524,2.2365435326648235,0.8125087417385867,Moderate
77.57504899655166,111.46950348163081,242.82750305904136,269.4136034967623,735.7285863664421,51.4333994394084,78.77188277815165,470.44758284027387,22.669819859285624,191.80573348471444,3.5941803298334944,7.486062934013126,0.5373247991697774,Low
116.90333325796286,171.57564157848074,344.45202803187937,587.8445300381363,1035.1051518131037,49.001715571426836,150.23114391362824,262.30814612547755,54.20196008384357,347.56984148875796,28.313165455968853,2.78243315845441,0.1637677081104365,High
101.64729923806794,118.39043290534944,339.2278581608754,427.687792222834,522.6860468239762,36.43645077324747,237.5920611583486,389.08752649052593,47.91899785487,1504.921466874029,4.4585039034067595,9.816343647815653,0.4659562739705617,Low
2.831395757463495,28.727629699262856,152.65688221883173,261.648857984539,433.37099963154395,91.33006419438496,208.22265459770918,257.0367744019714,69.24707905639629,1298.1950266554768,27.288671939058517,5.428672162878041,0.6489978411147002,Low
107.82727256098072,126.66615182334732,204.9788369455528,247.35729133006478,554.1036772560545,135.0607977847601,345.56467771438713,667.7908597967571,92.5859322960993,425.5700008805442,22.81537711017116,1.9604793055803775,0.7332486333691846,High
93.98380959583511,170.1136474693155,358.53018194671085,661.1608718081729,709.0039754611261,46.06236196250117,131.53269247652992,221.9028457461407,95.19360323484003,327.7512745377663,22.215089732639065,8.595144122401695,0.6630842601437493,Moderate
93.64513482851766,236.8492425548832,291.86580625105614,464.57130400001466,641.8552145580901,28.004144619211814,267.4132181188207,396.1156623585035,25.101934044684256,1412.1570046868248,3.037331038465342,3.2287816816774892,0.1632216832707451,Moderate
54.95949108042858,80.4085308393698,177.5413178408803,377.7927250661204,503.3488684756235,125.78664995571373,178.15375790702262,622.2105854972112,33.563549644046034,127.0592621976237,28.764920109759114,2.923633182890559,0.3391272989037274,Moderate
47.76063515454034,71.2183131255608,287.6501224022592,486.95156148545834,944.7099258438067,111.26749963345549,120.83353588078081,284.2113735467884,83.0471787968236,2184.9695808688302,19.409411636519884,3.308040272842409,0.7468864127150545,Low
36.349887459983115,152.16709837310265,333.2726834404314,476.94527352990104,903.2005916745036,139.62555473398658,357.7321904815912,641.0555496586746,56.64517862042735,2018.671884907538,18.499775502855893,7.693562619819224,0.886180684619271,Low
7.883383074523893,43.37631982877582,144.32907114065063,211.71454154399945,501.63091217743136,24.827960340736443,212.8786393283385,411.661643722927,50.773111152015865,1964.4980794191679,26.84031283883415,1.773468849673684,0.09482709430914675,Low
27.388243619243894,44.95805047886238,98.64417608095174,359.44063805539173,619.6138064911788,21.63769711748873,79.63365638433193,116.64930008728872,73.95629071426353,44.91288186664896,27.281162697594635,3.8487685135963328,0.0901176526664783,Low
29.592436197362954,59.625180274366926,148.61727798242606,193.08697085761207,658.4498681303107,81.2144091457495,327.399810929918,508.8317258782705,64.17324573462746,123.86415381478118,0.6764983092894838,0.3567860892048838,0.6612343028721093,Moderate
58.08924836522419,224.3608996230439,295.38693692990216,331.74276352748586,797.9566550168936,92.16504822526429,217.73508054239625,421.7691820603617,97.36426489792012,1376.848607271068,5.635165554144299,8.274934842628598,0.5706438464551169,Moderate
89.69332879160328,237.55815429131763,281.5804762772811,530.1312394360573,1014.7963021118875,72.02601627893843,309.7923763149793,757.6429272707385,62.557718705944026,2486.092093790973,10.643319938012429,3.4401517247547018,0.1975720979918283,Moderate
56.85717940775359,120.58880063167052,306.4220290230847,379.514986181279,442.20442823537286,89.84499544858132,216.10218829533113,378.32751511850086,51.937644371252794,859.0789214235226,30.50898000056906,2.5193205520933253,0.5708770026121124,Low
6.941333933659273,124.98907205258999,188.00654376513288,295.3770067386242,375.6559121202093,27.056965331260702,145.02561202408347,334.6461719051174,58.85356258703581,864.2151669313332,25.953350716332334,5.819937761636217,0.9757629763258083,Low
114.93477611858447,211.64439737883131,325.18626492077226,491.51587837138135,829.8842277113247,71.9420631246125,184.22669741072878,575.675081746896,82.7685835027276,340.02352732064844,34.09331095731392,7.0646692433261835,0.6493552093767937,Moderate
113.12691829129346,235.00928571815496,331.47414742718223,488.7471082825234,759.4643465874458,98.71388414095017,182.43270317418774,561.9110287799867,65.14075511066987,1687.4678303300561,33.327351249473566,8.138315569970285,0.4766840982472326,Moderate
94.222745177809,217.10355262110568,462.6228972800134,710.6255910527631,719.8585434993811,64.90596738730555,198.33134168144346,597.4739800056889,68.23432822480459,1618.4583390400442,38.393229114276785,3.510460207715725,0.8361558635425966,Moderate
118.95934818770647,232.1314708985052,329.9045319355603,548.1056596407367,579.0931776354964,101.91710037248968,215.05576585963166,691.9411358976337,97.42949920329328,257.7994288660019,16.956668757258626,8.132393458983243,0.252181361369544,High
65.33787993603156,113.2361262727471,133.2317469719358,358.7704037705888,802.8105948999914,67.67869208307594,76.86541123896448,474.6441604363566,65.65559359829116,1171.193656235536,15.527873978248625,4.675565953696008,0.44361010928556754,Low
115.53220203038472,122.55335776769199,145.009795910713,394.92881164012306,829.3642094098162,50.03993712634159,115.14874548221721,318.95284709116265,44.22567235010858,1669.351897510826,37.39569313740584,1.056365562074988,0.551379497220305,Moderate
9.072604874010093,91.07462563222968,238.76305597049588,341.1775105687087,519.8129715667313,45.54075706306385,98.82145708945345,509.57571553849937,72.21934243115169,1236.322760123208,10.692069024023304,8.470759453022003,0.5293128974482176,Low
43.88168979136456,204.25698903569125,354.09787697025763,466.9145361004234,912.4398445656907,61.6353088482882,278.4942094285548,532.831525473524,69.35134572795803,1687.537136752565,20.752756815312313,5.498966081940912,0.9249238457505947,Low
27.0457521608119,129.55525869415555,234.2450063148193,387.54421807826327,684.3817552772141,3.463443402330124,153.18093770904048,292.0379539683231,11.246287195574372,2041.5946415915669,8.744654341001237,6.044572240876485,0.328034701884342,Low
23.499970096112403,173.33035760245582,281.2912806804633,388.9030412421974,791.8558647516484,100.27877076691706,291.19954587934893,442.6580799448551,52.05963671072498,1716.1095056388103,41.12283339626461,9.378038133462617,0.10367853469313865,Low
16.896353867121128,195.38873560014218,208.87188131035998,553.6001354501623,767.3156710302694,126.76584614703928,365.97235558435943,477.8935498660586,76.86132425941594,1542.205018397157,18.351135589348143,5.613557275145589,0.9205583442880548,Low
74.6896369879196,104.14055373280932,233.2771813301249,518.1953555776253,574.8945192500796,53.19406416646778,214.2038822980703,286.700361207947,54.91373119490161,2134.7076910765104,9.561910420387274,0.10555613024599056,0.2562142742814255,High
93.75862268967661,218.27859773523343,344.4634665803213,402.0926074699317,618.9561387929398,6.904970421257783,252.55746827244388,344.80267419926906,80.16590223418504,2251.9684768351212,31.14060257560104,8.712627617980871,0.410076575277872,Low
69.39580793044328,190.7686511964477,228.15598083568383,230.11393539433817,458.7638343927871,148.01633960783366,225.95735252086607,257.5463774977758,50.57953267848529,975.2716607536314,11.00901051947154,2.8832732492184263,0.5543470432921733,Low
17.63552515058516,194.02750567507528,219.98735220280716,234.9614960893509,510.43359300965244,39.554738317660046,86.12153389588352,530.3469663620767,98.49894378735121,437.25846987109543,42.457662142660055,5.042580861800837,0.9770864470208028,Low
97.33485239201651,274.7429845035206,305.6361071533932,391.05831501841703,443.84967147063105,18.99316825361595,119.82064025184381,585.3245450764055,36.360243028349984,2045.5617080000864,16.542765666423517,2.0886216954861307,0.5585050195471682,Moderate
76.31456485964742,199.91671496999072,225.17377659280535,265.17572663570513,760.8766581605108,55.462876195954195,173.1627299299062,466.54792617685393,18.291034733146617,538.3140027122105,29.908832044582667,3.0049865061269854,0.4753561412210551,Moderate
46.57988473523946,90.43054729203442,242.85759617622438,429.5259363886246,551.5943467920778,110.7835560950335,334.6239418081798,754.8687201125223,48.70106210386876,2322.731921023969,15.536021902083602,6.882156038266986,0.6044565555417644,Low
80.89563546432755,224.6356863278354,273.75634942856504,574.0546773831406,673.3308791516871,44.08748953358486,184.07259929275395,275.8581506193275,58.75381223865271,62.08047332864911,36.32605123470632,4.324254842827243,0.9722677519212809,Moderate
31.188597509139942,50.453841667126795,113.31137971399266,371.17395703362223,634.5754164615905,86.20548058792318,159.25073044242743,610.08764305592,41.418435851421535,2303.571600635162,40.36152334602491,6.289949774284801,0.8270473688186184,Low
41.42306501930526,181.94893977019842,225.34197580805835,300.805147886825,569.4092375842692,62.33399916557133,247.99256988245153,501.1733496977057,31.80530441061631,1475.0115665670965,35.456326173665374,8.244578128563862,0.21051972949632597,Low
110.09830117583883,273.93360352188415,513.3924296340099,653.1471692430349,873.057538159657,17.664598841492772,144.1225831262605,177.70507942903805,70.485282224694,1937.9815806996392,38.1824558427384,3.441179120754134,0.8130970141589986,Moderate
34.860540680570445,103.7705517388888,317.42491752684765,495.1878908627948,881.1339640254221,49.54305187381654,90.07603819260908,160.73241043968918,43.94125898706269,999.2390047256893,4.584637257193619,5.704983381344107,0.849044106813694,Low
56.39859217895239,169.91294527590688,227.5366546137871,511.1087019399545,769.4359023042559,108.73057585711,252.93552275492306,407.4237531483317,66.82316761905733,2479.332148312656,41.58291046648799,7.786999539062705,0.706159398760543,Low
106.81693648752176,184.2426282649505,266.134201745482,559.8267628326397,864.6744904051318,91.80058459971686,319.6492188015378,341.4280089789135,80.11643037388983,572.7408117778946,28.093532799387614,7.165475768055277,0.674371786208901,Moderate
84.92656203210329,163.7242719299664,216.1974825062157,534.5988916739373,896.47208437783,17.96675698253415,228.62241135148918,383.269100360211,78.49023649840213,664.5374382822461,39.114788947478985,5.421442188019416,0.468833150805414,Moderate
7.46438713976433,63.33114717922594,186.3001370444319,364.53597472043816,377.0485255023715,24.498361457146284,171.20085461597904,201.16607117542495,43.77783795721221,133.32394787349497,30.799654388343694,3.864665931737183,0.6596106177634811,Low
17.676365313476442,154.8596969945349,159.76233011309827,402.75849136565034,688.0805826381727,96.11000389611682,190.38079736736387,308.39459996377644,61.110840605515726,2351.481040838288,9.083145084466967,4.104644713268524,0.7506962235446449,Low
0.9409908926300181,169.45277244260095,337.29477466679987,376.42490459867787,818.5221402128625,122.01231214813032,143.7569999141831,276.5918778424039,50.469240199846816,1142.793112478697,27.42997957405544,4.359695359362842,0.16667923567058407,Moderate
75.71061482749961,245.0457694897026,375.835306944113,573.6864429280067,582.3808143907237,52.42117439372539,169.83340522663133,667.0178934100283,88.37247274386942,1688.7567747247763,4.092580787541344,3.5210130130142105,0.2944634621742639,High
53.7208110492502,85.18144232673829,309.84117440201413,396.8833077169114,599.474359617392,89.29661277651752,277.31647215891235,395.08980904074457,89.08826318199993,1720.1646150197876,31.30753635981714,7.005802567152494,0.23437778501797935,Low
16.112982108273066,173.56683904645496,214.6650101285585,365.76591988787237,828.8796449907874,25.59653831281579,115.66496824606844,235.2581927153586,40.93674245992331,2186.882720245281,18.405051348625772,1.2978817601047055,0.8491512450607136,Low
114.95209452681246,247.68975398369443,448.7170654989774,670.6347434063291,847.211944547598,46.706450535798574,105.56815692371467,448.9626411029071,18.256370309085767,1663.9885003627912,6.827992789509403,9.676168501136903,0.6960024619551793,Low
63.55916687347439,109.06989899772645,307.0601526144054,397.0052308632288,626.3696429633492,3.04053085095789,235.88546066869623,665.5641999269221,25.082423499161756,1407.2428498489471,44.065341714078635,7.8009057446168235,0.4782396125964177,Low
29.0271952935467,41.13842561941932,72.93372292364106,91.19849315250744,581.9691896746638,115.24139216992839,320.6303172844265,514.1580235854698,43.03015679177954,1777.2447178566538,40.54879908948065,3.0167223690593996,0.8347529629640448,Low
60.07242853856491,108.31193657775295,207.95174261378486,211.53359235685,311.1955218321369,60.15147296594502,219.72037782098118,657.5293877913274,60.782495928669164,1878.6721435128006,40.20946710314642,0.4733483142428245,0.7309422729928852,Low
81.55443992821293,245.75192254888753,288.29008283501673,296.04592027559926,328.6735148381022,122.41883604809308,156.6146720282229,326.68568240210146,69.11083098679863,468.8902258899625,35.496913785851376,7.127466565170314,0.917913427468032,Low
9.148706156827737,123.12086763806676,186.80099275245396,189.72340088227335,619.4346963129256,106.25594940340895,142.4831595049522,240.99109931246187,39.82339416574002,278.61926224699874,31.139150631458293,7.35687249744984,0.12296664629301995,Low
32.96445780574704,162.75429676736397,228.56584047500007,267.19011027025647,701.4227808764407,124.31163985927154,150.11653772321628,314.93594988707804,70.07492076615873,191.74788196147998,29.47857661315103,9.638044974749388,0.5336995124641735,Low
96.83585890607924,143.1232821057165,282.1823806121597,366.00343071170516,602.0423480517118,42.848800437432416,196.9229671606182,501.60115412461437,94.39659853063804,938.263468833729,4.774222696673488,2.5743702978728913,0.7214105083974425,High
55.15978444831935,184.649652451787,287.5023853919034,364.9299153557081,622.0335025943511,27.76630956417679,56.65700868251079,240.22858833854767,68.68127144520554,1247.5105983951744,40.525480589330435,0.8731146475320268,0.24711852746460344,Moderate
65.58925704387539,70.65112817390167,307.584329175478,652.9631371384419,1070.86632194736,145.78585239775057,356.4426521134088,692.8895541080533,24.270870649991615,1541.0464962332028,39.650777833707465,9.155590839298405,0.3607699203727958,Low
51.93792026513631,119.4957625042788,151.0882979910301,258.1904348141602,627.4701838720578,107.59916805613042,355.84041851096094,474.3083582222022,62.17020216798648,2395.296126625577,33.653368193618405,2.623557894397113,0.44802743875383527,Moderate
5.267993117160614,118.08359585478023,361.5066295673299,406.1039037431196,538.6784048516249,125.10634018900055,216.69338636616686,567.1898333607412,58.77059650902845,830.3156114164806,41.72917315838051,7.229237900872624,0.8046093373570596,Low
19.88997357841871,46.187355375856356,103.84701542942234,294.7939058881376,303.24058342389685,1.970006056490059,115.38746779826442,289.10664942249775,88.36300998085787,1903.3807599327997,24.888755312909637,0.6535633963853953,0.5188973910043354,Low
53.46499664902691,201.60564004947517,394.8241241449384,695.1092335340663,934.9593148008391,53.16924304438299,231.08603729080266,459.02022309176994,41.52727496916769,1330.7372608892379,20.14390506228999,7.617818809512861,0.5182265312053999,Low
25.102255848951337,67.4078896350967,152.15037117830204,389.4715030539884,818.9276661018091,111.42250358659976,345.7107551680412,624.5833253894891,48.065104905101194,554.1243805568575,43.557633097482544,1.313907676514547,0.459343237624538,Moderate
5.997483439161448,123.40808374648176,159.17843260081025,262.80716379821786,710.7245021432989,11.697424948497497,235.22086833759374,578.3333699305906,63.87931499378443,1540.187045676254,20.88590345089452,6.971084163013954,0.2671596348314996,Low
101.23795968621884,174.1734453497782,388.6457416613382,585.2113975883474,1063.3244961264243,85.10098943534035,99.49894662280249,218.85579254716936,57.19827805678229,2418.1045648328104,28.859599848022096,5.346813326141377,0.9269179588321265,Low
117.7431034996939,225.0309506856704,302.2461754947862,552.4457664649294,992.22738527132,64.36091511825049,106.62886575744174,524.601634462847,74.71149331646568,315.14920663192464,16.787796608629755,9.557106898149241,0.35191106462384164,Moderate
95.17714487960873,114.51824435281219,279.23209540952274,534.0686677382325,824.0904453872818,2.6424760711660946,191.29177571061416,552.213150588234,13.635009182124623,1270.6630125503264,28.634680170887755,0.41733054861956304,0.5890923777314055,Moderate
102.45419060456004,105.49849459044935,247.109415862106,480.3978752162971,702.7006748343475,35.39633656791771,207.61961357602954,324.66857308802923,60.716441728626386,133.76284360556792,32.40445480315594,2.955885020710578,0.19134074874619117,Moderate
29.037255638045444,192.75885256649966,310.6979299142182,615.4815785856845,1002.906501852734,42.718798360007135,76.02344687003796,563.5107281714932,20.950470370348775,806.4346657464239,28.109498637984768,0.7416137274757258,0.4625312224940948,Moderate
115.27523706158397,163.80863863967687,287.7635068018117,592.3004172222481,962.2112344050463,16.77899195194837,142.29513745234027,474.6936329675695,38.36880932677492,1553.4036805970081,23.1553323547289,8.798016470635204,0.9086133403607568,Low
23.631084534411407,171.17294503489404,354.23242355796594,556.8602193504171,825.9319343911443,94.73053646139905,289.9341942327229,516.1476374660757,69.54641753791513,2103.437055396733,13.504985893135478,5.959316478928021,0.9956919765850625,Low
114.17157724341988,294.0546313284159,315.99785985927605,466.44758904820037,510.11127532743495,36.35968143778335,91.05485200345677,169.81851478021494,24.167278053295995,1827.1694122065473,28.97305542613005,5.372947642961094,0.3936642638967937,Low
119.37831527591412,157.43594171571812,324.4811072051944,549.0307106529793,1012.0713840464387,41.64292494290825,259.46483387657486,526.0753350306406,37.79576519541659,1159.8276616476073,40.87930028676133,1.358006026557282,0.19629101899861873,High
85.40673668952584,133.13747010252985,357.09049545217454,643.4646959318366,871.2659646826676,134.7357897300221,147.9787334351141,230.3666768486732,73.27058345517807,2273.510778974846,0.31106660263503116,4.915870960264856,0.34872895039387536,Moderate
117.73724781501863,237.05200958925846,251.4990588442245,253.47729553863914,435.1441864967713,70.06846390397092,265.6172351709894,480.36307451991127,68.57247182741506,760.2730892343078,6.026806234336067,4.017101368999363,0.36087967996766845,Moderate
68.34477354805244,242.12552777616426,277.28886258458095,624.4878157397789,939.2715133241647,58.81922204539085,212.7739469928584,417.13020836261785,18.193570228876425,1886.18860851179,5.389792132493507,3.1917310879832805,0.6622833545682018,Moderate
31.14501398113084,195.99159665546475,375.1495808309726,439.16240114619234,776.0813817296807,108.58065574720759,187.3804924107949,547.350314584525,61.95416441430915,1187.652509260418,41.544238630178434,7.733280107211013,0.5213488882698323,Low
52.43950627987451,142.95709989167977,252.27751195283417,416.8646569338258,522.2086154489765,136.44206953243682,316.6752066179147,412.8667972300396,23.25290157267755,2247.0962079085753,29.823646003317663,0.6596965963427753,0.780036741852349,Low
71.22731224545431,214.34716310026477,315.23431830368685,620.4447254986902,1038.9141479036684,3.7554504356165754,199.3468992234065,610.2825766588294,32.70442408430434,1994.5948900261317,42.83046479115677,6.484522987253907,0.7162381202726071,Low
8.7697874432418,33.20404100122399,67.44569963728296,146.20983930275275,291.1783861339417,67.23582698330947,300.7105698093018,463.7767333173847,51.329015077220085,2254.1668049612026,26.226597294559273,8.238780660462007,0.28874328772898394,Low
74.68119175406953,250.62006491079177,377.3125750902388,544.1909034553729,637.5328664125312,91.61720341169209,183.560871450258,405.5551849346455,19.84121409683702,539.5483831104731,20.777980372166418,9.077707464460227,0.7950429053914893,Low
117.74134041147535,291.32492253795294,322.96125033704726,369.36501340046,572.5649398277087,47.78446471889844,219.28864871388717,605.4591364908084,99.42822711267101,1672.0353281299388,35.65543103164631,7.47187011781633,0.8550887735690752,Moderate
22.812917974047316,52.28413039229809,171.4392444699332,309.7159583558006,674.9959988045332,115.86115831848626,266.515227552159,579.2114274089164,24.883260494860103,1847.466203163692,7.242402036385105,2.8604340046392442,0.6184706802663017,Low
95.111413954606,149.0075764191652,339.9114011595793,401.9088103371302,884.6378995570319,145.72156054054108,277.0230779048132,431.03575380578184,80.3181365585744,1857.3235918800713,17.160215234279462,6.025049232210848,0.9312843237861473,Moderate
108.94785525355432,126.97575480477238,191.54184427656327,318.81155634646825,723.4521885321849,141.51410493754247,364.118223476302,557.2196857492424,84.68549605209026,1262.4811239160072,20.98234082404007,1.456965928597835,0.7938007165978228,High
113.2441911384265,162.15335894009885,282.3499009850307,413.06237686248335,883.2365656975792,39.89738090699128,40.68920944159136,193.58261643639645,99.50175729064013,33.070053258141584,13.430627753045318,1.214753206260521,0.615626111529539,High
115.21627252865366,262.08831462339083,510.0923069725998,857.7020833320162,928.0049853702795,33.9507417656229,104.4786432915223,401.8637269301009,48.578789606704156,657.269805753342,16.707852558381532,6.40431021427822,0.9108576974476637,Moderate
62.57515664657663,130.67196593632332,302.3345717748326,650.5191320311529,686.1075314629913,143.62357965318316,278.19288953939065,444.5051561428105,88.66850681254061,811.6356831359308,3.5147334115988214,8.518521163112817,0.620340556228512,Moderate
117.27694895898044,133.18840304539694,343.5275958716966,383.7027934029109,662.5551743562464,68.79427311471989,113.36758852385798,476.2164359154284,96.1785495115166,2130.831360117995,8.909261525230109,0.7191188507112082,0.5451315709704732,High
90.87722485613267,152.47781931633548,256.1897209564719,510.2787937213934,655.4275352434106,31.24465846270376,258.21129189589334,548.1048711877563,25.560473040520044,2103.0101136750295,15.097352414891777,1.1047371347263222,0.38844542339054755,Moderate
19.40057234843543,196.04957251186585,388.0148032933297,406.1257211775151,820.1532076621515,106.04954454456274,267.94832394781656,340.80162982157105,53.149248015357934,266.17685957426926,35.815069495491045,5.677792708922101,0.8887201640647231,Low
57.2280127761564,170.57105992281294,180.6983531581434,191.2655585261594,527.2594942273224,42.66304858556874,162.13379724356622,317.26810658350746,15.400973697047895,2374.8405250192877,8.212380967928874,2.221208017142435,0.1665908123291805,Low
86.19974104464048,161.1087113977489,191.83650703331014,228.70337001904764,714.0674520119449,40.08704626065785,243.76248602732147,354.4862069823994,65.86516108217813,460.23142919546996,15.59881682929011,6.137590321637595,0.49982757850658355,Low
29.68083789829,59.6577703277986,110.42541855781414,448.34539851059105,575.7415763762432,131.8873564616677,244.60890432794366,439.7655106036863,62.32655411709097,1038.8268309957982,2.921412968862083,2.1847110612906313,0.5605426652812707,Moderate
76.87382202586649,254.38564553693158,354.8736266907365,684.1758684538806,927.0679256314968,24.371873006535516,164.03512598903788,422.0271690937194,28.371365619687744,541.8166304463348,25.069695517197268,1.2089956443452914,0.5770116514312881,Moderate
79.9920574855943,227.74487915295748,439.18109873439823,507.0558358326364,757.676074545313,9.658941969935459,10.346690858415709,263.72811950047065,81.81124830047135,2151.529509729247,27.50628996634175,5.478471072540032,0.669295338960981,Low
19.523969257027908,70.1898836981934,156.756396395176,213.34171383897504,332.93011126766316,40.37796602575309,131.80309857452147,509.06493685616596,13.354185048718588,1874.7580694889832,38.948240855797515,8.628841623424558,0.5305058430411248,Low
67.81023749433075,80.42260272414485,244.07790110301056,328.265181383592,623.3118811275958,91.04181192573057,125.73943001347301,220.32536181432766,82.56045917148013,887.0543731850709,36.86021993258838,6.866963622897773,0.2939772402579307,Low
92.59522931743292,102.78782964539337,280.11640334626424,460.557851272564,682.2008443121838,18.463178010490584,190.88534817606336,664.1217628247867,12.398076204748065,1706.2871719350082,12.842007960774623,8.196315118482849,0.8640971763325248,Low
59.86747974431303,81.53554665530912,228.08113517739446,427.47775638978794,650.8385343847248,70.73920084151906,190.4959405854525,361.9184940265368,69.11459309227152,464.9953760079982,6.162916013543688,2.70003498518098,0.6746490614437519,Moderate
1.452374013132891,105.99071906372879,195.30121110626283,272.8589117600694,454.22723574631124,94.10056656379797,169.53995587635566,319.6643793344249,17.089256252341116,958.8312454781241,7.023743199468168,8.865487580405405,0.8652784230247909,Low
1.0846162895150613,168.26203210650368,312.5253675348897,577.3433433663706,585.8080195791382,127.31054888897609,244.26863373191168,586.8579228220216,32.61029673810907,945.88343290358,43.603377436820004,3.8015397870338927,0.3122413164313579,Moderate
42.84352127640146,132.25733831747868,217.82373651491525,326.167345805843,587.2149642632376,34.48043868033815,86.8879106681747,489.646225009706,74.97220143806523,598.6520208948875,30.29516163033108,8.531854295177085,0.6552040501576806,Low
111.14328821181384,262.8734750539293,283.84190969193236,606.5878736272259,774.2117914773914,122.60194850741841,353.87360662895355,543.1094890357803,35.23643196628481,2191.398563709292,1.9156854511457688,4.738197121979824,0.7284650578225753,Moderate
27.44121355243305,107.70080512719846,355.90179967370204,585.7547469335577,586.4146814257226,35.235939169685786,48.72909730741404,422.1525847544026,56.005646384596126,1698.72011002042,6.155066477029257,2.715183591236937,0.4142349023494465,Low
76.12364266460246,203.668680902811,235.46429431093873,388.1872123172028,542.1590661481688,101.51498118594608,317.8692400099762,759.7372180780035,92.3723442568103,703.4485798566792,21.86100292954301,2.639575368716589,0.8216319122965562,High
26.64910448319847,158.3861971947686,176.47329315378295,452.9424937497788,592.2566602946573,64.60103572236827,192.440732905706,575.8425655091847,14.467091863292051,609.0912977694481,9.35229619319039,5.698295449428295,0.05238333610018189,Low
38.60039875914583,69.91386582174678,289.5465531235358,575.8166722398685,772.5407488516864,17.202186356800524,171.93881039150483,189.03705317692132,82.99718143621061,49.793910143101435,36.164654325000846,0.8361521885581158,0.6151737627035105,Moderate
101.76505075217807,166.78394136782418,242.24260659104795,343.91116855417823,409.8371633758767,107.1395194232773,182.79092465045326,596.4753803335474,15.874479871164057,869.7227232119249,25.79477029062142,9.304059136155661,0.632890046834524,Low
87.46337307239362,202.17776124923793,364.75200476761484,483.6520951102444,737.4940074277865,32.66439278235267,274.338796980933,661.5792762081167,21.411535990300898,1319.2943518717188,27.568449350518428,2.7510617822004297,0.5571509383867037,Moderate
11.447913277585275,24.17330275077119,106.4247351663294,434.0090389713406,780.2292152304055,26.49351390368872,96.95625353356118,431.60137261015416,20.738719350028976,697.8888000613991,20.82714966221453,3.38946693756626,0.648546062573477,Low
51.444242518372036,116.52147631570422,214.385044014322,272.0444074414672,587.1371919687534,53.74843928840748,200.96793857348354,580.9791481174352,99.46920548896536,1752.643399692276,11.522824894184197,2.3713504597252655,0.2088655141721067,High
3.500371637431736,99.76427556804639,165.2925185722455,180.0451645092725,581.9226382938679,97.99353671392252,346.34771299070474,836.0604109066742,26.216768739838006,1032.3150748831094,26.523162594114595,0.07992920757917783,0.700542407712257,Low
57.70681759236108,237.02722634039606,322.7882277886486,481.70759070199085,707.7117346955314,35.09947181859417,255.3730709144556,470.9295148236305,90.70856616306413,794.2130033416163,32.26365207723293,6.940874856247538,0.368999514694832,Moderate
79.49208140412817,164.90812267616752,267.5832228228033,548.0066879080734,807.5525530779375,27.54923081728286,161.63168713880935,195.24330461610828,99.18389466518988,2347.9488586818766,16.69266349335751,5.9260013652905235,0.47945105544712185,Moderate
14.220314831778186,161.11053111235643,341.2145483854422,611.2983855942032,1016.4993560236949,1.49304385700465,249.08667459880766,479.531659412666,44.540629337106814,660.6881888339069,22.72246337780259,8.105963174961301,0.3664538957964552,Moderate
34.66619266909988,112.43830398109108,240.32235253978905,562.1580726592804,776.0086580688996,70.74646456525853,246.0889299984122,269.3057576939362,66.79436891758169,998.6527621411575,37.785778671241495,0.4580571958372557,0.5002393933245112,Moderate
47.740395060258834,191.09072513180644,426.9820294210507,613.6022619502148,964.4019369000133,64.2968353972774,116.47193943272974,263.5971434769603,80.11821283872513,958.8155173593259,6.690679282010713,9.290123665096537,0.6404907651861603,Low
110.34372295872598,217.51838725034548,227.98848571003936,263.011120758326,480.3123051173219,35.080161545606444,136.47921415455806,429.9191100529375,45.33805736525874,606.7898724497645,24.535098867334515,3.342325053600637,0.8464262973507735,Moderate
119.19060185075568,278.7777813211874,404.5448619791944,610.5860029968001,819.4541002525814,8.047824601453613,91.67115810434137,246.48260456741951,24.563272644802655,547.6044658269897,15.678569782315266,9.135045131932648,0.5092633047582099,Low
5.389355879473903,79.35901530249367,225.4152125104232,497.8536775340473,877.9564897986274,64.38838118937554,150.39180825717284,493.08943121194216,49.038646941330505,759.4381469394419,31.625764119775372,1.1159582465720184,0.35706263622342305,Moderate
91.32095081944705,200.09574638731323,430.14499290588174,462.80983500032096,550.2282927334265,118.23076666074469,308.3448765007113,719.3380403435718,79.46988805026501,2161.2692439782963,0.8464609423077596,7.452009785622929,0.5135447849791152,Moderate
44.606887968281185,158.0102504796701,170.299881385027,230.7299717691834,400.0229577399702,107.29231969907654,253.35805151727493,463.5776411570434,80.26864864735627,1918.87180363708,30.171298491143492,5.814614402751649,0.7043634808669897,Low
47.0949823475376,122.22391187162279,265.59880810542677,269.9005395099116,381.98667788336246,129.11923347902555,138.6424113764077,588.7113870229094,30.7484912953822,1704.0937878293303,4.630398030728433,3.6140025917632106,0.3793656808895058,Moderate
90.51179680164272,116.4879646653894,329.89544679737867,537.6738496037623,717.2288210875608,1.4374031569733436,220.79952406971736,260.71898974491745,25.74690759016719,1145.471966643021,2.91454888471461,0.8374668395335421,0.4435679709872358,Low
110.21117185744903,127.05186510166943,187.5337971314786,497.89083431254517,613.0782454955572,144.96289752068978,219.16193264073092,639.2185147409558,92.85046318903147,1271.8461916583456,32.608048543137585,6.067128272975068,0.5846978261582996,Moderate
114.11143134030581,117.11231044823977,336.1853975792241,570.917558179959,860.6203737232863,51.21183789411725,300.4805571224032,714.7671298420527,13.95991275024795,671.5114195061835,28.815396880683306,0.3130768365854353,0.3293088006359825,High
69.25471032459849,226.49087788873715,231.2517302073101,574.9657608641538,974.0511621730764,148.55966941379472,387.10735199749115,548.1043001608737,76.12646281885782,190.41820502061447,40.27211689016964,5.037756886502774,0.24863042656721968,High
42.85453911606034,85.42002331902535,268.53368060245776,290.59545897737434,683.9019895863253,37.8929190902662,273.0255982607575,422.383191823065,14.17792469020786,830.9461890176033,23.38447301102903,6.061875329146866,0.18337266967009885,Low
94.5058903030535,132.57710517377177,365.85541046593505,681.9057902689588,864.156272543355,70.73045813673671,273.51235915273014,426.0598497294865,85.41100457748891,1241.4814712009536,23.85109914872252,7.338611285510844,0.38497948396977055,Moderate
30.120165991476032,162.60653806816782,326.9059534781834,611.8298540635217,1106.2100570106525,53.08915148629555,108.2424844071812,513.9393405793867,91.48733320024918,147.99605106573446,31.815802600944775,9.913779610537217,0.0959257611161542,Moderate
67.68888346002213,125.29178381575264,235.04909481086463,345.03362698569134,641.9608093385917,53.36410724914539,186.5222932563409,602.3490370614384,36.767721180618906,225.14208863248058,14.552890935896302,2.6379324494022605,0.6043084003740264,Low
43.02941538298478,134.11746001711538,145.33771413529487,486.072007278333,685.7721581674804,126.34231481223237,182.417971518476,347.2792009323098,16.65420791650278,661.2479560469953,1.661060493986965,3.2577787226660764,0.21711389769764827,Low
78.79572884494513,108.04772059848726,338.07617392914443,438.8543857891397,856.6240254098525,111.96284096060081,176.88170485783812,473.176878580069,53.26160827126857,920.8655321139402,10.352062157357603,3.44439620074947,0.4085250527135406,Moderate
28.847869547220828,201.60209941037527,319.17615508326895,630.4328084231454,995.3698147444659,148.8227152845072,301.5606576435765,371.0272723638038,36.861673307092914,986.3254437411695,10.710603535336498,7.329247982995408,0.3057616746284539,Low
22.991153488179094,176.27580549128183,183.52499157526884,491.7869935512351,866.4246619632873,92.02720240762687,102.23558874589273,336.62495788640376,47.54225285293411,299.1257353885728,15.104648262518724,9.321601719148333,0.648870468024662,Low
110.18869040105245,265.67082253475303,438.1260903669435,703.3062561779839,801.3759310449196,69.4884906591754,311.8531323643523,811.2495577921214,69.84869081398122,568.4242795642981,42.455822986820834,9.744521308336509,0.857828378393523,Moderate
12.216441953944429,85.43571669690536,205.8950300909699,403.10969592546803,637.2718496097456,13.511079442033669,243.17937258652478,322.5989464396482,28.884343235384527,657.8098938987038,36.217925939841656,9.460823097253385,0.6516359908389278,Low
60.7149489281918,197.9399673954829,229.0262967560856,271.0272591219964,701.9413245342978,149.48421292707852,244.6761059665085,718.457425946538,42.12564125626777,173.74901612210925,42.118031034233645,8.799860926766671,0.5653796822397241,Low
26.50233395556107,52.400041925721496,105.96799425328639,292.15810132706076,544.1771051414394,82.72959793984244,211.58520994157072,623.7125709240746,80.43062412634063,818.6187529712947,44.93743155508502,9.910224869515279,0.68562955235594,Low
4.671595599080094,6.223016065600544,22.34568617956211,147.2243756587892,488.95074736931434,105.07162045352126,221.60147527046104,707.7088007435959,67.93857549575395,185.19282402499053,19.520055183917002,3.790659982003244,0.07849110587218984,Low
4.322258194971167,7.917386059016229,151.49077098615962,428.7667325905327,722.733599107665,61.01135807869671,281.56130273306417,371.35068303833066,39.36479420361148,1760.127318558627,10.218299250613708,9.485797133987129,0.1667024279140138,Low
21.02661265269928,126.61492538552017,282.12229519852247,547.4675174724182,968.6459113316092,82.15735622688538,254.30782530591313,361.06707052759526,69.78714402339358,968.1891775604895,25.20018725648621,7.62214862583932,0.14018087417249203,Moderate
104.01244254072003,185.9835254853494,312.41910007421046,631.1334776546223,773.4138975354236,141.38665978393308,210.9144716400222,219.34806250745154,78.87816306027699,820.2472114990449,39.65104862766535,1.7261756023033836,0.14328730746134483,High
33.8974492772432,127.14021208077675,331.41574533143046,336.6063021825282,624.3439411257107,24.962915689740413,136.67322930606463,499.0241357638674,63.32370228575087,320.67281790149923,20.957933745656018,0.5023786193781632,0.2974595294367206,High
114.05510046903548,115.39846574413497,330.6506710711384,613.8367969592045,675.4541309641065,43.85588764953819,151.09738157122914,473.14472828932196,31.554714925090764,570.1266203350151,22.74296861575141,2.1841153808097062,0.5554496473640449,Moderate
69.79467515870323,145.87826669703986,299.7843658678215,628.2460844614557,973.3514728111895,22.808959166704852,262.6427512376845,351.67547040005053,10.022076146079376,585.5994963031134,6.049759766752202,7.79857368666188,0.15894749972390976,Low
52.39370277225193,181.64597178840688,184.83509171526453,461.0902489031171,827.0741680794731,118.8323855707162,162.6601131993761,558.232595970412,82.25641962894532,2463.084516108891,18.920497165549246,6.335383968197547,0.9383604291299198,Low
69.61066016033455,149.295526514473,323.10294045140694,368.6710014060353,390.08966200053453,9.306789063274435,31.700873386881696,181.29862645274437,84.0370199784548,2089.196701873691,17.414766441386018,2.2823447605995173,0.8615439625216946,Moderate
62.00380622715213,193.80326336335213,298.30306759344,326.75075428775074,664.6462361017433,12.244747477700745,232.3994555181233,299.8972401834409,72.78440512549258,43.0794176254119,15.825982628945233,7.432118471990024,0.9730621361413329,Low
91.05315045087902,132.99656404230927,274.385934848906,281.6817687816013,489.0268458644945,44.77411691810531,268.94561429457303,480.22694680424706,16.892283823085243,1544.0072939673569,39.92844014658899,1.4561562824101197,0.09037504283406605,Low
33.89952791674227,180.26508872345286,342.53523922817396,562.5960682679988,624.64450632284,77.12822713815169,295.0629991161928,340.54792332962086,62.67000587572416,643.4956905726998,2.6685644945549827,8.22732186889401,0.8588323247348505,Low
42.36604699203629,148.28367027365772,235.8428238554269,456.2282520063875,666.1820258556213,60.94122008393798,188.68544899032707,320.3072771269504,83.89186041444465,265.42043740486275,43.746623230380614,7.951901710908784,0.8135473716694149,Low
107.29131630399009,145.22867420137322,374.5033004943218,719.9231004706961,817.039565318487,6.72244660062109,171.65855366798618,357.3252328816593,45.07014880973491,1765.471408983788,0.3711071372911212,9.727130908525181,0.9070005713723375,Low
113.57478157804866,156.18446723173858,189.67818391918388,328.99329485561736,536.7730609172756,143.62373368064272,284.4644955708887,710.3965828279636,27.82006607982287,333.3558459235313,42.55173062774141,1.5452816680617154,0.5515469592768183,Moderate
107.10698729837694,220.15247092089362,388.03042274115296,504.1976224552768,696.3671364345407,142.93042805371255,160.29238456731278,556.5667552139234,62.88645675173236,1112.1332449266904,24.66213762773446,9.070799294425273,0.7984946172368897,Moderate
50.33375927487763,199.72288605311743,200.81278104226254,419.3615055567999,788.5573240248286,41.90344848611398,190.8621727112946,412.2393155866037,84.36759645707902,1582.252086275611,31.610035998005213,3.4439715040322927,0.0987225353755198,Moderate
93.6438603608258,168.45686112607373,399.61963747736894,688.5826728550269,1075.6904519382063,109.72884229028723,113.13237910431245,475.4199079805062,14.3982962836359,1388.4644166066967,8.420978236280545,4.18979565471335,0.12208390000978939,Moderate
57.160287996131856,103.65436523909845,131.78039854862132,459.65128088167194,763.1656080739454,86.78631170748356,168.03316409675512,452.35798218625763,63.72560954446622,2444.1846002653438,29.439519255747314,4.711028375723355,0.16260562890210883,Low
59.704782257532266,215.76687150144033,239.487929038334,520.5813872009975,531.9248082922212,35.621504250843614,268.6946482191354,439.1155757581694,67.88564158054078,1965.4278197406938,39.68809508374797,6.287695329365429,0.9190494201332976,Low
24.561613086874075,145.02990560202437,228.28181386508544,377.6177070806171,843.1288466161141,39.325732761242314,115.3370501701942,478.2742219178366,64.21303354134517,1936.612473438087,6.276606292514321,9.947895532674526,0.10811088191902643,Low
70.93563639102197,151.59102410197573,244.98259561174586,467.2025779709683,810.3192180191921,73.67297614656756,308.62963680762954,650.3792140408185,68.50303158133437,892.210508232173,5.718672552298048,6.01959009039957,0.1451420503641554,Moderate
22.336307730401753,110.15834288067609,163.73336096139576,463.4381253120367,480.5358502726311,62.88554122460402,125.41903051191508,434.96625160871605,66.82377768437391,25.946752749933538,13.679005911726275,9.270822857152051,0.9338898824980507,Low
39.78776388806325,76.5539281166146,222.83434334839578,394.54773425750454,803.9641838645634,43.684399234689636,122.32495935007276,431.30271987169806,21.736349648231414,1837.3552695283674,7.277665161392917,2.587530610742993,0.15202295274066427,Low
102.60362419439221,215.4280976060641,326.156622116555,401.99694741344246,502.1300247724405,121.12673944577233,278.2286135554107,619.719609718899,31.144309925402382,2499.3315503177027,4.979063164200619,4.014196035060738,0.8762684837891052,Moderate
24.849097105302626,89.42274900302257,97.96664626329442,157.36985017504998,446.9804449606034,72.21943764560774,262.62618084293143,454.89893716420056,65.70946047601092,1017.6683738203209,30.52435661933813,5.069770317913878,0.7998072486591721,Low
8.538994220811936,187.7551260221948,267.66814158601994,267.7233521883398,501.0405371634333,98.22720935836918,223.5741513595902,658.1120588934414,11.59238450230937,2463.868654898008,9.622197626062086,3.262874798377373,0.08826788910554655,Moderate
8.280911113537957,94.71394386067777,297.3221722539704,548.7054704974199,758.6248616749583,28.39102502518132,248.91994682372018,330.0738695719506,67.127006685092,358.5617332881943,30.01567047308938,9.769827674495085,0.0707550270451485,Low
112.89414246037295,200.3535515745033,372.7789352899705,411.66295838606715,856.5198184482659,80.026149377473,90.08625478012782,532.0289863997049,69.88479614065288,744.7983173336099,38.786815220211736,7.27055136127741,0.5576689643379136,Low
60.83045255542015,162.6837742893411,343.9014876843112,429.24517257789034,647.9258183591977,47.696407416993225,278.2451170755859,449.3860385915831,31.525728387549265,430.9636946974643,29.341115613585025,4.814869454216472,0.9973166335784289,Low
49.1294486180422,214.14552917941663,388.67476020029756,492.93147623327525,530.6035350198506,78.96204155923174,128.03899153308373,190.554799337395,63.83195467778257,1190.5640524524053,5.371518146193041,7.525481777037449,0.8848886520940372,Low
97.30542972095022,241.45268769570527,319.1959430414636,515.3288940893325,988.6482576968087,117.12387501163923,338.1835612828032,638.1972626223682,58.06810546513881,1993.4685967605149,25.810990832135026,4.701052865872379,0.3445241617027204,High
100.29911134926192,181.50252391287336,206.41850443206732,345.70355148558656,805.9711671054004,115.33698151368925,215.55277638528437,403.54611092048697,33.462239333780246,854.950920387195,17.71329078951979,0.22139200731086406,0.4169937724096332,Moderate
39.862923973872554,169.22879184897585,237.34558785724982,473.4814850653564,815.6978298561557,53.13310170514139,261.3223656729008,669.0722292246604,51.66766106872792,2266.041198193919,15.451692152512264,5.4547744077128435,0.418510696426196,Low
83.23416689685543,188.75655667739252,396.70288172368237,416.1764124887283,650.1226765547408,104.14156756194586,272.0579550128696,487.4506892772533,91.86620764709633,1364.3518812578138,14.333916088342448,6.270592926673955,0.747469875109764,Low
92.5347379022264,181.1608066684512,426.278506114219,469.6572241067728,516.0869605785334,141.19349255914156,185.1789006787071,519.460163459762,48.39425024138946,1166.2339122859837,41.82445007188405,9.813013816249688,0.3740761150292643,Low
78.55808242391454,113.17492152509763,236.63667521048797,411.3607014471313,806.7347607358694,93.85039948873596,323.36229195909806,477.49128671151084,66.68597591915514,1968.6544262772145,33.412835550497746,0.45588884019314596,0.19040720830649766,Moderate
18.191408976011925,101.69993639789229,104.12502512865284,222.06270087504328,259.8016580870578,22.26151850739557,83.64086612951048,188.3670536421805,13.181573893662478,258.1015251192525,6.023195531113275,5.145364726678581,0.7597520381543729,Low
105.10597002204685,149.35331568611028,184.36451871966753,287.89919568264344,322.19968813021626,101.95629439186428,162.99132406561404,357.0158395400259,17.00201019898889,1935.5124156706333,21.420246587960868,1.0266398292482,0.4851148373328494,Low
64.69134632832105,229.3629333016189,309.88307713068536,333.3429047938183,602.0348260135024,15.735657952396698,219.28038211174183,522.6842994129586,17.317726597298662,611.1652404312026,14.320038386426381,1.5325092206310562,0.12293978750214364,Moderate
33.896691164400444,94.26991759374289,238.91625474198034,552.4179659037809,632.482085996101,130.8165613189541,157.28487521208433,485.75824481776027,80.0416687263801,705.6273052221777,44.00722406456812,6.124110222736336,0.8005496550674578,Low
51.02738225252327,222.43490486853028,241.20831631985877,483.34482146362654,487.20995513380103,77.49907437029104,133.0080509629061,422.1113836119153,41.52312053231074,1500.6371644335993,44.011303782892625,2.3540987370516477,0.6060457007527178,Low
4.508530847868886,100.4584830649169,336.2978077423873,378.86416262926457,590.4208781271577,57.77111044673693,183.69050380200252,677.718363114057,30.485051952923204,2255.326390490282,14.379051344986573,7.504282407385493,0.5149008590053451,Low
15.344016146690107,129.02200430839895,220.29292262949912,243.05900783749834,311.66762364253134,8.550989197453857,216.17024636910992,561.7153396166925,77.25921116065504,1448.1253396783077,15.845090226545462,5.166276991322963,0.6896760087899159,Low
91.8656100619033,189.59489006998228,417.740944551188,758.9463312521231,839.2040388924687,57.117560188816455,93.98855387313333,559.7483676715922,25.296405630055702,1624.1286252422449,26.973639321144553,2.221218207399085,0.5300992986793479,High
0.0013961706439369337,23.289907224650097,218.42035791390555,456.83075056773225,495.2860699353996,135.4810001873684,272.398058815455,331.36465626304226,32.18432725632526,1942.603501065159,21.568815644737505,4.963227192130597,0.6659991405890743,Low
49.98789941787506,117.63571883930445,306.4950369681997,452.60466185100927,555.1515387128143,3.1474494429454767,180.95759739368037,211.64406230041982,48.783829894301874,652.0152736862544,9.589539247129863,0.058773182735801136,0.8741141180970555,Moderate
62.70122173027061,80.54752194024292,232.22741688580092,477.83328115032566,835.5753710375204,71.19722366727073,286.34602984625855,441.8433808522354,39.829426211315194,2068.9480136463358,29.71854751448751,8.634263434395518,0.6328386497055691,Low
6.556130400116675,118.68785835312538,275.3838126160865,540.0999378841423,944.563591493038,139.67371366659336,373.56510371714825,441.8595729053602,62.685298993297984,1047.8105719225387,15.03578897438573,0.17614985170483988,0.6766204729615611,Moderate
116.76937955667994,197.20673469275894,356.707543496821,629.6943143328938,855.9611363475441,59.22614996475316,255.38612858198627,518.32039269612,40.40565571673629,443.26095526045043,29.417242424947542,0.11974843029721621,0.633163265949641,High
27.135039749960633,167.17233463272927,324.35268138912477,491.60973836769494,744.8866463084038,64.22635311932255,227.433452674823,486.92407943646236,45.36564722730027,878.5446082555068,17.265668504750987,6.134464234637488,0.5546207887516318,Low
36.503846356353705,76.18853293624028,214.6205907858306,365.0795561295274,381.4070734266287,86.78400827986799,195.18902960805946,482.7126128300345,87.65979474245373,619.0971237369722,31.509445223532225,9.736533211611325,0.21337379042669796,Low
36.47310147060328,66.09499198788356,312.69849660860575,316.55832610272086,351.2164567883793,69.44060003657752,97.46813858368243,470.0820789992188,89.60782956652022,575.6404448134365,30.050976190034273,8.566538169322088,0.3688937613809221,Low
27.64999945408199,100.7898010275602,283.8624428839842,608.1574331836275,736.941296008386,25.290253685632862,202.72455181701315,688.3894019231732,84.49400717320667,709.9951808043195,22.896574016445033,2.5575881802650433,0.7084535189902161,Moderate
0.17685865035736992,166.96222762966596,361.19882472779625,572.3565821639263,844.3057925205001,2.7833308604790608,250.96765697935078,690.097002698924,87.83478394341694,456.4223827815133,31.713299581987386,2.0068347709194723,0.45420230136668827,High
87.52137529055956,215.39730199279367,433.5130057637122,504.6168837802011,874.3924581476975,91.47174869680525,275.66189737983024,334.84551716762104,61.27558024052053,1670.915883921194,20.743455430440687,6.279816197302881,0.43582256131547203,Moderate
116.02145997591424,191.42771243863962,245.33765312010192,567.1988499176048,869.7003805866213,138.12098805117182,142.2987614856034,311.555605870932,68.16098932762455,1452.0794338026174,5.226223484255531,8.23524558286967,0.77130581992403,Low
26.915217994205406,120.02420854998131,140.9752483237465,461.2014139433502,657.2653414367443,15.954619954074845,140.01961446453453,267.9311269885555,60.145584989944645,1622.862522993654,8.19478140018096,3.6526827754552955,0.055290417592478186,Moderate
79.5656630164107,94.7240050282884,215.44761417793808,561.6620717060716,620.8241082076407,31.642907887913008,185.30456600863897,273.7132448985354,80.7029275647628,862.5931859512602,11.069691037452579,4.3519281741524045,0.6950447562330716,Moderate
89.02755923504581,266.25122058274616,394.7713944875644,700.691191586207,1091.0778090298018,55.534422873746024,227.9529731494568,500.3154114773491,59.590043718529984,1925.4848394222406,2.8453017701563468,1.1991206610936243,0.5147651849655145,High
101.81104549086297,221.76436033594837,429.0598053234278,778.2843410604505,960.1773668599791,121.31133435316795,301.2427932533451,577.8749942697104,19.996926809570247,328.37380868064105,32.012154928380156,1.5706228914908236,0.40792445218403445,High
50.71550364163309,102.08823596504914,213.03413078563307,298.6742966287785,666.7013038701733,40.38904747064664,179.91615777477764,293.5385717188083,82.86221084111739,1429.9860901060936,16.532560207422826,5.705098370508907,0.3735097809949101,Low
36.35170867685151,141.7972196355955,284.51047602167364,579.2978308414056,835.7872517985766,132.30816064181528,188.14824382537535,544.096868978718,78.45266536097827,692.2551657549524,4.208548334714878,1.0714286501969477,0.2142317205494111,High
39.03541608276373,58.74224197518265,190.50997660354724,478.56988468206487,847.9009114629775,8.24368119750996,243.79384656664664,610.2509961513992,83.82705357543628,1321.3867022405404,36.89811543265111,2.0603589417192145,0.3675394786111729,Moderate
85.51455997182154,259.3651603571866,268.91585629653434,349.7449820237912,803.3897627500771,141.14349318884024,315.3101101047557,325.8001075217224,27.138651705078566,812.4747522243968,30.76444280086087,2.385036388918246,0.4218475485048542,Moderate
98.01353598067632,129.4748337996822,283.2785579489107,317.73170009925747,778.2464581261585,84.11206168106473,143.3220708984171,341.2009227595754,34.445534744347036,1977.3268539027817,20.35009067074654,4.467049105475621,0.4655764734535931,Low
21.79367613079232,138.43913338073088,345.44995482429397,688.2471346114538,955.8005246117555,98.81665177315568,179.39710984072389,624.4674304415344,36.6176527537177,2228.723237901046,11.13414007917304,0.5038390430301803,0.6886856067436512,High
44.512920978931824,88.6947242359393,128.06986125489027,231.67845428710388,487.4326366699232,55.153428380452965,285.63534603804544,545.7946501599646,55.727248256710624,1857.7401523122198,6.828565220678104,5.022721168344739,0.4808924684518546,Low
108.232823609898,237.39387248663445,385.97680596828343,690.7889326320155,823.6281653834342,117.29914282665905,339.17043950349296,512.9843402229901,22.04893757471138,443.08136355887075,20.62683862897779,9.29031034362111,0.8064700890121831,Low
96.8032223633687,236.6310684666193,385.0337045782229,386.4782087143343,854.37812447898,24.98493751266091,126.2715471021833,253.1096228997484,44.68435779473806,690.792911478964,39.83605843547531,0.29341342813477245,0.6577510975094557,High
118.18300833149709,239.39855953555497,280.44480054964464,287.8034830765054,516.7630666763159,7.336773791773055,16.9135792896358,138.59083924877694,26.394234497112663,2298.7983734684476,8.477789547238647,6.32829940881428,0.23011722551938485,Low
90.50979116184969,201.11969400778435,231.98558744046835,395.0405454841973,458.83616512788586,59.32754146613357,71.45188368961811,121.33590061502129,33.828644172946284,1095.8642185072122,25.589665304616958,8.366631533257847,0.31331451413198774,Low
47.183424123350676,207.82786103471278,452.840846778834,536.3909861561062,752.7434434693812,128.05435709715593,199.0339298267532,607.6471393732993,73.57488711025846,2353.2451213264208,43.27586978500152,3.1589853833643122,0.12528672711931618,High
70.87654007935653,85.02934805751298,183.45914047077235,424.9035896733599,488.4302147923619,113.2390254956542,270.5195803304041,313.8482830274897,86.9330040685553,984.1669637113556,28.67024586440758,1.3586095229412876,0.9484356671771561,Moderate
79.32171050967844,138.88636835011357,195.74180053099587,393.6893144797799,644.9551566083175,77.5733955733437,223.62205440698418,369.7694373378921,12.061527993746548,2379.677778173706,19.798412857014075,0.4812308867121673,0.8922229571678033,Low
9.414697958054873,54.10644429160715,96.93758040520089,124.0576095128729,404.695366940979,85.82066207480302,244.2776088107887,267.1154780939653,60.930726701950036,2314.7187743946606,32.23678378225088,6.456835441386234,0.13055641417839026,Low
65.33963509246381,243.1821482642397,410.08257666004846,467.00248037054945,635.8803611173421,19.483923944813313,198.80466692783997,589.4979517896902,13.245378585604042,1653.0145905166075,37.10600635584179,5.5447320832792295,0.5953722150550871,Low
85.11849941671315,155.20865975675036,307.5699840885701,443.3872286090151,479.21253572475746,126.10222629263733,130.86028969082193,150.50213080421716,17.672432051039525,27.023485911449587,26.573233404907896,2.3314851345003755,0.9623817279177777,Moderate
20.078556480127247,151.948842343399,312.8368730902534,377.798295474655,849.5500632912745,118.04395244462954,144.31535123774026,298.4659031718445,73.4575631152698,1003.8350315299626,39.23245615468467,8.324592210935894,0.7597856504488479,Low
93.67580609106686,216.9263355896477,238.92784246751074,516.2056640028857,902.8822207446005,98.47055908304141,188.3414220398446,474.9901070831766,76.20472958519049,2278.5316485905114,23.156629171908193,7.368288203915816,0.517221584272139,Low
70.0527336616934,108.22735640762139,331.61100228223063,477.23558472587865,896.6761249784391,69.92865544934077,108.6436548297362,313.4243349764581,83.2582605855519,2213.350171324746,37.35130509928155,2.8004664106184918,0.27904783946130307,Moderate
114.26661428371136,157.2861967217906,254.60279592405266,287.3039493189274,470.7381464620421,144.66889024192687,163.4989008780654,304.6344345026156,52.68173605932744,472.5325612398036,42.84086581825628,7.545962077503106,0.3150852213272308,Low
5.0906757848270034,55.721897224373144,134.06424883196263,303.5842646272063,683.9997796369316,131.85479578147067,292.09589478080363,429.69043099457446,87.38267338145694,1000.960327442911,22.555956016058268,2.4876924243326863,0.7494260569377926,Moderate
31.839136506656036,105.84204659334429,221.4324084052791,253.22577177677405,495.91221936137117,96.66457402719278,300.4986933999675,699.3938464030922,25.01544624774619,2089.597270059282,27.225077201339634,6.7689112455702904,0.7915465095816544,Low
72.18646551597888,114.36497733307371,211.88149376998078,257.00955066691677,357.55129486993974,55.77014965759319,243.9268140161638,730.9158615597863,32.47447722715024,1446.8052438588857,27.426039432742574,1.2295231586851,0.552258658133861,Low
35.587189464711685,39.12445635914429,255.01870714393075,338.8821483538026,401.0938368074093,92.70334180222686,296.96328645452166,470.9838216789184,22.105193284177417,2119.0115874482703,35.16456886192308,6.937782660165411,0.16490126644086955,Low
85.73089968854906,244.02164991384427,476.3368937133173,777.1715905499387,949.6970252109672,86.3161389795998,252.7802749940691,272.3530317985774,81.77835345236889,2067.285624199165,37.03346280798402,2.4258054688734894,0.9371749549452648,Moderate
91.08063390263172,264.89040355119084,340.7537076635924,664.3680939801326,733.1441497177025,59.13629817523746,242.97262862878802,261.2555175833422,30.580760654795704,2269.167607346445,1.2253192292727326,5.746070074705054,0.8525245978383982,Low
12.301915687976933,73.78458535365917,289.7685372186479,578.9587424848721,1078.0932305869064,46.001095753211416,113.94578930528675,493.5524969106458,23.99601184824661,297.46536754548134,33.00118038406745,1.7660154751762311,0.1835118400760517,Moderate
61.66253570481213,122.59377400139724,317.974556384664,434.9015824809106,459.4960775969216,61.05161883559836,309.30362790663946,585.4885387112029,66.07996188292506,367.3117779265216,35.271686008360696,7.273371128301125,0.10389120444740961,Low
61.06686667092671,62.34339297031349,295.0453110565039,390.401565444595,610.9733651291333,86.08671090500968,131.87812452848146,523.6744532371467,16.937382372460696,211.608527277786,31.51932477562066,0.6557517652108643,0.559074298612247,Moderate
44.31369242586493,166.75881632533225,228.19639437180422,420.40088614838794,646.44764734358,64.22022670666416,117.8436953040098,466.59220044829715,14.041024949815528,2338.4957585331017,32.116304669539325,1.695906978687052,0.3199354868430497,Low
111.95098350836065,260.5301647431138,404.76995227335857,657.4185584599479,807.7345227507857,39.53617323020758,111.7666311841693,565.5198058168676,19.604588369721302,1190.5301490228435,1.8631286632921251,1.882157974714823,0.31908722394383954,Moderate
99.30075838478655,125.69025244958712,194.32639863469828,542.0068744907595,827.6826573442322,114.1444976641213,357.977605190766,800.8897507140778,10.021679558845083,165.49158228870812,19.89173978770077,0.4613686792472856,0.13286051311289115,High
83.66512582915641,112.40506871524354,318.4286913363371,364.47844049396133,439.4669525697337,79.72012439361194,326.79227173208847,720.9559695426772,72.72911387996132,807.2171067725329,36.81808423747833,7.462874535794444,0.9557165435078181,Low
85.71919628819971,227.93418128305848,229.26522892582454,246.5174285841561,638.4736188777729,10.151274483839995,208.87471191046436,446.4692919315362,60.60117895430308,881.7745396192672,42.030321358279664,9.81047742216233,0.8386581366768524,Low
55.405937257574294,166.33827196132034,307.5430626829194,550.5676238312642,716.7914829550833,55.24747584391883,212.51187548382725,366.5750792857535,28.88875981339515,2024.8517595745093,10.326056425737065,7.795057994696239,0.158142862282121,Low
110.5193425315891,118.59424290457817,203.39510072255766,494.6741249489246,790.3454198482455,132.73701858179902,262.75266237795233,516.2660561002723,30.97044531798363,1840.0148459664526,26.063772315875777,8.613288023117835,0.8827688292682887,Low
83.35145127039425,195.40990955360496,276.08083632306,572.3029092763081,930.1225273097878,113.28547967999279,355.9406911017042,606.976494761616,82.98717386230356,1725.0206886586097,36.19486077977626,0.10977622036585769,0.6988082531649802,High
87.47772739869798,143.08291751057587,304.3094984768051,541.7717406538113,986.2927994988919,48.48701759160106,222.39271830616292,527.5304927508317,55.16381042742704,59.54956371548994,33.85834392866336,1.2228061395572027,0.3591690752371782,High
103.40290845448143,169.7734364392337,382.6445487677322,716.5500802094477,1134.4437984355477,140.72747280667636,376.91000488818395,469.958788779636,72.86755213735657,2277.186012083815,27.85005526410356,5.61225237598388,0.8776880266943752,Moderate
32.88859072106292,171.44024601450135,323.7390938628329,502.5907611034383,806.7452751552181,11.490436253731524,90.6281361231375,418.4380763456319,50.7479906147424,542.8103909547752,0.8411034717900101,9.779795403701966,0.6181210783928605,Low
96.84850846400435,242.81684314507424,456.1100878067549,775.9452672244292,970.1418574163727,144.18520558382835,227.62890365121976,455.9293657541276,31.394622341871305,1574.508204708231,32.574862805020466,6.624093663929625,0.8562363521176668,Moderate
23.428872354779045,95.49306518594857,161.64234315620604,500.3765911032391,751.9789261407211,36.855763872701345,250.53691240231024,560.6393283727398,97.33625206146162,159.23851231349082,34.79591264754667,3.7726601026938726,0.49580452826288973,Moderate
41.44103426938654,211.9285627505304,341.8040264417757,638.3091363928634,1022.6765330822647,1.3641270453628895,38.82785719168648,158.63026865145932,60.90828070378577,208.407599220776,32.52822779815357,1.5041855895405192,0.5256184881537361,High
40.27325451238112,113.43654374375413,226.07067851052312,334.48617565104036,773.2589469307768,65.07120547774902,301.553170801768,518.7506177404455,21.788371339112118,28.89535384465476,34.461412267048054,1.5707151591073751,0.3264595279404083,Moderate
117.42305620669687,256.35354254811665,259.2647674238907,327.94024533349403,379.83120942182995,53.845564453051296,180.71415311890317,285.81476034516334,46.54810379655161,1416.9894731406,19.391170170548712,3.659394363051998,0.4183080573474728,Low
102.78446684975123,189.88237447131786,329.0854102565029,520.9274330001393,713.3555642466661,80.86335078101908,312.4668204269435,750.1193988053444,39.640367075221064,1575.3022756941773,44.71884656664259,7.152411463572872,0.5893644656718103,Low
84.14038339083118,245.6962021648063,411.07728320135004,569.632445834416,957.6907450411663,119.51592908547681,203.71412626693007,447.69464878769884,29.26787217296692,130.90344656690576,34.68541121426965,0.366601945697861,0.9497062625231865,High
87.24681139384681,250.64383525087896,398.62243635564647,705.8378561231029,921.6637374200834,126.36462032256706,305.3543463574163,417.8450541443224,94.00959903162335,729.759787486277,26.04060023759935,8.529167035043303,0.6201118719697281,Moderate
67.44873532830853,83.18376074510363,267.25373544095896,302.2648203144628,468.3787023476047,60.18449994175377,180.9032804349262,201.50762830569934,89.28279959137772,2129.3787633741517,42.038607138598074,9.418436785113567,0.19000928219137392,Low
113.65088005302229,282.2196796888629,425.0545618021322,515.2635832611637,720.9249316727985,64.47686155595252,221.1777691173208,559.0471014440917,27.923240486810478,257.7643752231707,40.86892527561083,8.89372378228177,0.05664637620266239,Low
59.55105034588338,208.14732181955821,224.83488553224745,487.9645161137954,789.3868895069709,22.22665954942105,148.3197828342091,255.64213982908694,41.693310014996506,545.2851755605615,36.655517940041925,9.134617748499085,0.858438462733246,Low
45.66212518438734,188.0980537606674,217.20943478184526,250.4547605239045,750.3573325908053,7.132141332174524,248.91104567501486,743.7021418344041,78.60838525037394,1063.8560651387056,25.366271354269486,0.2026258302117242,0.39610915219784537,Moderate
19.56424043179092,55.72828157518496,204.84692596117304,317.1144708687681,563.610685421034,96.1822485352537,269.208597988733,536.0587846963188,28.76554433261941,2106.4738860696243,23.719545861602107,9.779033543701463,0.3492176426578412,Low
94.34467827132696,239.26613584716665,308.0109338405767,443.5153217594708,547.7625592366011,9.665643832903841,72.4953859894827,216.98388411349873,63.240837634382004,640.8483909156346,14.791856938853433,3.6952532931589706,0.8106945667952629,Moderate
88.13327184907098,241.1571640923776,261.06844635106904,478.97627514801053,560.3995627875579,110.07451791321839,337.4937483894895,666.3324652858047,72.98145479123349,2492.8568533315383,11.289509059677677,8.699347127733489,0.9480960841353436,Low
46.12260462289618,98.16966482464335,205.57035068678005,260.91677668855766,282.09165042676483,80.86352175333712,154.37095629211322,291.980918011156,68.85750931396898,891.3782237806282,23.056178263878895,1.9087482634611608,0.7606428339343586,Low
3.0232096751075233,174.4300237803258,313.01067330123965,614.2222449236381,893.6308623827988,29.78744673391251,122.68872155912658,532.8258685139998,73.57677762479506,969.1894029166396,26.00017927703882,4.492931139489256,0.21515494726586065,Moderate
100.67967932616129,109.65450567801085,191.8410027654125,348.48078517860847,620.7668309230255,80.92844152689744,106.4593660319508,260.57739149692173,73.60296301258867,309.65497955583186,11.00368941564805,0.4894356668085676,0.4218093789114901,High
1.370158014488836,28.353823598973975,208.46224915541848,529.4198483136132,632.0368117037679,27.449657490314827,252.44128743936253,746.5651536373172,96.83253278640356,1702.0937626370442,41.517055964406545,0.44875616858613115,0.7714286248130036,Moderate
84.44397355548611,181.20857840475867,342.15123043006986,505.90570020194593,853.5704034282294,65.8105811265618,137.33858693352755,439.91097965617433,41.184900056828766,612.4456310472816,25.077329853044333,9.4355972026579,0.9115795239370447,Low
116.43085316712684,220.07349796914258,303.27808824206056,399.5421788713172,770.0956996861576,119.93404743633434,184.66345191917992,606.8690263905116,89.07313819382556,1574.0246502611406,23.692739642196596,8.11553579466394,0.9986700607521771,Low
52.51935937778442,168.64637437194702,357.3645065990872,407.0045966397734,536.553699330829,69.28789401159561,299.3535435103341,335.7612782995452,11.96263562635961,561.7785323653018,19.60372747647631,5.321769141917243,0.5359828617812765,Low
28.19680859951433,31.251251876298294,193.42501250955715,194.73579565850685,366.7856776733751,22.304897744632235,223.68661334589058,397.8363220389847,35.93826669909549,972.7413067300375,2.6132083072587244,5.278308826967151,0.8313985774248523,Low
84.5845212052058,257.45054063718925,416.81188531666476,603.0670050613572,1098.3028412349856,108.57430227344177,143.84403265328538,512.5875757363602,14.37902037992184,2142.3968694262717,39.70806005069321,7.500108453838053,0.09430006063851487,Low
98.05537704187022,106.08123373401614,244.43815893078315,281.9430028552064,469.0752367805735,28.015262440501328,220.3463884164215,547.8758970867128,68.60835639602561,1848.5702491278048,14.26474018993634,3.4496043766263758,0.32153351226721955,Moderate
65.57163792934168,91.32278941955411,94.17020644169232,231.27492371260468,611.6757595906556,110.78248115551642,339.0407556689641,436.162316385843,19.07113336584576,390.70429535959,28.91071505107325,7.630599294826422,0.4029377331801148,Low
116.04423303073754,118.5668461854278,292.6936420546501,498.9387584876305,725.3014718026004,71.902843382375,91.53064793506098,269.6321131899159,86.11361772868416,1521.2318775983829,27.334510153651593,4.875833380933059,0.9767476530177993,Low
6.200246598955332,108.23476459189237,202.2452123691815,298.7352762851266,695.4076902156146,68.06126386414523,274.3650125902885,406.0867163340589,68.19325154112337,1573.4584259261544,26.301907142303705,6.397278158969075,0.05322396580411752,Low
60.575471796543376,228.3835109023184,464.0359384419823,525.3644407701227,909.8760601614466,127.71525567862122,264.5702686468852,571.2553535278067,12.593386094824513,230.96834138714328,23.657049090521284,9.65005302852632,0.3426197008744634,Low
86.21447367870601,206.08496357318955,410.5811563424909,681.7337242557605,1015.6117368550283,106.29052865110032,273.5898909958005,445.874005725188,74.32996288911608,1167.1851075681598,8.164792504409764,4.739589797326602,0.9338916466322587,High
103.51685653790148,251.5952008643784,398.51881824720647,729.8957285457736,1157.2849016935634,4.936619543240889,128.15020426947513,282.67732526965005,87.58314525312649,655.3676471906817,12.627258347158449,4.213126364477178,0.3413443232918107,High
21.510673428934805,23.90129005147922,86.94678550629658,122.10093175798468,591.7101791968273,44.42614719024036,218.87691841656002,322.5659086347309,69.50089068959345,1170.48970619489,23.588463207163503,9.062204280716518,0.263813427523848,Low
96.00041781164177,193.56317153799245,244.4925198574091,298.94913339216185,588.9407936182038,130.6380991274848,139.1625645441731,343.67612500149727,12.747179434152898,1943.7921233505733,35.52041032186167,9.030675924417622,0.7435840858641843,Low
66.32484908622543,149.04618503721935,234.1423944566066,570.1468244950581,688.881278106431,2.748925281779796,193.42560608760073,291.1769011858775,87.21275936143658,399.85760172674765,19.43950367926884,9.924566083737599,0.7580719483498721,Low
47.58644183879559,137.40067179853833,256.542657693543,269.7671353278292,469.0816161498667,81.78801693929556,90.12394140403516,571.4087350928513,75.92175216406315,312.64399294216923,9.176514887075887,5.531086843117675,0.49856898851513304,Moderate
15.805803429491228,28.804176789825057,102.82055429956182,444.9918720922271,824.1447288488737,109.17385037609158,222.99881231292744,300.24971806057914,44.060618123558584,676.9446552889035,3.9574991162441684,3.475402333214697,0.9495715963721522,Low
103.83549106906949,227.03385606154484,355.7662299096655,357.3917989894116,682.8335415513463,93.27841282268638,131.0196611052601,587.6720185846483,39.57672324839524,2380.927248614725,29.83549515723109,2.4418811286181508,0.24257172556474976,Moderate
18.872784981565843,109.45245965612004,150.79506603441652,456.57909551238254,545.4782647950069,114.07983031566546,319.97339965349227,534.2099487317832,53.18381632666961,1870.8214069064911,19.050298677952405,0.38925875166903484,0.9177450422806176,Low
37.17454310509191,174.90133608011942,419.3295392864944,526.8933526322068,552.5131232054191,108.85377733721187,187.269004631129,376.20200041199007,88.03915758440839,53.542377722293736,5.641690168018886,7.28094981089831,0.7677326726990309,Moderate
34.805463835492425,122.1577779666012,149.13891670784966,477.6450170699035,819.125813840936,103.804604272967,217.3279904240501,332.9878908764745,32.68534166826018,1005.5070819960247,30.35100959941427,2.3730879286676942,0.399797923811345,Low
104.56968410290251,131.45837862366028,364.4444135372533,475.3752645597082,600.9147765743809,123.23097913884781,230.41866446342573,548.2968316471853,19.0867430117081,647.207957805561,9.341042888446793,6.08607680799529,0.8165631887372052,Low
